found,new,title,topics,type,publisher,level,state,website,link,rights,on_amazon,amazon_editions,amazon_best_rank,amazon_link,book_score,found_on,rights_note
2026-09-27,yes,15-15_Unified Action Partners’ Quick Reference Guide Handbook (Sep 15) (Public).,,pdf,Army Department,federal,,army.mil,https://api.army.mil/e2/c/downloads/2023/01/19/7a8b55f7/15-15-unified-action-partners-quick-reference-guide-handbook-sep-15-public.pdf,likely_public_domain,not checked,,,https://www.amazon.com/s?k=15-15_Unified+Action+Partners%E2%80%99+Quick+Reference+Guide+Handbook+%28Sep+15%29+%28Public%29.&i=stripbooks,5,https://www.army.mil/call,"US federal government work: not protected by copyright in the US (17 U.S.C. 105). Contractor- or grantee-written parts and third-party photos or text inside it can still be copyrighted, and the US may claim copyright in other countries, which matters when choosing sales territories."
2026-09-27,yes,15-02_Leaders Guide to Team Building Handbook (Jan 15) (Public).,,pdf,Army Department,federal,,army.mil,https://api.army.mil/e2/c/downloads/2023/01/19/013fc62d/15-02-leaders-guide-to-team-building-handbook-jan-15-public.pdf,likely_public_domain,not checked,,,https://www.amazon.com/s?k=15-02_Leaders+Guide+to+Team+Building+Handbook+%28Jan+15%29+%28Public%29.&i=stripbooks,5,https://www.army.mil/call,"US federal government work: not protected by copyright in the US (17 U.S.C. 105). Contractor- or grantee-written parts and third-party photos or text inside it can still be copyrighted, and the US may claim copyright in other countries, which matters when choosing sales territories."
2026-09-27,yes,16-18_Multinational interoperability Reference Guide Handbook (Jul 16) (Public),,pdf,Army Department,federal,,army.mil,https://api.army.mil/e2/c/downloads/2024/10/21/f6ec8d7b/16-18-multinational-interoperability-reference-guide-handbook-jul-16-public.pdf,likely_public_domain,not checked,,,https://www.amazon.com/s?k=16-18_Multinational+interoperability+Reference+Guide+Handbook+%28Jul+16%29+%28Public%29&i=stripbooks,5,https://www.army.mil/call,"US federal government work: not protected by copyright in the US (17 U.S.C. 105). Contractor- or grantee-written parts and third-party photos or text inside it can still be copyrighted, and the US may claim copyright in other countries, which matters when choosing sales territories."
2026-09-27,yes,18-16_Maneuver Leader's Guide to Stinger Handbook (Apr 18) (Public).,,pdf,Army Department,federal,,army.mil,https://api.army.mil/e2/c/downloads/2023/01/19/18849503/18-16-maneuver-leader-s-guide-to-stinger-handbook-apr-18-public.pdf,likely_public_domain,not checked,,,https://www.amazon.com/s?k=18-16_Maneuver+Leader%27s+Guide+to+Stinger+Handbook+%28Apr+18%29+%28Public%29.&i=stripbooks,5,https://www.army.mil/call,"US federal government work: not protected by copyright in the US (17 U.S.C. 105). Contractor- or grantee-written parts and third-party photos or text inside it can still be copyrighted, and the US may claim copyright in other countries, which matters when choosing sales territories."
2026-09-27,yes,18-06_Leader’s Guide to Digital Liaison Detachment Handbook (Dec 17) (Public).,,pdf,Army Department,federal,,army.mil,https://api.army.mil/e2/c/downloads/2023/01/19/38663863/18-06-leader-s-guide-to-digital-liaison-detachment-handbook-dec-17-public.pdf,likely_public_domain,not checked,,,https://www.amazon.com/s?k=18-06_Leader%E2%80%99s+Guide+to+Digital+Liaison+Detachment+Handbook+%28Dec+17%29+%28Public%29.&i=stripbooks,5,https://www.army.mil/call,"US federal government work: not protected by copyright in the US (17 U.S.C. 105). Contractor- or grantee-written parts and third-party photos or text inside it can still be copyrighted, and the US may claim copyright in other countries, which matters when choosing sales territories."
2026-09-27,yes,19-18_Commander and Staff Guide to Rehearsals A No-Fail Approach Handbook (Jul 19) (Public).,,pdf,Army Department,federal,,army.mil,https://api.army.mil/e2/c/downloads/2023/01/19/48e6a637/19-18-commander-and-staff-guide-to-rehearsals-a-no-fail-approach-handbook-jul-19-public.pdf,likely_public_domain,not checked,,,https://www.amazon.com/s?k=19-18_Commander+and+Staff+Guide+to+Rehearsals+A+No-Fail+Approach+Handbook+%28Jul+19%29&i=stripbooks,5,https://www.army.mil/call,"US federal government work: not protected by copyright in the US (17 U.S.C. 105). Contractor- or grantee-written parts and third-party photos or text inside it can still be copyrighted, and the US may claim copyright in other countries, which matters when choosing sales territories."
2026-09-27,yes,19-16_Commander and Staff Guide to the Battlefield Coordination Detachment Handbook (May 19) (Public).,,pdf,Army Department,federal,,army.mil,https://api.army.mil/e2/c/downloads/2023/01/19/61da0bba/19-16-commander-and-staff-guide-to-the-battlefield-coordination-detachment-handbook-may-19-public.pdf,likely_public_domain,not checked,,,https://www.amazon.com/s?k=19-16_Commander+and+Staff+Guide+to+the+Battlefield+Coordination+Detachment+Handbook+%28May+19%29&i=stripbooks,5,https://www.army.mil/call,"US federal government work: not protected by copyright in the US (17 U.S.C. 105). Contractor- or grantee-written parts and third-party photos or text inside it can still be copyrighted, and the US may claim copyright in other countries, which matters when choosing sales territories."
2026-09-27,yes,16-26_Permanent Executive Secretariat Conference of American Armies Volume I A Cycle Guide Bulletin (Aug 16) (Public).,,pdf,Army Department,federal,,army.mil,https://api.army.mil/e2/c/downloads/2023/01/19/e44a7b79/16-26-permanent-executive-secretariat-conference-of-american-armies-volume-i-a-cycle-guide-bulletin-aug-16-public.pdf,likely_public_domain,not checked,,,https://www.amazon.com/s?k=16-26_Permanent+Executive+Secretariat+Conference+of+American+Armies+Volume+I+A+Cycle+Guide&i=stripbooks,4,https://www.army.mil/call,"US federal government work: not protected by copyright in the US (17 U.S.C. 105). Contractor- or grantee-written parts and third-party photos or text inside it can still be copyrighted, and the US may claim copyright in other countries, which matters when choosing sales territories."
2026-09-27,yes,"25-987, Multi-Domain Operations Range Guide for Company Grade through Field Grade Leaders (May 25)",,pdf,Army Department,federal,,army.mil,https://api.army.mil/e2/c/downloads/2025/05/06/fdd320b3/no-25-987-multi-domain-operations-range-guide-for-company-grade-through-field-grade-leaders-apr-25.pdf,likely_public_domain,not checked,,,https://www.amazon.com/s?k=25-987%2C+Multi-Domain+Operations+Range+Guide+for+Company+Grade+through+Field+Grade+Leaders&i=stripbooks,4,https://www.army.mil/call,"US federal government work: not protected by copyright in the US (17 U.S.C. 105). Contractor- or grantee-written parts and third-party photos or text inside it can still be copyrighted, and the US may claim copyright in other countries, which matters when choosing sales territories."
2026-09-27,yes,15-12_The Brigade Engineer Battalion - A Leader’s Guide (Jun 15) (Public).,,pdf,Army Department,federal,,army.mil,https://api.army.mil/e2/c/downloads/2023/01/19/f6eb6c5a/15-12-the-brigade-engineer-battalion-a-leader-s-guide-jun-15-public.pdf,likely_public_domain,not checked,,,https://www.amazon.com/s?k=15-12_The+Brigade+Engineer+Battalion+-+A+Leader%E2%80%99s+Guide+%28Jun+15%29+%28Public%29.&i=stripbooks,3,https://www.army.mil/call,"US federal government work: not protected by copyright in the US (17 U.S.C. 105). Contractor- or grantee-written parts and third-party photos or text inside it can still be copyrighted, and the US may claim copyright in other countries, which matters when choosing sales territories."
2026-09-27,yes,15-11_CALL Services Handbook (Jun 15) (Public).,,pdf,Army Department,federal,,army.mil,https://api.army.mil/e2/c/downloads/2023/01/19/ab6f3bd5/15-11-call-services-handbook-jun-15-public.pdf,likely_public_domain,not checked,,,https://www.amazon.com/s?k=15-11_CALL+Services+Handbook+%28Jun+15%29+%28Public%29.&i=stripbooks,3,https://www.army.mil/call,"US federal government work: not protected by copyright in the US (17 U.S.C. 105). Contractor- or grantee-written parts and third-party photos or text inside it can still be copyrighted, and the US may claim copyright in other countries, which matters when choosing sales territories."
2026-09-27,yes,15-06_MDMP Lessons and Best Practices Handbook (Mar 15) (Public).,,pdf,Army Department,federal,,army.mil,https://api.army.mil/e2/c/downloads/2023/01/19/5764f2bd/15-06-mdmp-lessons-and-best-practices-handbook-mar-15-public.pdf,likely_public_domain,not checked,,,https://www.amazon.com/s?k=15-06_MDMP+Lessons+and+Best+Practices+Handbook+%28Mar+15%29+%28Public%29.&i=stripbooks,3,https://www.army.mil/call,"US federal government work: not protected by copyright in the US (17 U.S.C. 105). Contractor- or grantee-written parts and third-party photos or text inside it can still be copyrighted, and the US may claim copyright in other countries, which matters when choosing sales territories."
2026-09-27,yes,15-01_Command Deployment Discipline Handbook (Dec 14) (Public).,,pdf,Army Department,federal,,army.mil,https://api.army.mil/e2/c/downloads/2023/01/19/05bbe198/15-01-command-deployment-discipline-handbook-dec-14-public.pdf,likely_public_domain,not checked,,,https://www.amazon.com/s?k=15-01_Command+Deployment+Discipline+Handbook+%28Dec+14%29+%28Public%29.&i=stripbooks,3,https://www.army.mil/call,"US federal government work: not protected by copyright in the US (17 U.S.C. 105). Contractor- or grantee-written parts and third-party photos or text inside it can still be copyrighted, and the US may claim copyright in other countries, which matters when choosing sales territories."
2026-09-27,yes,16-22_Joint Forces Command Operation United Assistance Case Study Handbook (Jul 16) (Public).,,pdf,Army Department,federal,,army.mil,https://api.army.mil/e2/c/downloads/2023/01/19/5e3779f8/16-22-joint-forces-command-operation-united-assistance-case-study-handbook-jul-16-public.pdf,likely_public_domain,not checked,,,https://www.amazon.com/s?k=16-22_Joint+Forces+Command+Operation+United+Assistance+Case+Study+Handbook+%28Jul+16%29+%28Public%29.&i=stripbooks,3,https://www.army.mil/call,"US federal government work: not protected by copyright in the US (17 U.S.C. 105). Contractor- or grantee-written parts and third-party photos or text inside it can still be copyrighted, and the US may claim copyright in other countries, which matters when choosing sales territories."
2026-09-27,yes,16-12_Musicians of Mars II Handbook (Apr 16) (Public).,,pdf,Army Department,federal,,army.mil,https://api.army.mil/e2/c/downloads/2023/01/19/5a01ae1c/16-12-musicians-of-mars-ii-handbook-apr-16-public.pdf,likely_public_domain,not checked,,,https://www.amazon.com/s?k=16-12_Musicians+of+Mars+II+Handbook+%28Apr+16%29+%28Public%29.&i=stripbooks,3,https://www.army.mil/call,"US federal government work: not protected by copyright in the US (17 U.S.C. 105). Contractor- or grantee-written parts and third-party photos or text inside it can still be copyrighted, and the US may claim copyright in other countries, which matters when choosing sales territories."
2026-09-27,yes,17-13_Tactical Casualty Combat Care Handbook V5 (May 17) (DISTRO A).,,pdf,Army Department,federal,,army.mil,https://api.army.mil/e2/c/downloads/2023/01/19/31e03488/17-13-tactical-casualty-combat-care-handbook-v5-may-17-distro-a.pdf,likely_public_domain,not checked,,,https://www.amazon.com/s?k=17-13_Tactical+Casualty+Combat+Care+Handbook+V5+%28May+17%29+%28DISTRO+A%29.&i=stripbooks,3,https://www.army.mil/call,"US federal government work: not protected by copyright in the US (17 U.S.C. 105). Contractor- or grantee-written parts and third-party photos or text inside it can still be copyrighted, and the US may claim copyright in other countries, which matters when choosing sales territories."
2026-09-27,yes,17-03_Theater Security Cooperation The Military Engagement Team Handbook (Jan 17) (Public).,,pdf,Army Department,federal,,army.mil,https://api.army.mil/e2/c/downloads/2023/01/19/9f68b713/17-03-theater-security-cooperation-the-military-engagement-team-handbook-jan-17-public.pdf,likely_public_domain,not checked,,,https://www.amazon.com/s?k=17-03_Theater+Security+Cooperation+The+Military+Engagement+Team+Handbook+%28Jan+17%29+%28Public%29.&i=stripbooks,3,https://www.army.mil/call,"US federal government work: not protected by copyright in the US (17 U.S.C. 105). Contractor- or grantee-written parts and third-party photos or text inside it can still be copyrighted, and the US may claim copyright in other countries, which matters when choosing sales territories."
2026-09-27,yes,"17-01_Scouts in Contact, Tactical Vignettes for Cavalry Leaders Handbook (Dec 16) (Public).",,pdf,Army Department,federal,,army.mil,https://api.army.mil/e2/c/downloads/2023/01/19/ac1cd71d/17-01-scouts-in-contact-tactical-vignettes-for-cavalry-leaders-handbook-dec-16-public.pdf,likely_public_domain,not checked,,,https://www.amazon.com/s?k=17-01_Scouts+in+Contact%2C+Tactical+Vignettes+for+Cavalry+Leaders+Handbook+%28Dec+16%29+%28Public%29.&i=stripbooks,3,https://www.army.mil/call,"US federal government work: not protected by copyright in the US (17 U.S.C. 105). Contractor- or grantee-written parts and third-party photos or text inside it can still be copyrighted, and the US may claim copyright in other countries, which matters when choosing sales territories."
2026-09-27,yes,Theater Intelligence Primer (Oct 18) (Public).,,pdf,Army Department,federal,,army.mil,https://api.army.mil/e2/c/downloads/2023/01/31/99eea2fd/theater-intelligence-primer-oct-18-public.pdf,likely_public_domain,not checked,,,https://www.amazon.com/s?k=Theater+Intelligence+Primer+%28Oct+18%29+%28Public%29.&i=stripbooks,3,https://www.army.mil/call,"US federal government work: not protected by copyright in the US (17 U.S.C. 105). Contractor- or grantee-written parts and third-party photos or text inside it can still be copyrighted, and the US may claim copyright in other countries, which matters when choosing sales territories."
2026-09-27,yes,18-37_The Army Combat Fitness Test Handbook (Sep 18) (Public).,,pdf,Army Department,federal,,army.mil,https://api.army.mil/e2/c/downloads/2023/01/19/540eedc4/18-37-the-army-combat-fitness-test-handbook-sep-18-public.pdf,likely_public_domain,not checked,,,https://www.amazon.com/s?k=18-37_The+Army+Combat+Fitness+Test+Handbook+%28Sep+18%29+%28Public%29.&i=stripbooks,3,https://www.army.mil/call,"US federal government work: not protected by copyright in the US (17 U.S.C. 105). Contractor- or grantee-written parts and third-party photos or text inside it can still be copyrighted, and the US may claim copyright in other countries, which matters when choosing sales territories."
2026-09-27,yes,"18-28_Operating in a Denied, Degraded, and Disrupted Space Operational Environment Handbook (Jun 18) (Public).",,pdf,Army Department,federal,,army.mil,https://api.army.mil/e2/c/downloads/2023/01/19/7f7281ee/18-28-operating-in-a-denied-degraded-and-disrupted-space-operational-environment-handbook-jun-18-public.pdf,likely_public_domain,not checked,,,https://www.amazon.com/s?k=18-28_Operating+in+a+Denied%2C+Degraded%2C+and+Disrupted+Space+Operational+Environment+Handbook+%28Jun&i=stripbooks,3,https://www.army.mil/call,"US federal government work: not protected by copyright in the US (17 U.S.C. 105). Contractor- or grantee-written parts and third-party photos or text inside it can still be copyrighted, and the US may claim copyright in other countries, which matters when choosing sales territories."
2026-09-27,yes,18-24_The First 100 Days of Platoon Leadership Handbook (May 18) (Public).,,pdf,Army Department,federal,,army.mil,https://api.army.mil/e2/c/downloads/2023/01/19/135a0dad/18-24-the-first-100-days-of-platoon-leadership-handbook-may-18-public.pdf,likely_public_domain,not checked,,,https://www.amazon.com/s?k=18-24_The+First+100+Days+of+Platoon+Leadership+Handbook+%28May+18%29+%28Public%29.&i=stripbooks,3,https://www.army.mil/call,"US federal government work: not protected by copyright in the US (17 U.S.C. 105). Contractor- or grantee-written parts and third-party photos or text inside it can still be copyrighted, and the US may claim copyright in other countries, which matters when choosing sales territories."
2026-09-27,yes,18-04_Mission Command in the Division and Corps Support Area Handbook (Dec 17) (Public).,,pdf,Army Department,federal,,army.mil,https://api.army.mil/e2/c/downloads/2023/01/19/b9fd092e/18-04-mission-command-in-the-division-and-corps-support-area-handbook-dec-17-public.pdf,likely_public_domain,not checked,,,https://www.amazon.com/s?k=18-04_Mission+Command+in+the+Division+and+Corps+Support+Area+Handbook+%28Dec+17%29&i=stripbooks,3,https://www.army.mil/call,"US federal government work: not protected by copyright in the US (17 U.S.C. 105). Contractor- or grantee-written parts and third-party photos or text inside it can still be copyrighted, and the US may claim copyright in other countries, which matters when choosing sales territories."
2026-09-27,yes,18-02_Executing Knowledge Management in Support of Mission Command A Primer for Senior Leaders (Nov 17) (Public).,,pdf,Army Department,federal,,army.mil,https://api.army.mil/e2/c/downloads/2023/01/19/919a5372/18-02-executing-knowledge-management-in-support-of-mission-command-a-primer-for-senior-leaders-nov-17-public.pdf,likely_public_domain,not checked,,,https://www.amazon.com/s?k=18-02_Executing+Knowledge+Management+in+Support+of+Mission+Command+A+Primer+for+Senior&i=stripbooks,3,https://www.army.mil/call,"US federal government work: not protected by copyright in the US (17 U.S.C. 105). Contractor- or grantee-written parts and third-party photos or text inside it can still be copyrighted, and the US may claim copyright in other countries, which matters when choosing sales territories."
2026-09-27,yes,GTA 07-01-006 Grenadier Guide (Nov 19) (Public).,,pdf,Army Department,federal,,army.mil,https://api.army.mil/e2/c/downloads/2023/01/31/6411baed/17965.pdf,likely_public_domain,not checked,,,https://www.amazon.com/s?k=GTA+07-01-006+Grenadier+Guide+%28Nov+19%29+%28Public%29.&i=stripbooks,3,https://www.army.mil/call,"US federal government work: not protected by copyright in the US (17 U.S.C. 105). Contractor- or grantee-written parts and third-party photos or text inside it can still be copyrighted, and the US may claim copyright in other countries, which matters when choosing sales territories."
2026-09-27,yes,Commanders Guide for Driving Change The Learning Organization Framework (Jan 19) (Public).,,pdf,Army Department,federal,,army.mil,https://api.army.mil/e2/c/downloads/2023/01/31/99194b3d/commanders-guide-for-driving-change-the-learning-organization-framework-jan-19-public.pdf,likely_public_domain,not checked,,,https://www.amazon.com/s?k=Commanders+Guide+for+Driving+Change+The+Learning+Organization+Framework+%28Jan+19%29+%28Public%29.&i=stripbooks,3,https://www.army.mil/call,"US federal government work: not protected by copyright in the US (17 U.S.C. 105). Contractor- or grantee-written parts and third-party photos or text inside it can still be copyrighted, and the US may claim copyright in other countries, which matters when choosing sales territories."
2026-09-27,yes,BN S1s Guide for Success at the NTC (Nov 19) (Public).,,pdf,Army Department,federal,,army.mil,https://api.army.mil/e2/c/downloads/2023/01/31/fb7c97db/bn-s1s-guide-for-success-at-the-ntc-nov-19-public.pdf,likely_public_domain,not checked,,,https://www.amazon.com/s?k=BN+S1s+Guide+for+Success+at+the+NTC+%28Nov+19%29+%28Public%29.&i=stripbooks,3,https://www.army.mil/call,"US federal government work: not protected by copyright in the US (17 U.S.C. 105). Contractor- or grantee-written parts and third-party photos or text inside it can still be copyrighted, and the US may claim copyright in other countries, which matters when choosing sales territories."
2026-09-27,yes,19-08_Musicians of Mars III Handbook (Feb 19) (Public).,,pdf,Army Department,federal,,army.mil,https://api.army.mil/e2/c/downloads/2023/01/19/9aeb11da/19-08-musicians-of-mars-iii-handbook-feb-19-public.pdf,likely_public_domain,not checked,,,https://www.amazon.com/s?k=19-08_Musicians+of+Mars+III+Handbook+%28Feb+19%29+%28Public%29.&i=stripbooks,3,https://www.army.mil/call,"US federal government work: not protected by copyright in the US (17 U.S.C. 105). Contractor- or grantee-written parts and third-party photos or text inside it can still be copyrighted, and the US may claim copyright in other countries, which matters when choosing sales territories."
2026-09-27,yes,19-06_Advising at the Senior Level Handbook (Jan 19) (Public).,,pdf,Army Department,federal,,army.mil,https://api.army.mil/e2/c/downloads/2023/01/19/badaa8fe/19-06-advising-at-the-senior-level-handbook-jan-19-public.pdf,likely_public_domain,not checked,,,https://www.amazon.com/s?k=19-06_Advising+at+the+Senior+Level+Handbook+%28Jan+19%29+%28Public%29.&i=stripbooks,3,https://www.army.mil/call,"US federal government work: not protected by copyright in the US (17 U.S.C. 105). Contractor- or grantee-written parts and third-party photos or text inside it can still be copyrighted, and the US may claim copyright in other countries, which matters when choosing sales territories."
2026-09-27,yes,20-14_Mountain Warfare and Cold Weather Operations Leader’s Book (Public).,,pdf,Army Department,federal,,army.mil,https://api.army.mil/e2/c/downloads/2023/01/31/557d66e2/20-14.pdf,likely_public_domain,not checked,,,https://www.amazon.com/s?k=20-14_Mountain+Warfare+and+Cold+Weather+Operations+Leader%E2%80%99s+Book+%28Public%29.&i=stripbooks,3,https://www.army.mil/call,"US federal government work: not protected by copyright in the US (17 U.S.C. 105). Contractor- or grantee-written parts and third-party photos or text inside it can still be copyrighted, and the US may claim copyright in other countries, which matters when choosing sales territories."
2026-09-27,yes,20-12_Commander and Staff Guide to Multinational Interoperability (Public).,,pdf,Army Department,federal,,army.mil,https://api.army.mil/e2/c/downloads/2023/01/31/3dadfaa2/20-12.pdf,likely_public_domain,not checked,,,https://www.amazon.com/s?k=20-12_Commander+and+Staff+Guide+to+Multinational+Interoperability+%28Public%29.&i=stripbooks,3,https://www.army.mil/call,"US federal government work: not protected by copyright in the US (17 U.S.C. 105). Contractor- or grantee-written parts and third-party photos or text inside it can still be copyrighted, and the US may claim copyright in other countries, which matters when choosing sales territories."
2026-09-27,yes,20-05_Commander and Staff Guide to Liaison Function (Public).,,pdf,Army Department,federal,,army.mil,https://api.army.mil/e2/c/downloads/2023/01/31/fc5969e5/20-05.pdf,likely_public_domain,not checked,,,https://www.amazon.com/s?k=20-05_Commander+and+Staff+Guide+to+Liaison+Function+%28Public%29.&i=stripbooks,3,https://www.army.mil/call,"US federal government work: not protected by copyright in the US (17 U.S.C. 105). Contractor- or grantee-written parts and third-party photos or text inside it can still be copyrighted, and the US may claim copyright in other countries, which matters when choosing sales territories."
2026-09-27,yes,20-01_Corps and Division Planner’s Guide to Reconstitution Operations (Public).,,pdf,Army Department,federal,,army.mil,https://api.army.mil/e2/c/downloads/2023/01/31/5bdfe452/20-01.pdf,likely_public_domain,not checked,,,https://www.amazon.com/s?k=20-01_Corps+and+Division+Planner%E2%80%99s+Guide+to+Reconstitution+Operations+%28Public%29.&i=stripbooks,3,https://www.army.mil/call,"US federal government work: not protected by copyright in the US (17 U.S.C. 105). Contractor- or grantee-written parts and third-party photos or text inside it can still be copyrighted, and the US may claim copyright in other countries, which matters when choosing sales territories."
2026-09-27,yes,"Relevant, Readable, and Accessible SOPs A Guide to Updating Battalion TACSOPs (May 21) (Public).",,pdf,Army Department,federal,,army.mil,https://api.army.mil/e2/c/downloads/2023/01/31/1a57fb01/relevant-readable-and-accessible-sops-a-guide-to-updating-battalion-tacsops-may-21-public.pdf,likely_public_domain,not checked,,,https://www.amazon.com/s?k=Relevant%2C+Readable%2C+and+Accessible+SOPs+A+Guide+to+Updating+Battalion+TACSOPs+%28May&i=stripbooks,3,https://www.army.mil/call,"US federal government work: not protected by copyright in the US (17 U.S.C. 105). Contractor- or grantee-written parts and third-party photos or text inside it can still be copyrighted, and the US may claim copyright in other countries, which matters when choosing sales territories."
2026-09-27,yes,21-09_Leadership Guide to Externally Evaluated Full Scale Exercises (2 Feb) (Public).,,pdf,Army Department,federal,,army.mil,https://api.army.mil/e2/c/downloads/2023/01/31/e2cdd497/21-09.pdf,likely_public_domain,not checked,,,https://www.amazon.com/s?k=21-09_Leadership+Guide+to+Externally+Evaluated+Full+Scale+Exercises+%282+Feb%29+%28Public%29.&i=stripbooks,3,https://www.army.mil/call,"US federal government work: not protected by copyright in the US (17 U.S.C. 105). Contractor- or grantee-written parts and third-party photos or text inside it can still be copyrighted, and the US may claim copyright in other countries, which matters when choosing sales territories."
2026-09-27,yes,22-690_Planning for the CAB in LSCO A Guide for DIV G35 and G5 Maneuver Officers (Public).,,pdf,Army Department,federal,,army.mil,https://api.army.mil/e2/c/downloads/2023/01/31/70b1072d/22-690-planning-for-the-cab-in-lsco-a-guide-for-div-g35-and-g5-maneuver-officers-public.pdf,likely_public_domain,not checked,,,https://www.amazon.com/s?k=22-690_Planning+for+the+CAB+in+LSCO+A+Guide+for+DIV+G35+and&i=stripbooks,3,https://www.army.mil/call,"US federal government work: not protected by copyright in the US (17 U.S.C. 105). Contractor- or grantee-written parts and third-party photos or text inside it can still be copyrighted, and the US may claim copyright in other countries, which matters when choosing sales territories."
2026-09-27,yes,22-667_Suicide Prevention (Senior CDRs Guide) (Public).,,pdf,Army Department,federal,,army.mil,https://api.army.mil/e2/c/downloads/2023/01/31/a2aafe31/22-667.pdf,likely_public_domain,not checked,,,https://www.amazon.com/s?k=22-667_Suicide+Prevention+%28Senior+CDRs+Guide%29+%28Public%29.&i=stripbooks,3,https://www.army.mil/call,"US federal government work: not protected by copyright in the US (17 U.S.C. 105). Contractor- or grantee-written parts and third-party photos or text inside it can still be copyrighted, and the US may claim copyright in other countries, which matters when choosing sales territories."
2026-09-27,yes,22-663_Suicide Prevention (BDE and BN CDRs Guide) (Public).,,pdf,Army Department,federal,,army.mil,https://api.army.mil/e2/c/downloads/2023/01/31/2b23473f/22-663.pdf,likely_public_domain,not checked,,,https://www.amazon.com/s?k=22-663_Suicide+Prevention+%28BDE+and+BN+CDRs+Guide%29+%28Public%29.&i=stripbooks,3,https://www.army.mil/call,"US federal government work: not protected by copyright in the US (17 U.S.C. 105). Contractor- or grantee-written parts and third-party photos or text inside it can still be copyrighted, and the US may claim copyright in other countries, which matters when choosing sales territories."
2026-09-27,yes,22-06 (672) People First Task Force Handbook (Public).,,pdf,Army Department,federal,,army.mil,https://api.army.mil/e2/c/downloads/2023/01/31/692c03bc/22-06-672-people-first-task-force-handbook.pdf,likely_public_domain,not checked,,,https://www.amazon.com/s?k=22-06+%28672%29+People+First+Task+Force+Handbook+%28Public%29.&i=stripbooks,3,https://www.army.mil/call,"US federal government work: not protected by copyright in the US (17 U.S.C. 105). Contractor- or grantee-written parts and third-party photos or text inside it can still be copyrighted, and the US may claim copyright in other countries, which matters when choosing sales territories."
2026-09-27,yes,22-05 (654)_Partner and Allies Guide to the U.S. Combat Training Centers (Public).,,pdf,Army Department,federal,,army.mil,https://api.army.mil/e2/c/downloads/2023/01/31/e747aebc/22-05.pdf,likely_public_domain,not checked,,,https://www.amazon.com/s?k=22-05+%28654%29_Partner+and+Allies+Guide+to+the+U.S.+Combat+Training+Centers+%28Public%29.&i=stripbooks,3,https://www.army.mil/call,"US federal government work: not protected by copyright in the US (17 U.S.C. 105). Contractor- or grantee-written parts and third-party photos or text inside it can still be copyrighted, and the US may claim copyright in other countries, which matters when choosing sales territories."
2026-09-27,yes,"25-02 (706), Leader's Guide to Equipment Fielding (Jan 25)",,pdf,Army Department,federal,,army.mil,https://api.army.mil/e2/c/downloads/2025/01/22/755bc0b7/25-02-706-leader-s-guide-to-equipment-fielding-jan-25.pdf,likely_public_domain,not checked,,,https://www.amazon.com/s?k=25-02+%28706%29%2C+Leader%27s+Guide+to+Equipment+Fielding+%28Jan+25%29&i=stripbooks,3,https://www.army.mil/call,"US federal government work: not protected by copyright in the US (17 U.S.C. 105). Contractor- or grantee-written parts and third-party photos or text inside it can still be copyrighted, and the US may claim copyright in other countries, which matters when choosing sales territories."
2026-09-27,yes,"25-08 (648), Deployment Handbook (Apr 25)",,pdf,Army Department,federal,,army.mil,https://api.army.mil/e2/c/downloads/2025/04/16/af071d4f/25-08-648-deployment-handbook-apr-25-public.pdf,likely_public_domain,not checked,,,https://www.amazon.com/s?k=25-08+%28648%29%2C+Deployment+Handbook+%28Apr+25%29&i=stripbooks,3,https://www.army.mil/call,"US federal government work: not protected by copyright in the US (17 U.S.C. 105). Contractor- or grantee-written parts and third-party photos or text inside it can still be copyrighted, and the US may claim copyright in other countries, which matters when choosing sales territories."
2026-09-27,yes,"25-04 (912), Leading From the Front: A Guide to Thriving in Your First 100 Days as an NCO (Apr 25)",,pdf,Army Department,federal,,army.mil,https://api.army.mil/e2/c/downloads/2025/04/28/6d6ef917/25-04-912-first-100-days-nco-apr-25.pdf,likely_public_domain,not checked,,,https://www.amazon.com/s?k=25-04+%28912%29%2C+Leading+From+the+Front&i=stripbooks,3,https://www.army.mil/call,"US federal government work: not protected by copyright in the US (17 U.S.C. 105). Contractor- or grantee-written parts and third-party photos or text inside it can still be copyrighted, and the US may claim copyright in other countries, which matters when choosing sales territories."
2026-09-27,yes,"25-1004, Commander and Staff Guide to the Mission Partner Environment (Apr 25)",,pdf,Army Department,federal,,army.mil,https://api.army.mil/e2/c/downloads/2025/04/29/59b51ef8/no-25-1004-commander-and-staff-guide-to-mission-partner-environment-apr-25.pdf,likely_public_domain,not checked,,,https://www.amazon.com/s?k=25-1004%2C+Commander+and+Staff+Guide+to+the+Mission+Partner+Environment+%28Apr+25%29&i=stripbooks,3,https://www.army.mil/call,"US federal government work: not protected by copyright in the US (17 U.S.C. 105). Contractor- or grantee-written parts and third-party photos or text inside it can still be copyrighted, and the US may claim copyright in other countries, which matters when choosing sales territories."
2026-09-27,yes,"25-761, Home-Station Training Handbook (Jul 25)",,pdf,Army Department,federal,,army.mil,https://api.army.mil/e2/c/downloads/2025/07/25/5ffd4949/no-25-761-home-station-training-handbook-jul-25.pdf,likely_public_domain,not checked,,,https://www.amazon.com/s?k=25-761%2C+Home-Station+Training+Handbook+%28Jul+25%29&i=stripbooks,3,https://www.army.mil/call,"US federal government work: not protected by copyright in the US (17 U.S.C. 105). Contractor- or grantee-written parts and third-party photos or text inside it can still be copyrighted, and the US may claim copyright in other countries, which matters when choosing sales territories."
2026-09-27,yes,"25-998, Security Assistance Training Management Manual (Aug 25)",,pdf,Army Department,federal,,army.mil,https://api.army.mil/e2/c/downloads/2025/08/11/099294bd/no-25-998-security-assistance-training-management-manual-aug-25.pdf,likely_public_domain,not checked,,,https://www.amazon.com/s?k=25-998%2C+Security+Assistance+Training+Management+Manual+%28Aug+25%29&i=stripbooks,3,https://www.army.mil/call,"US federal government work: not protected by copyright in the US (17 U.S.C. 105). Contractor- or grantee-written parts and third-party photos or text inside it can still be copyrighted, and the US may claim copyright in other countries, which matters when choosing sales territories."
2026-09-27,yes,"25-13 (786), First 100 Days: XO/S3 Handbook (Aug 25)",,pdf,Army Department,federal,,army.mil,https://api.army.mil/e2/c/downloads/2025/08/27/bdbd82e4/no-25-13-786-first-100-days-xo-s3-handbook.pdf,likely_public_domain,not checked,,,https://www.amazon.com/s?k=25-13+%28786%29%2C+First+100+Days&i=stripbooks,3,https://www.army.mil/call,"US federal government work: not protected by copyright in the US (17 U.S.C. 105). Contractor- or grantee-written parts and third-party photos or text inside it can still be copyrighted, and the US may claim copyright in other countries, which matters when choosing sales territories."
2026-09-27,yes,"25-14 (966), Small Unmanned Aircraft System Airspace Management and Control: A Handbook for Army Leaders (Sept 25)",,pdf,Army Department,federal,,army.mil,https://api.army.mil/e2/c/downloads/2025/09/10/266200da/small-unmanned-aircraft-system-airspace-management-and-control-a-handbook-for-army-leaders.pdf,likely_public_domain,not checked,,,https://www.amazon.com/s?k=25-14+%28966%29%2C+Small+Unmanned+Aircraft+System+Airspace+Management+and+Control&i=stripbooks,3,https://www.army.mil/call,"US federal government work: not protected by copyright in the US (17 U.S.C. 105). Contractor- or grantee-written parts and third-party photos or text inside it can still be copyrighted, and the US may claim copyright in other countries, which matters when choosing sales territories."
2026-09-27,yes,"26-1156, Small Unit Leader's Guide for Training and Winning with New Technology (June 26)",,pdf,Army Department,federal,,army.mil,https://api.army.mil/e2/c/downloads/2026/06/03/7f99c7f8/no-26-1156-small-unit-leader-s-guide-for-training-and-winning-with-new-technology-graphic-novel-june-26.pdf,likely_public_domain,not checked,,,https://www.amazon.com/s?k=26-1156%2C+Small+Unit+Leader%27s+Guide+for+Training+and+Winning+with+New+Technology&i=stripbooks,3,https://www.army.mil/call,"US federal government work: not protected by copyright in the US (17 U.S.C. 105). Contractor- or grantee-written parts and third-party photos or text inside it can still be copyrighted, and the US may claim copyright in other countries, which matters when choosing sales territories."
2026-09-27,yes,Commander and Staff Guide to Data Literacy,,pdf,Army Department,federal,,army.mil,https://api.army.mil/e2/c/downloads/2025/04/18/6ff620cd/25-10-944-cdr-and-staff-guide-to-data-literacy-apr-25-public.pdf,likely_public_domain,not checked,,,https://www.amazon.com/s?k=Commander+and+Staff+Guide+to+Data+Literacy&i=stripbooks,3,https://www.army.mil/call,"US federal government work: not protected by copyright in the US (17 U.S.C. 105). Contractor- or grantee-written parts and third-party photos or text inside it can still be copyrighted, and the US may claim copyright in other countries, which matters when choosing sales territories."
2026-09-27,yes,22-663_Suicide Prevention (BDE and BN CDRs Guide).,,pdf,Army Department,federal,,army.mil,https://api.army.mil/e2/c/downloads/2023/03/03/f0d6be59/22-663.pdf,likely_public_domain,not checked,,,https://www.amazon.com/s?k=22-663_Suicide+Prevention+%28BDE+and+BN+CDRs+Guide%29.&i=stripbooks,3,https://www.army.mil/article/264500/company_leadership_audiobook_starter_pack,"US federal government work: not protected by copyright in the US (17 U.S.C. 105). Contractor- or grantee-written parts and third-party photos or text inside it can still be copyrighted, and the US may claim copyright in other countries, which matters when choosing sales territories."
2026-09-27,yes,22-06 (672) People First Task Force Handbook.,,pdf,Army Department,federal,,army.mil,https://api.army.mil/e2/c/downloads/2023/03/03/2f740abc/22-06-672-people-first-task-force-handbook.pdf,likely_public_domain,not checked,,,https://www.amazon.com/s?k=22-06+%28672%29+People+First+Task+Force+Handbook.&i=stripbooks,3,https://www.army.mil/article/264500/company_leadership_audiobook_starter_pack,"US federal government work: not protected by copyright in the US (17 U.S.C. 105). Contractor- or grantee-written parts and third-party photos or text inside it can still be copyrighted, and the US may claim copyright in other countries, which matters when choosing sales territories."
2026-09-27,yes,15-16_Operation United Assistance Lessons and Best Practices Bulletin (Sep 15) (Public).,,pdf,Army Department,federal,,army.mil,https://api.army.mil/e2/c/downloads/2023/01/19/f06cf04a/15-16-operation-united-assistance-lessons-and-best-practices-bulletin-sep-15-public.pdf,likely_public_domain,not checked,,,https://www.amazon.com/s?k=15-16_Operation+United+Assistance+Lessons+and+Best+Practices+Bulletin+%28Sep+15%29+%28Public%29.&i=stripbooks,2,https://www.army.mil/call,"US federal government work: not protected by copyright in the US (17 U.S.C. 105). Contractor- or grantee-written parts and third-party photos or text inside it can still be copyrighted, and the US may claim copyright in other countries, which matters when choosing sales territories."
2026-09-27,yes,15-14_Combined Joint Task Force Horn of Africa (CJTF-HOA) Observation Report (Aug 15) (Public).,,pdf,Army Department,federal,,army.mil,https://api.army.mil/e2/c/downloads/2023/01/19/edef94de/15-14-combined-joint-task-force-horn-of-africa-cjtf-hoa-observation-report-aug-15-public.pdf,likely_public_domain,not checked,,,https://www.amazon.com/s?k=15-14_Combined+Joint+Task+Force+Horn+of+Africa+%28CJTF-HOA%29+Observation+Report+%28Aug+15%29&i=stripbooks,2,https://www.army.mil/call,"US federal government work: not protected by copyright in the US (17 U.S.C. 105). Contractor- or grantee-written parts and third-party photos or text inside it can still be copyrighted, and the US may claim copyright in other countries, which matters when choosing sales territories."
2026-09-27,yes,16-09_Security Cooperation Lessons and Best Practices Bulletin (Mar 16) (Public).,,pdf,Army Department,federal,,army.mil,https://api.army.mil/e2/c/downloads/2023/01/19/7d7e0e33/16-09-security-cooperation-lessons-and-best-practices-bulletin-mar-16-public.pdf,likely_public_domain,not checked,,,https://www.amazon.com/s?k=16-09_Security+Cooperation+Lessons+and+Best+Practices+Bulletin+%28Mar+16%29+%28Public%29.&i=stripbooks,2,https://www.army.mil/call,"US federal government work: not protected by copyright in the US (17 U.S.C. 105). Contractor- or grantee-written parts and third-party photos or text inside it can still be copyrighted, and the US may claim copyright in other countries, which matters when choosing sales territories."
2026-09-27,yes,From FOB artillery to Field Artillery (Jun 17) (Public).,,pdf,Army Department,federal,,army.mil,https://api.army.mil/e2/c/downloads/2023/01/31/636f498b/from-fob-artillery-to-field-artillery-jun-17-public.pdf,likely_public_domain,not checked,,,https://www.amazon.com/s?k=From+FOB+artillery+to+Field+Artillery+%28Jun+17%29+%28Public%29.&i=stripbooks,2,https://www.army.mil/call,"US federal government work: not protected by copyright in the US (17 U.S.C. 105). Contractor- or grantee-written parts and third-party photos or text inside it can still be copyrighted, and the US may claim copyright in other countries, which matters when choosing sales territories."
2026-09-27,yes,17-28_CTC Trends FY16 Bulletin (Oct 17) (Public).,,pdf,Army Department,federal,,army.mil,https://api.army.mil/e2/c/downloads/2023/01/19/7b40d5b8/17-28-ctc-trends-fy16-bulletin-oct-17-public.pdf,likely_public_domain,not checked,,,https://www.amazon.com/s?k=17-28_CTC+Trends+FY16+Bulletin+%28Oct+17%29+%28Public%29.&i=stripbooks,2,https://www.army.mil/call,"US federal government work: not protected by copyright in the US (17 U.S.C. 105). Contractor- or grantee-written parts and third-party photos or text inside it can still be copyrighted, and the US may claim copyright in other countries, which matters when choosing sales territories."
2026-09-27,yes,17-21_Permanent Executive Secretariat of the Conference of American Armies Vol II Bulletin (Aug 17) (Public).,,pdf,Army Department,federal,,army.mil,https://api.army.mil/e2/c/downloads/2023/01/19/8dbf92f3/17-21-permanent-executive-secretariat-of-the-conference-of-american-armies-vol-ii-bulletin-aug-17-public.pdf,likely_public_domain,not checked,,,https://www.amazon.com/s?k=17-21_Permanent+Executive+Secretariat+of+the+Conference+of+American+Armies+Vol+II+Bulletin&i=stripbooks,2,https://www.army.mil/call,"US federal government work: not protected by copyright in the US (17 U.S.C. 105). Contractor- or grantee-written parts and third-party photos or text inside it can still be copyrighted, and the US may claim copyright in other countries, which matters when choosing sales territories."
2026-09-27,yes,OP Spartan Shield 29ID Obs Report (Apr 18) (Public).,,pdf,Army Department,federal,,army.mil,https://api.army.mil/e2/c/downloads/2023/01/31/f787cdc4/op-spartan-shield-29id-obs-report-apr-18-public.pdf,likely_public_domain,not checked,,,https://www.amazon.com/s?k=OP+Spartan+Shield+29ID+Obs+Report+%28Apr+18%29+%28Public%29.&i=stripbooks,2,https://www.army.mil/call,"US federal government work: not protected by copyright in the US (17 U.S.C. 105). Contractor- or grantee-written parts and third-party photos or text inside it can still be copyrighted, and the US may claim copyright in other countries, which matters when choosing sales territories."
2026-09-27,yes,18-21_U.S. Army Ordnance Crucible Combat Repair Team Observations Bulletin (May 18) (Public).,,pdf,Army Department,federal,,army.mil,https://api.army.mil/e2/c/downloads/2023/01/19/a59a6608/18-21-u-s-army-ordnance-crucible-combat-repair-team-observations-bulletin-may-18-public.pdf,likely_public_domain,not checked,,,https://www.amazon.com/s?k=18-21_U.S.+Army+Ordnance+Crucible+Combat+Repair+Team+Observations+Bulletin+%28May+18%29+%28Public%29.&i=stripbooks,2,https://www.army.mil/call,"US federal government work: not protected by copyright in the US (17 U.S.C. 105). Contractor- or grantee-written parts and third-party photos or text inside it can still be copyrighted, and the US may claim copyright in other countries, which matters when choosing sales territories."
2026-09-27,yes,18-20_US Army Ordnance Crucible Ammunition Transfer Holding Point Observations Bulletin (May 18) (Public).,,pdf,Army Department,federal,,army.mil,https://api.army.mil/e2/c/downloads/2023/01/19/3cfb8a9f/18-20-us-army-ordnance-crucible-ammunition-transfer-holding-point-observations-bulletin-may-18-public.pdf,likely_public_domain,not checked,,,https://www.amazon.com/s?k=18-20_US+Army+Ordnance+Crucible+Ammunition+Transfer+Holding+Point+Observations+Bulletin+%28May+18%29&i=stripbooks,2,https://www.army.mil/call,"US federal government work: not protected by copyright in the US (17 U.S.C. 105). Contractor- or grantee-written parts and third-party photos or text inside it can still be copyrighted, and the US may claim copyright in other countries, which matters when choosing sales territories."
2026-09-27,yes,18-14_CTC Trends FY2017 Bulletin (Mar 18) (Public).,,pdf,Army Department,federal,,army.mil,https://api.army.mil/e2/c/downloads/2023/01/19/cd264ede/18-14-ctc-trends-fy2017-bulletin-mar-18-public.pdf,likely_public_domain,not checked,,,https://www.amazon.com/s?k=18-14_CTC+Trends+FY2017+Bulletin+%28Mar+18%29+%28Public%29.&i=stripbooks,2,https://www.army.mil/call,"US federal government work: not protected by copyright in the US (17 U.S.C. 105). Contractor- or grantee-written parts and third-party photos or text inside it can still be copyrighted, and the US may claim copyright in other countries, which matters when choosing sales territories."
2026-09-27,yes,19-13_Mission Command Training in Unified Land Operations FY18 Key Observations Bulletin (Mar 19) (Public).,,pdf,Army Department,federal,,army.mil,https://api.army.mil/e2/c/downloads/2023/01/19/797c268e/19-13-mission-command-training-in-unified-land-operations-fy18-key-observations-bulletin-mar-19-public.pdf,likely_public_domain,not checked,,,https://www.amazon.com/s?k=19-13_Mission+Command+Training+in+Unified+Land+Operations+FY18+Key+Observations+Bulletin+%28Mar&i=stripbooks,2,https://www.army.mil/call,"US federal government work: not protected by copyright in the US (17 U.S.C. 105). Contractor- or grantee-written parts and third-party photos or text inside it can still be copyrighted, and the US may claim copyright in other countries, which matters when choosing sales territories."
2026-09-27,yes,19-01_Security Cooperation and the State Partnership Program Bulletin (Oct 18) (Public).,,pdf,Army Department,federal,,army.mil,https://api.army.mil/e2/c/downloads/2023/01/19/fa5d5172/19-01-1.pdf,likely_public_domain,not checked,,,https://www.amazon.com/s?k=19-01_Security+Cooperation+and+the+State+Partnership+Program+Bulletin+%28Oct+18%29+%28Public%29.&i=stripbooks,2,https://www.army.mil/call,"US federal government work: not protected by copyright in the US (17 U.S.C. 105). Contractor- or grantee-written parts and third-party photos or text inside it can still be copyrighted, and the US may claim copyright in other countries, which matters when choosing sales territories."
2026-09-27,yes,21-616_Thoughts on PC20 Project Convergence History & Way Forward (Feb 21) (Public).,,pdf,Army Department,federal,,army.mil,https://api.army.mil/e2/c/downloads/2023/01/31/e1c75467/21-616-thoughts-on-pc20-project-convergence-history-way-forward-feb-21-public.pdf,likely_public_domain,not checked,,,https://www.amazon.com/s?k=21-616_Thoughts+on+PC20+Project+Convergence+History+%26+Way+Forward+%28Feb+21%29+%28Public%29.&i=stripbooks,2,https://www.army.mil/call,"US federal government work: not protected by copyright in the US (17 U.S.C. 105). Contractor- or grantee-written parts and third-party photos or text inside it can still be copyrighted, and the US may claim copyright in other countries, which matters when choosing sales territories."
2026-09-27,yes,23-06-784_Holistic Health and Fitness Handbook(JUN 23)(Public Release) (1).,,pdf,Army Department,federal,,army.mil,https://api.army.mil/e2/c/downloads/2023/06/05/cd114d3b/23-06-784-holistic-health-and-fitness-handbook-jun-23-public-release-1.pdf,likely_public_domain,not checked,,,https://www.amazon.com/s?k=23-06-784_Holistic+Health+and+Fitness+Handbook%28JUN+23%29%28Public+Release%29+%281%29.&i=stripbooks,2,https://www.army.mil/article/267256/holistic_health_and_fitness_soldier_readiness_system,"US federal government work: not protected by copyright in the US (17 U.S.C. 105). Contractor- or grantee-written parts and third-party photos or text inside it can still be copyrighted, and the US may claim copyright in other countries, which matters when choosing sales territories."
2026-09-27,yes,Command Sgt. Maj. JennyAnne Bright,,pdf,Army Department,federal,,army.mil,https://api.army.mil/e2/c/downloads/2024/11/20/3db48298/csm-jennyanne-bright-bio-20nov2024.pdf,likely_public_domain,not checked,,,https://www.amazon.com/s?k=Command+Sgt.+Maj.+JennyAnne+Bright&i=stripbooks,1,https://www.army.mil/article/289544/micc_leaders_host_1st_quarter_fy26_town_hall,"US federal government work: not protected by copyright in the US (17 U.S.C. 105). Contractor- or grantee-written parts and third-party photos or text inside it can still be copyrighted, and the US may claim copyright in other countries, which matters when choosing sales territories."
2026-09-27,yes,Command Sgt. Maj. Jacinto Garza,,pdf,Army Department,federal,,army.mil,https://www.amc.army.mil/Portals/9/Documents/Bios/Bios/CSM_Garza_Bio.pdf,likely_public_domain,not checked,,,https://www.amazon.com/s?k=Command+Sgt.+Maj.+Jacinto+Garza&i=stripbooks,1,https://www.army.mil/article/291417/micc_nco_earns_ausa_writing_award_showcasing_tactical_expertise_and_acquisition_reform,"US federal government work: not protected by copyright in the US (17 U.S.C. 105). Contractor- or grantee-written parts and third-party photos or text inside it can still be copyrighted, and the US may claim copyright in other countries, which matters when choosing sales territories."
2026-09-27,yes,15-09_Operation United Assistance Setting the Theater Creating Conditions for Success in West Africa (Jun 15) (Public).,,pdf,Army Department,federal,,army.mil,https://api.army.mil/e2/c/downloads/2023/01/19/6faf8215/15-09-operation-united-assistance-setting-the-theater-creating-conditions-for-success-in-west-africa-jun-15-public.pdf,likely_public_domain,not checked,,,https://www.amazon.com/s?k=15-09_Operation+United+Assistance+Setting+the+Theater+Creating+Conditions+for+Success+in+West&i=stripbooks,1,https://www.army.mil/call,"US federal government work: not protected by copyright in the US (17 U.S.C. 105). Contractor- or grantee-written parts and third-party photos or text inside it can still be copyrighted, and the US may claim copyright in other countries, which matters when choosing sales territories."
2026-09-27,yes,JRTC 16-04 IIR (Feb 16) (Public).,,pdf,Army Department,federal,,army.mil,https://api.army.mil/e2/c/downloads/2023/01/31/071fc1d6/jrtc-16-04-iir-feb-16-public.pdf,likely_public_domain,not checked,,,https://www.amazon.com/s?k=JRTC+16-04+IIR+%28Feb+16%29+%28Public%29.&i=stripbooks,1,https://www.army.mil/call,"US federal government work: not protected by copyright in the US (17 U.S.C. 105). Contractor- or grantee-written parts and third-party photos or text inside it can still be copyrighted, and the US may claim copyright in other countries, which matters when choosing sales territories."
2026-09-27,yes,16-29_DATE at the JMRC Vol. III Multinational Interoperability (Sep 16) (Public).,,pdf,Army Department,federal,,army.mil,https://api.army.mil/e2/c/downloads/2023/01/19/42feb574/16-29-date-at-the-jmrc-vol-iii-multinational-interoperability-sep-16-public.pdf,likely_public_domain,not checked,,,https://www.amazon.com/s?k=16-29_DATE+at+the+JMRC+Vol.+III+Multinational+Interoperability+%28Sep+16%29+%28Public%29.&i=stripbooks,1,https://www.army.mil/call,"US federal government work: not protected by copyright in the US (17 U.S.C. 105). Contractor- or grantee-written parts and third-party photos or text inside it can still be copyrighted, and the US may claim copyright in other countries, which matters when choosing sales territories."
2026-09-27,yes,16-20_U.S. Army Medical Contingent to Task Force Forager (Jul 16) (Public).,,pdf,Army Department,federal,,army.mil,https://api.army.mil/e2/c/downloads/2023/01/19/504daa09/16-20-u-s-army-medical-contingent-to-task-force-forager-jul-16-public.pdf,likely_public_domain,not checked,,,https://www.amazon.com/s?k=16-20_U.S.+Army+Medical+Contingent+to+Task+Force+Forager+%28Jul+16%29+%28Public%29.&i=stripbooks,1,https://www.army.mil/call,"US federal government work: not protected by copyright in the US (17 U.S.C. 105). Contractor- or grantee-written parts and third-party photos or text inside it can still be copyrighted, and the US may claim copyright in other countries, which matters when choosing sales territories."
2026-09-27,yes,16-19_CJTF-HOA Special Study (Jul 16) (Public).,,pdf,Army Department,federal,,army.mil,https://api.army.mil/e2/c/downloads/2023/01/19/3bc62f74/16-19-cjtf-hoa-special-study-jul-16-public.pdf,likely_public_domain,not checked,,,https://www.amazon.com/s?k=16-19_CJTF-HOA+Special+Study+%28Jul+16%29+%28Public%29.&i=stripbooks,1,https://www.army.mil/call,"US federal government work: not protected by copyright in the US (17 U.S.C. 105). Contractor- or grantee-written parts and third-party photos or text inside it can still be copyrighted, and the US may claim copyright in other countries, which matters when choosing sales territories."
2026-09-27,yes,16-10_ARCENT Transition to CJTF-OIR Lessons and Best Practices (Mar 16) (Public).,,pdf,Army Department,federal,,army.mil,https://api.army.mil/e2/c/downloads/2023/01/19/bf0949b8/16-10-arcent-transition-to-cjtf-oir-lessons-and-best-practices-mar-16-public.pdf,likely_public_domain,not checked,,,https://www.amazon.com/s?k=16-10_ARCENT+Transition+to+CJTF-OIR+Lessons+and+Best+Practices+%28Mar+16%29+%28Public%29.&i=stripbooks,1,https://www.army.mil/call,"US federal government work: not protected by copyright in the US (17 U.S.C. 105). Contractor- or grantee-written parts and third-party photos or text inside it can still be copyrighted, and the US may claim copyright in other countries, which matters when choosing sales territories."
2026-09-27,yes,"16-08_Decisive Action Training Environment at the JRTC, Volume XI Sustainment (Feb 16) (Public).",,pdf,Army Department,federal,,army.mil,https://api.army.mil/e2/c/downloads/2023/01/19/7444a3c5/16-08-decisive-action-training-environment-at-the-jrtc-volume-xi-sustainment-feb-16-public.pdf,likely_public_domain,not checked,,,https://www.amazon.com/s?k=16-08_Decisive+Action+Training+Environment+at+the+JRTC%2C+Volume+XI+Sustainment+%28Feb+16%29&i=stripbooks,1,https://www.army.mil/call,"US federal government work: not protected by copyright in the US (17 U.S.C. 105). Contractor- or grantee-written parts and third-party photos or text inside it can still be copyrighted, and the US may claim copyright in other countries, which matters when choosing sales territories."
2026-09-27,yes,16-05_101st Airborne Division Operation United Assistance IIR (Nov 15) (Public).,,pdf,Army Department,federal,,army.mil,https://api.army.mil/e2/c/downloads/2023/01/19/fc1ed763/16-05-101st-airborne-division-operation-united-assistance-iir-nov-15-public.pdf,likely_public_domain,not checked,,,https://www.amazon.com/s?k=16-05_101st+Airborne+Division+Operation+United+Assistance+IIR+%28Nov+15%29+%28Public%29.&i=stripbooks,1,https://www.army.mil/call,"US federal government work: not protected by copyright in the US (17 U.S.C. 105). Contractor- or grantee-written parts and third-party photos or text inside it can still be copyrighted, and the US may claim copyright in other countries, which matters when choosing sales territories."
2026-09-27,yes,When Do We ENDEX - Maximizing Home Station Training (Jun 17) (Public).,,pdf,Army Department,federal,,army.mil,https://api.army.mil/e2/c/downloads/2023/01/31/e514a379/when-do-we-endex-maximizing-home-station-training-jun-17-public.pdf,likely_public_domain,not checked,,,https://www.amazon.com/s?k=When+Do+We+ENDEX+-+Maximizing+Home+Station+Training+%28Jun+17%29+%28Public%29.&i=stripbooks,1,https://www.army.mil/call,"US federal government work: not protected by copyright in the US (17 U.S.C. 105). Contractor- or grantee-written parts and third-party photos or text inside it can still be copyrighted, and the US may claim copyright in other countries, which matters when choosing sales territories."
2026-09-27,yes,U.S. Army Support to the ACOTA Program (Mar 17) (Public).,,pdf,Army Department,federal,,army.mil,https://api.army.mil/e2/c/downloads/2023/01/31/60c8ec41/u-s-army-support-to-the-acota-program-mar-17-public.pdf,likely_public_domain,not checked,,,https://www.amazon.com/s?k=U.S.+Army+Support+to+the+ACOTA+Program+%28Mar+17%29+%28Public%29.&i=stripbooks,1,https://www.army.mil/call,"US federal government work: not protected by copyright in the US (17 U.S.C. 105). Contractor- or grantee-written parts and third-party photos or text inside it can still be copyrighted, and the US may claim copyright in other countries, which matters when choosing sales territories."
2026-09-27,yes,Training to Improve Basic Combat Skills (Sep 17) (Public).,,pdf,Army Department,federal,,army.mil,https://api.army.mil/e2/c/downloads/2023/01/31/46ca3edd/training-to-improve-basic-combat-skills-sep-17-public.pdf,likely_public_domain,not checked,,,https://www.amazon.com/s?k=Training+to+Improve+Basic+Combat+Skills+%28Sep+17%29+%28Public%29.&i=stripbooks,1,https://www.army.mil/call,"US federal government work: not protected by copyright in the US (17 U.S.C. 105). Contractor- or grantee-written parts and third-party photos or text inside it can still be copyrighted, and the US may claim copyright in other countries, which matters when choosing sales territories."
2026-09-27,yes,Theater Planning Considerations for Displaced Persons in USARPAC AOR (Aug 17) (Public).,,pdf,Army Department,federal,,army.mil,https://api.army.mil/e2/c/downloads/2023/01/31/e37d1337/theater-planning-considerations-for-displaced-persons-in-usarpac-aor-aug-17-public.pdf,likely_public_domain,not checked,,,https://www.amazon.com/s?k=Theater+Planning+Considerations+for+Displaced+Persons+in+USARPAC+AOR+%28Aug+17%29+%28Public%29.&i=stripbooks,1,https://www.army.mil/call,"US federal government work: not protected by copyright in the US (17 U.S.C. 105). Contractor- or grantee-written parts and third-party photos or text inside it can still be copyrighted, and the US may claim copyright in other countries, which matters when choosing sales territories."
2026-09-27,yes,Religious Support Planning in Decisive Action Training Environment (Jun 17) (Public).,,pdf,Army Department,federal,,army.mil,https://api.army.mil/e2/c/downloads/2023/01/31/3e1db9db/religious-support-planning-in-decisive-action-training-environment-jun-17-public.pdf,likely_public_domain,not checked,,,https://www.amazon.com/s?k=Religious+Support+Planning+in+Decisive+Action+Training+Environment+%28Jun+17%29+%28Public%29.&i=stripbooks,1,https://www.army.mil/call,"US federal government work: not protected by copyright in the US (17 U.S.C. 105). Contractor- or grantee-written parts and third-party photos or text inside it can still be copyrighted, and the US may claim copyright in other countries, which matters when choosing sales territories."
2026-09-27,yes,Religious Affairs in the HOA (Sep 17) (Public).,,pdf,Army Department,federal,,army.mil,https://api.army.mil/e2/c/downloads/2023/01/31/05d2b198/religious-affairs-in-the-hoa-sep-17-public.pdf,likely_public_domain,not checked,,,https://www.amazon.com/s?k=Religious+Affairs+in+the+HOA+%28Sep+17%29+%28Public%29.&i=stripbooks,1,https://www.army.mil/call,"US federal government work: not protected by copyright in the US (17 U.S.C. 105). Contractor- or grantee-written parts and third-party photos or text inside it can still be copyrighted, and the US may claim copyright in other countries, which matters when choosing sales territories."
2026-09-27,yes,Refocusing Counterinsurgency (COIN) Centric Fire Support (Sep 17) (Public).,,pdf,Army Department,federal,,army.mil,https://api.army.mil/e2/c/downloads/2023/01/31/451ecce4/refocusing-counterinsurgency-coin-centric-fire-support-sep-17-public.pdf,likely_public_domain,not checked,,,https://www.amazon.com/s?k=Refocusing+Counterinsurgency+%28COIN%29+Centric+Fire+Support+%28Sep+17%29+%28Public%29.&i=stripbooks,1,https://www.army.mil/call,"US federal government work: not protected by copyright in the US (17 U.S.C. 105). Contractor- or grantee-written parts and third-party photos or text inside it can still be copyrighted, and the US may claim copyright in other countries, which matters when choosing sales territories."
2026-09-27,yes,OPFOR vs RTU sUAS at the JMRC (Apr 17) (Public).,,pdf,Army Department,federal,,army.mil,https://api.army.mil/e2/c/downloads/2023/01/31/9163a948/opfor-vs-rtu-suas-at-the-jmrc-apr-17-public.pdf,likely_public_domain,not checked,,,https://www.amazon.com/s?k=OPFOR+vs+RTU+sUAS+at+the+JMRC+%28Apr+17%29+%28Public%29.&i=stripbooks,1,https://www.army.mil/call,"US federal government work: not protected by copyright in the US (17 U.S.C. 105). Contractor- or grantee-written parts and third-party photos or text inside it can still be copyrighted, and the US may claim copyright in other countries, which matters when choosing sales territories."
2026-09-27,yes,Operating in the Interorganizational Environment - Insights from US Army Africa (Oct 17) (Public).,,pdf,Army Department,federal,,army.mil,https://api.army.mil/e2/c/downloads/2023/01/31/7a01f8cc/operating-in-the-interorganizational-environment-insights-from-us-army-africa-oct-17-public.pdf,likely_public_domain,not checked,,,https://www.amazon.com/s?k=Operating+in+the+Interorganizational+Environment+-+Insights+from+US+Army+Africa+%28Oct&i=stripbooks,1,https://www.army.mil/call,"US federal government work: not protected by copyright in the US (17 U.S.C. 105). Contractor- or grantee-written parts and third-party photos or text inside it can still be copyrighted, and the US may claim copyright in other countries, which matters when choosing sales territories."
2026-09-27,yes,Multi-Domain Battle in Pacific Sentry 17-03 (Dec 17) (Public).,,pdf,Army Department,federal,,army.mil,https://api.army.mil/e2/c/downloads/2023/01/31/fd59da00/multi-domain-battle-in-pacific-sentry-17-03-dec-17-public.pdf,likely_public_domain,not checked,,,https://www.amazon.com/s?k=Multi-Domain+Battle+in+Pacific+Sentry+17-03+%28Dec+17%29+%28Public%29.&i=stripbooks,1,https://www.army.mil/call,"US federal government work: not protected by copyright in the US (17 U.S.C. 105). Contractor- or grantee-written parts and third-party photos or text inside it can still be copyrighted, and the US may claim copyright in other countries, which matters when choosing sales territories."
2026-09-27,yes,Ministerial Advisors (Aug 17) (Public).,,pdf,Army Department,federal,,army.mil,https://api.army.mil/e2/c/downloads/2023/01/31/c0b52243/ministerial-advisors-aug-17-public.pdf,likely_public_domain,not checked,,,https://www.amazon.com/s?k=Ministerial+Advisors+%28Aug+17%29+%28Public%29.&i=stripbooks,1,https://www.army.mil/call,"US federal government work: not protected by copyright in the US (17 U.S.C. 105). Contractor- or grantee-written parts and third-party photos or text inside it can still be copyrighted, and the US may claim copyright in other countries, which matters when choosing sales territories."
2026-09-27,yes,Intelligence Support to Sustainment (Oct 17) (Public).,,pdf,Army Department,federal,,army.mil,https://api.army.mil/e2/c/downloads/2023/01/31/2842e2d4/intelligence-support-to-sustainment-oct-17-public.pdf,likely_public_domain,not checked,,,https://www.amazon.com/s?k=Intelligence+Support+to+Sustainment+%28Oct+17%29+%28Public%29.&i=stripbooks,1,https://www.army.mil/call,"US federal government work: not protected by copyright in the US (17 U.S.C. 105). Contractor- or grantee-written parts and third-party photos or text inside it can still be copyrighted, and the US may claim copyright in other countries, which matters when choosing sales territories."
2026-09-27,yes,Insights from the Liberation of Musul - Revisiting Counterinsurgency Strategy (Nov 17) (Public).,,pdf,Army Department,federal,,army.mil,https://api.army.mil/e2/c/downloads/2023/01/31/07a7a9c7/insights-from-the-liberation-of-musul-revisiting-counterinsurgency-strategy-nov-17-public.pdf,likely_public_domain,not checked,,,https://www.amazon.com/s?k=Insights+from+the+Liberation+of+Musul+-+Revisiting+Counterinsurgency+Strategy+%28Nov+17%29&i=stripbooks,1,https://www.army.mil/call,"US federal government work: not protected by copyright in the US (17 U.S.C. 105). Contractor- or grantee-written parts and third-party photos or text inside it can still be copyrighted, and the US may claim copyright in other countries, which matters when choosing sales territories."
2026-09-27,yes,Insights from MG Martin CG 1ID (Oct 17) (Public).,,pdf,Army Department,federal,,army.mil,https://api.army.mil/e2/c/downloads/2023/01/31/f6f20311/insights-from-mg-martin-cg-1id-oct-17-public.pdf,likely_public_domain,not checked,,,https://www.amazon.com/s?k=Insights+from+MG+Martin+CG+1ID+%28Oct+17%29+%28Public%29.&i=stripbooks,1,https://www.army.mil/call,"US federal government work: not protected by copyright in the US (17 U.S.C. 105). Contractor- or grantee-written parts and third-party photos or text inside it can still be copyrighted, and the US may claim copyright in other countries, which matters when choosing sales territories."
2026-09-27,yes,Combat Engineer Ops as a Service-Based Industry (May 17) (Public).,,pdf,Army Department,federal,,army.mil,https://api.army.mil/e2/c/downloads/2023/01/31/1f862b91/combat-engineer-ops-as-a-service-based-industry-may-17-public.pdf,likely_public_domain,not checked,,,https://www.amazon.com/s?k=Combat+Engineer+Ops+as+a+Service-Based+Industry+%28May+17%29+%28Public%29.&i=stripbooks,1,https://www.army.mil/call,"US federal government work: not protected by copyright in the US (17 U.S.C. 105). Contractor- or grantee-written parts and third-party photos or text inside it can still be copyrighted, and the US may claim copyright in other countries, which matters when choosing sales territories."
2026-09-27,yes,CJTF-OIR Operations and Targeting Board (Jul 17) (Public).,,pdf,Army Department,federal,,army.mil,https://api.army.mil/e2/c/downloads/2023/01/31/aab7b2a9/cjtf-oir-operations-and-targeting-board-jul-17-public.pdf,likely_public_domain,not checked,,,https://www.amazon.com/s?k=CJTF-OIR+Operations+and+Targeting+Board+%28Jul+17%29+%28Public%29.&i=stripbooks,1,https://www.army.mil/call,"US federal government work: not protected by copyright in the US (17 U.S.C. 105). Contractor- or grantee-written parts and third-party photos or text inside it can still be copyrighted, and the US may claim copyright in other countries, which matters when choosing sales territories."
2026-09-27,yes,CJTF KM (Apr 17) (Public).,,pdf,Army Department,federal,,army.mil,https://api.army.mil/e2/c/downloads/2023/01/31/567e7fd0/cjtf-km-apr-17-public.pdf,likely_public_domain,not checked,,,https://www.amazon.com/s?k=CJTF+KM+%28Apr+17%29+%28Public%29.&i=stripbooks,1,https://www.army.mil/call,"US federal government work: not protected by copyright in the US (17 U.S.C. 105). Contractor- or grantee-written parts and third-party photos or text inside it can still be copyrighted, and the US may claim copyright in other countries, which matters when choosing sales territories."
2026-09-27,yes,Cavalry Operations at JRTC (Jun 17) (Public).,,pdf,Army Department,federal,,army.mil,https://api.army.mil/e2/c/downloads/2023/01/31/aa7c2663/cavalry-operations-at-jrtc-jun-17-public.pdf,likely_public_domain,not checked,,,https://www.amazon.com/s?k=Cavalry+Operations+at+JRTC+%28Jun+17%29+%28Public%29.&i=stripbooks,1,https://www.army.mil/call,"US federal government work: not protected by copyright in the US (17 U.S.C. 105). Contractor- or grantee-written parts and third-party photos or text inside it can still be copyrighted, and the US may claim copyright in other countries, which matters when choosing sales territories."
2026-09-27,yes,By With and Through Approach - An ASCC Perspective (Oct 17) (Public).,,pdf,Army Department,federal,,army.mil,https://api.army.mil/e2/c/downloads/2023/01/31/3e969616/by-with-and-through-approach-an-ascc-perspective-oct-17-public.pdf,likely_public_domain,not checked,,,https://www.amazon.com/s?k=By+With+and+Through+Approach+-+An+ASCC+Perspective+%28Oct+17%29+%28Public%29.&i=stripbooks,1,https://www.army.mil/call,"US federal government work: not protected by copyright in the US (17 U.S.C. 105). Contractor- or grantee-written parts and third-party photos or text inside it can still be copyrighted, and the US may claim copyright in other countries, which matters when choosing sales territories."
2026-09-27,yes,BCT Army Health System Operations (Aug 17) (Public).,,pdf,Army Department,federal,,army.mil,https://api.army.mil/e2/c/downloads/2023/01/31/c7d03541/bct-army-health-system-operations-aug-17-public.pdf,likely_public_domain,not checked,,,https://www.amazon.com/s?k=BCT+Army+Health+System+Operations+%28Aug+17%29+%28Public%29.&i=stripbooks,1,https://www.army.mil/call,"US federal government work: not protected by copyright in the US (17 U.S.C. 105). Contractor- or grantee-written parts and third-party photos or text inside it can still be copyrighted, and the US may claim copyright in other countries, which matters when choosing sales territories."
2026-09-27,yes,AfricanHorizons (Apr 17) (Public).,,pdf,Army Department,federal,,army.mil,https://api.army.mil/e2/c/downloads/2023/01/31/fef866e7/africanhorizons-apr-17-public.pdf,likely_public_domain,not checked,,,https://www.amazon.com/s?k=AfricanHorizons+%28Apr+17%29+%28Public%29.&i=stripbooks,1,https://www.army.mil/call,"US federal government work: not protected by copyright in the US (17 U.S.C. 105). Contractor- or grantee-written parts and third-party photos or text inside it can still be copyrighted, and the US may claim copyright in other countries, which matters when choosing sales territories."
2026-09-27,yes,Achieving Interoperability in a JIIM Environment (Aug 17) (Public).,,pdf,Army Department,federal,,army.mil,https://api.army.mil/e2/c/downloads/2023/01/31/90cb4db4/achieving-interoperability-in-a-jiim-environment-aug-17-public.pdf,likely_public_domain,not checked,,,https://www.amazon.com/s?k=Achieving+Interoperability+in+a+JIIM+Environment+%28Aug+17%29+%28Public%29.&i=stripbooks,1,https://www.army.mil/call,"US federal government work: not protected by copyright in the US (17 U.S.C. 105). Contractor- or grantee-written parts and third-party photos or text inside it can still be copyrighted, and the US may claim copyright in other countries, which matters when choosing sales territories."
2026-09-27,yes,1-153 IN Regt. TF Warrior CJTF-HOA PreDeployment Activities (Sep 17) (Public).,,pdf,Army Department,federal,,army.mil,https://api.army.mil/e2/c/downloads/2023/01/31/f9e81246/1-153-in-regt-tf-warrior-cjtf-hoa-predeployment-activities-sep-17-public.pdf,likely_public_domain,not checked,,,https://www.amazon.com/s?k=1-153+IN+Regt.+TF+Warrior+CJTF-HOA+PreDeployment+Activities+%28Sep+17%29+%28Public%29.&i=stripbooks,1,https://www.army.mil/call,"US federal government work: not protected by copyright in the US (17 U.S.C. 105). Contractor- or grantee-written parts and third-party photos or text inside it can still be copyrighted, and the US may claim copyright in other countries, which matters when choosing sales territories."
2026-09-27,yes,1 Air Cavalry BDE Deployment to USAREUR AOR ISO Atlantic Resolve (Nov 17) (Public).,,pdf,Army Department,federal,,army.mil,https://api.army.mil/e2/c/downloads/2023/01/31/96cec514/1-air-cavalry-bde-deployment-to-usareur-aor-iso-atlantic-resolve-nov-17-public.pdf,likely_public_domain,not checked,,,https://www.amazon.com/s?k=1+Air+Cavalry+BDE+Deployment+to+USAREUR+AOR+ISO+Atlantic+Resolve+%28Nov&i=stripbooks,1,https://www.army.mil/call,"US federal government work: not protected by copyright in the US (17 U.S.C. 105). Contractor- or grantee-written parts and third-party photos or text inside it can still be copyrighted, and the US may claim copyright in other countries, which matters when choosing sales territories."
2026-09-27,yes,17-24U_Mosul Study Group - What the Battle for Mosul Teaches the Force (Sep 17) (Public).,,pdf,Army Department,federal,,army.mil,https://api.army.mil/e2/c/downloads/2023/01/19/e9325e8b/17-24u-mosul-study-group-what-the-battle-for-mosul-teaches-the-force-sep-17-public.pdf,likely_public_domain,not checked,,,https://www.amazon.com/s?k=17-24U_Mosul+Study+Group+-+What+the+Battle+for+Mosul+Teaches+the+Force&i=stripbooks,1,https://www.army.mil/call,"US federal government work: not protected by copyright in the US (17 U.S.C. 105). Contractor- or grantee-written parts and third-party photos or text inside it can still be copyrighted, and the US may claim copyright in other countries, which matters when choosing sales territories."
2026-09-27,yes,Tropical Medicine Course CJTF-HOA (Sep 18) (Public).,,pdf,Army Department,federal,,army.mil,https://api.army.mil/e2/c/downloads/2023/01/31/877f5dd7/tropical-medicine-course-cjtf-hoa-sep-18-public.pdf,likely_public_domain,not checked,,,https://www.amazon.com/s?k=Tropical+Medicine+Course+CJTF-HOA+%28Sep+18%29+%28Public%29.&i=stripbooks,1,https://www.army.mil/call,"US federal government work: not protected by copyright in the US (17 U.S.C. 105). Contractor- or grantee-written parts and third-party photos or text inside it can still be copyrighted, and the US may claim copyright in other countries, which matters when choosing sales territories."
2026-09-27,yes,Three Roles of the BEB (Apr 18) (Public).,,pdf,Army Department,federal,,army.mil,https://api.army.mil/e2/c/downloads/2023/01/31/0f0c1b83/three-roles-of-the-beb-apr-18-public.pdf,likely_public_domain,not checked,,,https://www.amazon.com/s?k=Three+Roles+of+the+BEB+%28Apr+18%29+%28Public%29.&i=stripbooks,1,https://www.army.mil/call,"US federal government work: not protected by copyright in the US (17 U.S.C. 105). Contractor- or grantee-written parts and third-party photos or text inside it can still be copyrighted, and the US may claim copyright in other countries, which matters when choosing sales territories."
2026-09-27,yes,Theater Army as a CJTF ARCENT in Eager Lion 18 (Aug 18) (Public).,,pdf,Army Department,federal,,army.mil,https://api.army.mil/e2/c/downloads/2023/01/31/ccfe1712/theater-army-as-a-cjtf-arcent-in-eager-lion-18-aug-18-public.pdf,likely_public_domain,not checked,,,https://www.amazon.com/s?k=Theater+Army+as+a+CJTF+ARCENT+in+Eager+Lion+18+%28Aug+18%29&i=stripbooks,1,https://www.army.mil/call,"US federal government work: not protected by copyright in the US (17 U.S.C. 105). Contractor- or grantee-written parts and third-party photos or text inside it can still be copyrighted, and the US may claim copyright in other countries, which matters when choosing sales territories."
2026-09-27,yes,The Three-Generation Dilemma (Jun 18) (Public).,,pdf,Army Department,federal,,army.mil,https://api.army.mil/e2/c/downloads/2023/01/31/d339218b/the-three-generation-dilemma-jun-18-public.pdf,likely_public_domain,not checked,,,https://www.amazon.com/s?k=The+Three-Generation+Dilemma+%28Jun+18%29+%28Public%29.&i=stripbooks,1,https://www.army.mil/call,"US federal government work: not protected by copyright in the US (17 U.S.C. 105). Contractor- or grantee-written parts and third-party photos or text inside it can still be copyrighted, and the US may claim copyright in other countries, which matters when choosing sales territories."
2026-09-27,yes,The OPSYNC (Jan 18) (Public).,,pdf,Army Department,federal,,army.mil,https://api.army.mil/e2/c/downloads/2023/01/31/d7fcad1f/the-opsync-jan-18-public.pdf,likely_public_domain,not checked,,,https://www.amazon.com/s?k=The+OPSYNC+%28Jan+18%29+%28Public%29.&i=stripbooks,1,https://www.army.mil/call,"US federal government work: not protected by copyright in the US (17 U.S.C. 105). Contractor- or grantee-written parts and third-party photos or text inside it can still be copyrighted, and the US may claim copyright in other countries, which matters when choosing sales territories."
2026-09-27,yes,The Next Arms Race (Aug 18) (Public).,,pdf,Army Department,federal,,army.mil,https://api.army.mil/e2/c/downloads/2023/01/31/27782fbb/the-next-arms-race-aug-18-public.pdf,likely_public_domain,not checked,,,https://www.amazon.com/s?k=The+Next+Arms+Race+%28Aug+18%29+%28Public%29.&i=stripbooks,1,https://www.army.mil/call,"US federal government work: not protected by copyright in the US (17 U.S.C. 105). Contractor- or grantee-written parts and third-party photos or text inside it can still be copyrighted, and the US may claim copyright in other countries, which matters when choosing sales territories."
2026-09-27,yes,Sustainment BDE Staff's Critical Path (Mar 18) (Public).,,pdf,Army Department,federal,,army.mil,https://api.army.mil/e2/c/downloads/2023/01/31/7ca5ff70/sustainment-bde-staff-s-critical-path-mar-18-public.pdf,likely_public_domain,not checked,,,https://www.amazon.com/s?k=Sustainment+BDE+Staff%27s+Critical+Path+%28Mar+18%29+%28Public%29.&i=stripbooks,1,https://www.army.mil/call,"US federal government work: not protected by copyright in the US (17 U.S.C. 105). Contractor- or grantee-written parts and third-party photos or text inside it can still be copyrighted, and the US may claim copyright in other countries, which matters when choosing sales territories."
2026-09-27,yes,Setting the Theater in the Pacific (Jan 18) (Public).,,pdf,Army Department,federal,,army.mil,https://api.army.mil/e2/c/downloads/2023/01/31/5cd8fc61/setting-the-theater-in-the-pacific-jan-18-public.pdf,likely_public_domain,not checked,,,https://www.amazon.com/s?k=Setting+the+Theater+in+the+Pacific+%28Jan+18%29+%28Public%29.&i=stripbooks,1,https://www.army.mil/call,"US federal government work: not protected by copyright in the US (17 U.S.C. 105). Contractor- or grantee-written parts and third-party photos or text inside it can still be copyrighted, and the US may claim copyright in other countries, which matters when choosing sales territories."
2026-09-27,yes,Setting the Pacific Theater - Mission Command (Feb 18) (Public).,,pdf,Army Department,federal,,army.mil,https://api.army.mil/e2/c/downloads/2023/01/31/6bbd9f73/setting-the-pacific-theater-mission-command-feb-18-public.pdf,likely_public_domain,not checked,,,https://www.amazon.com/s?k=Setting+the+Pacific+Theater+-+Mission+Command+%28Feb+18%29+%28Public%29.&i=stripbooks,1,https://www.army.mil/call,"US federal government work: not protected by copyright in the US (17 U.S.C. 105). Contractor- or grantee-written parts and third-party photos or text inside it can still be copyrighted, and the US may claim copyright in other countries, which matters when choosing sales territories."
2026-09-27,yes,Senior Advisor Training Building the Ready Bench (May 18) (Public).,,pdf,Army Department,federal,,army.mil,https://api.army.mil/e2/c/downloads/2023/01/31/39de960b/senior-advisor-training-building-the-ready-bench-may-18-public.pdf,likely_public_domain,not checked,,,https://www.amazon.com/s?k=Senior+Advisor+Training+Building+the+Ready+Bench+%28May+18%29+%28Public%29.&i=stripbooks,1,https://www.army.mil/call,"US federal government work: not protected by copyright in the US (17 U.S.C. 105). Contractor- or grantee-written parts and third-party photos or text inside it can still be copyrighted, and the US may claim copyright in other countries, which matters when choosing sales territories."
2026-09-27,yes,Security Cooperation in Iraq - Insights from Brig. Gen. Hinote (Aug 18) (Public).,,pdf,Army Department,federal,,army.mil,https://api.army.mil/e2/c/downloads/2023/01/31/d04e6929/security-cooperation-in-iraq-insights-from-brig-gen-hinote-aug-18-public.pdf,likely_public_domain,not checked,,,https://www.amazon.com/s?k=Security+Cooperation+in+Iraq+-+Insights+from+Brig.+Gen.+Hinote+%28Aug+18%29&i=stripbooks,1,https://www.army.mil/call,"US federal government work: not protected by copyright in the US (17 U.S.C. 105). Contractor- or grantee-written parts and third-party photos or text inside it can still be copyrighted, and the US may claim copyright in other countries, which matters when choosing sales territories."
2026-09-27,yes,Saber Guardian 17 ISB Operations (Aug 18) (Public).,,pdf,Army Department,federal,,army.mil,https://api.army.mil/e2/c/downloads/2023/01/31/8361c327/saber-guardian-17-isb-operations-aug-18-public.pdf,likely_public_domain,not checked,,,https://www.amazon.com/s?k=Saber+Guardian+17+ISB+Operations+%28Aug+18%29+%28Public%29.&i=stripbooks,1,https://www.army.mil/call,"US federal government work: not protected by copyright in the US (17 U.S.C. 105). Contractor- or grantee-written parts and third-party photos or text inside it can still be copyrighted, and the US may claim copyright in other countries, which matters when choosing sales territories."
2026-09-27,yes,Response Cell Ops for BDE WFX (Apr 18) (Public).,,pdf,Army Department,federal,,army.mil,https://api.army.mil/e2/c/downloads/2023/01/31/fa855939/response-cell-ops-for-bde-wfx-apr-18-public.pdf,likely_public_domain,not checked,,,https://www.amazon.com/s?k=Response+Cell+Ops+for+BDE+WFX+%28Apr+18%29+%28Public%29.&i=stripbooks,1,https://www.army.mil/call,"US federal government work: not protected by copyright in the US (17 U.S.C. 105). Contractor- or grantee-written parts and third-party photos or text inside it can still be copyrighted, and the US may claim copyright in other countries, which matters when choosing sales territories."
2026-09-27,yes,Religious Support Team Actions During MASCAL (Feb 18) (Public).,,pdf,Army Department,federal,,army.mil,https://api.army.mil/e2/c/downloads/2023/01/31/b6898f75/religious-support-team-actions-during-mascal-feb-18-public.pdf,likely_public_domain,not checked,,,https://www.amazon.com/s?k=Religious+Support+Team+Actions+During+MASCAL+%28Feb+18%29+%28Public%29.&i=stripbooks,1,https://www.army.mil/call,"US federal government work: not protected by copyright in the US (17 U.S.C. 105). Contractor- or grantee-written parts and third-party photos or text inside it can still be copyrighted, and the US may claim copyright in other countries, which matters when choosing sales territories."
2026-09-27,yes,Questions of MGS Platoon Relationships within SBCT (Aug 18) (Public).,,pdf,Army Department,federal,,army.mil,https://api.army.mil/e2/c/downloads/2023/01/31/65df27be/questions-of-mgs-platoon-relationships-within-sbct-aug-18-public.pdf,likely_public_domain,not checked,,,https://www.amazon.com/s?k=Questions+of+MGS+Platoon+Relationships+within+SBCT+%28Aug+18%29+%28Public%29.&i=stripbooks,1,https://www.army.mil/call,"US federal government work: not protected by copyright in the US (17 U.S.C. 105). Contractor- or grantee-written parts and third-party photos or text inside it can still be copyrighted, and the US may claim copyright in other countries, which matters when choosing sales territories."
2026-09-27,yes,Preparing the BEB for the JRTC (Jan 18) (Public).,,pdf,Army Department,federal,,army.mil,https://api.army.mil/e2/c/downloads/2023/01/31/2ce318e4/preparing-the-beb-for-the-jrtc-jan-18-public.pdf,likely_public_domain,not checked,,,https://www.amazon.com/s?k=Preparing+the+BEB+for+the+JRTC+%28Jan+18%29+%28Public%29.&i=stripbooks,1,https://www.army.mil/call,"US federal government work: not protected by copyright in the US (17 U.S.C. 105). Contractor- or grantee-written parts and third-party photos or text inside it can still be copyrighted, and the US may claim copyright in other countries, which matters when choosing sales territories."
2026-09-27,yes,PESCAA S-6 Ops (Apr 18) (Public).,,pdf,Army Department,federal,,army.mil,https://api.army.mil/e2/c/downloads/2023/01/31/119c2e92/pescaa-s-6-ops-apr-18-public.pdf,likely_public_domain,not checked,,,https://www.amazon.com/s?k=PESCAA+S-6+Ops+%28Apr+18%29+%28Public%29.&i=stripbooks,1,https://www.army.mil/call,"US federal government work: not protected by copyright in the US (17 U.S.C. 105). Contractor- or grantee-written parts and third-party photos or text inside it can still be copyrighted, and the US may claim copyright in other countries, which matters when choosing sales territories."
2026-09-27,yes,Operation Sentinel French Homeland Security Operation (Dec 18) (Public).,,pdf,Army Department,federal,,army.mil,https://api.army.mil/e2/c/downloads/2023/01/31/a55ddb19/operation-sentinel-french-homeland-security-operation-dec-18-public.pdf,likely_public_domain,not checked,,,https://www.amazon.com/s?k=Operation+Sentinel+French+Homeland+Security+Operation+%28Dec+18%29+%28Public%29.&i=stripbooks,1,https://www.army.mil/call,"US federal government work: not protected by copyright in the US (17 U.S.C. 105). Contractor- or grantee-written parts and third-party photos or text inside it can still be copyrighted, and the US may claim copyright in other countries, which matters when choosing sales territories."
2026-09-27,yes,Multinational Interoperability Tactical-level considerations in Afghanistan (Dec 18) (Public).,,pdf,Army Department,federal,,army.mil,https://api.army.mil/e2/c/downloads/2023/01/31/a60f89a9/multinational-interoperability-tactical-level-considerations-in-afghanistan-dec-18-public.pdf,likely_public_domain,not checked,,,https://www.amazon.com/s?k=Multinational+Interoperability+Tactical-level+considerations+in+Afghanistan+%28Dec+18%29+%28Public%29.&i=stripbooks,1,https://www.army.mil/call,"US federal government work: not protected by copyright in the US (17 U.S.C. 105). Contractor- or grantee-written parts and third-party photos or text inside it can still be copyrighted, and the US may claim copyright in other countries, which matters when choosing sales territories."
2026-09-27,yes,Military Art (Nov 18) (Public).,,pdf,Army Department,federal,,army.mil,https://api.army.mil/e2/c/downloads/2023/01/31/6e6cb392/military-art-nov-18-public.pdf,likely_public_domain,not checked,,,https://www.amazon.com/s?k=Military+Art+%28Nov+18%29+%28Public%29.&i=stripbooks,1,https://www.army.mil/call,"US federal government work: not protected by copyright in the US (17 U.S.C. 105). Contractor- or grantee-written parts and third-party photos or text inside it can still be copyrighted, and the US may claim copyright in other countries, which matters when choosing sales territories."
2026-09-27,yes,Medical Prep and Prevention in the HOA (Apr 18) (Public).,,pdf,Army Department,federal,,army.mil,https://api.army.mil/e2/c/downloads/2023/01/31/65282866/medical-prep-and-prevention-in-the-hoa-apr-18-public.pdf,likely_public_domain,not checked,,,https://www.amazon.com/s?k=Medical+Prep+and+Prevention+in+the+HOA+%28Apr+18%29+%28Public%29.&i=stripbooks,1,https://www.army.mil/call,"US federal government work: not protected by copyright in the US (17 U.S.C. 105). Contractor- or grantee-written parts and third-party photos or text inside it can still be copyrighted, and the US may claim copyright in other countries, which matters when choosing sales territories."
2026-09-27,yes,Manning for Ops - Org the BSB for JRTC Rotation (Mar 18) (Public).,,pdf,Army Department,federal,,army.mil,https://api.army.mil/e2/c/downloads/2023/01/31/6b5a8d31/manning-for-ops-org-the-bsb-for-jrtc-rotation-mar-18-public.pdf,likely_public_domain,not checked,,,https://www.amazon.com/s?k=Manning+for+Ops+-+Org+the+BSB+for+JRTC+Rotation+%28Mar+18%29&i=stripbooks,1,https://www.army.mil/call,"US federal government work: not protected by copyright in the US (17 U.S.C. 105). Contractor- or grantee-written parts and third-party photos or text inside it can still be copyrighted, and the US may claim copyright in other countries, which matters when choosing sales territories."
2026-09-27,yes,LTG Funk III Corps - CJTF-OIR CG Insights (Mar 18) (Public).,,pdf,Army Department,federal,,army.mil,https://api.army.mil/e2/c/downloads/2023/01/31/fca0d221/ltg-funk-iii-corps-cjtf-oir-cg-insights-mar-18-public.pdf,likely_public_domain,not checked,,,https://www.amazon.com/s?k=LTG+Funk+III+Corps+-+CJTF-OIR+CG+Insights+%28Mar+18%29+%28Public%29.&i=stripbooks,1,https://www.army.mil/call,"US federal government work: not protected by copyright in the US (17 U.S.C. 105). Contractor- or grantee-written parts and third-party photos or text inside it can still be copyrighted, and the US may claim copyright in other countries, which matters when choosing sales territories."
2026-09-27,yes,Leveraging the Interagency (Jan 18) (Public).,,pdf,Army Department,federal,,army.mil,https://api.army.mil/e2/c/downloads/2023/01/31/5186d3b8/leveraging-the-interagency-jan-18-public.pdf,likely_public_domain,not checked,,,https://www.amazon.com/s?k=Leveraging+the+Interagency+%28Jan+18%29+%28Public%29.&i=stripbooks,1,https://www.army.mil/call,"US federal government work: not protected by copyright in the US (17 U.S.C. 105). Contractor- or grantee-written parts and third-party photos or text inside it can still be copyrighted, and the US may claim copyright in other countries, which matters when choosing sales territories."
2026-09-27,yes,Leveraging Information at the BDE Level (Oct 18) (Public).,,pdf,Army Department,federal,,army.mil,https://api.army.mil/e2/c/downloads/2023/01/31/a161aacc/leveraging-information-at-the-bde-level-oct-18-public.pdf,likely_public_domain,not checked,,,https://www.amazon.com/s?k=Leveraging+Information+at+the+BDE+Level+%28Oct+18%29+%28Public%29.&i=stripbooks,1,https://www.army.mil/call,"US federal government work: not protected by copyright in the US (17 U.S.C. 105). Contractor- or grantee-written parts and third-party photos or text inside it can still be copyrighted, and the US may claim copyright in other countries, which matters when choosing sales territories."
2026-09-27,yes,Lessons We Don't Learn (Aug 18) (Public).,,pdf,Army Department,federal,,army.mil,https://api.army.mil/e2/c/downloads/2023/01/31/04f4c0c5/lessons-we-don-t-learn-aug-18-public.pdf,likely_public_domain,not checked,,,https://www.amazon.com/s?k=Lessons+We+Don%27t+Learn+%28Aug+18%29+%28Public%29.&i=stripbooks,1,https://www.army.mil/call,"US federal government work: not protected by copyright in the US (17 U.S.C. 105). Contractor- or grantee-written parts and third-party photos or text inside it can still be copyrighted, and the US may claim copyright in other countries, which matters when choosing sales territories."
2026-09-27,yes,KM at Company and BN (Jan 18) (Public).,,pdf,Army Department,federal,,army.mil,https://api.army.mil/e2/c/downloads/2023/01/31/fde6d37c/km-at-company-and-bn-jan-18-public.pdf,likely_public_domain,not checked,,,https://www.amazon.com/s?k=KM+at+Company+and+BN+%28Jan+18%29+%28Public%29.&i=stripbooks,1,https://www.army.mil/call,"US federal government work: not protected by copyright in the US (17 U.S.C. 105). Contractor- or grantee-written parts and third-party photos or text inside it can still be copyrighted, and the US may claim copyright in other countries, which matters when choosing sales territories."
2026-09-27,yes,Intro to GIS (Apr 18) (Public).,,pdf,Army Department,federal,,army.mil,https://api.army.mil/e2/c/downloads/2023/01/31/53543d40/intro-to-gis-apr-18-public.pdf,likely_public_domain,not checked,,,https://www.amazon.com/s?k=Intro+to+GIS+%28Apr+18%29+%28Public%29.&i=stripbooks,1,https://www.army.mil/call,"US federal government work: not protected by copyright in the US (17 U.S.C. 105). Contractor- or grantee-written parts and third-party photos or text inside it can still be copyrighted, and the US may claim copyright in other countries, which matters when choosing sales territories."
2026-09-27,yes,Insights from MG White CG 1AD and CJFLCC-OIR (May 18) (Public).,,pdf,Army Department,federal,,army.mil,https://api.army.mil/e2/c/downloads/2023/01/31/c7446127/insights-from-mg-white-cg-1ad-and-cjflcc-oir-may-18-public.pdf,likely_public_domain,not checked,,,https://www.amazon.com/s?k=Insights+from+MG+White+CG+1AD+and+CJFLCC-OIR+%28May+18%29+%28Public%29.&i=stripbooks,1,https://www.army.mil/call,"US federal government work: not protected by copyright in the US (17 U.S.C. 105). Contractor- or grantee-written parts and third-party photos or text inside it can still be copyrighted, and the US may claim copyright in other countries, which matters when choosing sales territories."
2026-09-27,yes,Id Solutions to Complex Problems - How Bright Spots May Change the Army (Jan 18) (Public).,,pdf,Army Department,federal,,army.mil,https://api.army.mil/e2/c/downloads/2023/01/31/11c5fe36/id-solutions-to-complex-problems-how-bright-spots-may-change-the-army-jan-18-public.pdf,likely_public_domain,not checked,,,https://www.amazon.com/s?k=Id+Solutions+to+Complex+Problems+-+How+Bright+Spots+May+Change+the&i=stripbooks,1,https://www.army.mil/call,"US federal government work: not protected by copyright in the US (17 U.S.C. 105). Contractor- or grantee-written parts and third-party photos or text inside it can still be copyrighted, and the US may claim copyright in other countries, which matters when choosing sales territories."
2026-09-27,yes,Hurricane Maria Relief Operations (Jan 18) (Public).,,pdf,Army Department,federal,,army.mil,https://api.army.mil/e2/c/downloads/2023/01/31/2d7c330a/hurricane-maria-relief-operations-jan-18-public.pdf,likely_public_domain,not checked,,,https://www.amazon.com/s?k=Hurricane+Maria+Relief+Operations+%28Jan+18%29+%28Public%29.&i=stripbooks,1,https://www.army.mil/call,"US federal government work: not protected by copyright in the US (17 U.S.C. 105). Contractor- or grantee-written parts and third-party photos or text inside it can still be copyrighted, and the US may claim copyright in other countries, which matters when choosing sales territories."
2026-09-27,yes,Human Resources Ops Branch (Mar 18) (Public).,,pdf,Army Department,federal,,army.mil,https://api.army.mil/e2/c/downloads/2023/01/31/4aaa34f8/human-resources-ops-branch-mar-18-public.pdf,likely_public_domain,not checked,,,https://www.amazon.com/s?k=Human+Resources+Ops+Branch+%28Mar+18%29+%28Public%29.&i=stripbooks,1,https://www.army.mil/call,"US federal government work: not protected by copyright in the US (17 U.S.C. 105). Contractor- or grantee-written parts and third-party photos or text inside it can still be copyrighted, and the US may claim copyright in other countries, which matters when choosing sales territories."
2026-09-27,yes,GTA 07-71-001 Combat Skills for Small Unit Leaders (Apr 18) (Public).,,pdf,Army Department,federal,,army.mil,https://api.army.mil/e2/c/downloads/2023/01/31/c0ff0df4/gta-07-71-001-combat-skills-for-small-unit-leaders-apr-18-public.pdf,likely_public_domain,not checked,,,https://www.amazon.com/s?k=GTA+07-71-001+Combat+Skills+for+Small+Unit+Leaders+%28Apr+18%29+%28Public%29.&i=stripbooks,1,https://www.army.mil/call,"US federal government work: not protected by copyright in the US (17 U.S.C. 105). Contractor- or grantee-written parts and third-party photos or text inside it can still be copyrighted, and the US may claim copyright in other countries, which matters when choosing sales territories."
2026-09-27,yes,Fuct and Integrating Cells in Sustainment BDE Staffs Enable the Operations Process (Mar 18) (Public).,,pdf,Army Department,federal,,army.mil,https://api.army.mil/e2/c/downloads/2023/01/31/d440c787/fuct-and-integrating-cells-in-sustainment-bde-staffs-enable-the-operations-process-mar-18-public.pdf,likely_public_domain,not checked,,,https://www.amazon.com/s?k=Fuct+and+Integrating+Cells+in+Sustainment+BDE+Staffs+Enable+the+Operations+Process&i=stripbooks,1,https://www.army.mil/call,"US federal government work: not protected by copyright in the US (17 U.S.C. 105). Contractor- or grantee-written parts and third-party photos or text inside it can still be copyrighted, and the US may claim copyright in other countries, which matters when choosing sales territories."
2026-09-27,yes,Fixing Your Communications (RSOI) (Jan 18) (Public).,,pdf,Army Department,federal,,army.mil,https://api.army.mil/e2/c/downloads/2023/01/31/fadb3ef8/fixing-your-communications-rsoi-jan-18-public.pdf,likely_public_domain,not checked,,,https://www.amazon.com/s?k=Fixing+Your+Communications+%28RSOI%29+%28Jan+18%29+%28Public%29.&i=stripbooks,1,https://www.army.mil/call,"US federal government work: not protected by copyright in the US (17 U.S.C. 105). Contractor- or grantee-written parts and third-party photos or text inside it can still be copyrighted, and the US may claim copyright in other countries, which matters when choosing sales territories."
2026-09-27,yes,Filling Operational Capability Gaps in Theater (Sep 18) (Public).,,pdf,Army Department,federal,,army.mil,https://api.army.mil/e2/c/downloads/2023/01/31/dfd142ca/filling-operational-capability-gaps-in-theater-sep-18-public.pdf,likely_public_domain,not checked,,,https://www.amazon.com/s?k=Filling+Operational+Capability+Gaps+in+Theater+%28Sep+18%29+%28Public%29.&i=stripbooks,1,https://www.army.mil/call,"US federal government work: not protected by copyright in the US (17 U.S.C. 105). Contractor- or grantee-written parts and third-party photos or text inside it can still be copyrighted, and the US may claim copyright in other countries, which matters when choosing sales territories."
2026-09-27,yes,Enabling Capacity Building through English Discussion Groups (Nov 18) (Public).,,pdf,Army Department,federal,,army.mil,https://api.army.mil/e2/c/downloads/2023/01/31/d1f0d999/enabling-capacity-building-through-english-discussion-groups-nov-18-public.pdf,likely_public_domain,not checked,,,https://www.amazon.com/s?k=Enabling+Capacity+Building+through+English+Discussion+Groups+%28Nov+18%29+%28Public%29.&i=stripbooks,1,https://www.army.mil/call,"US federal government work: not protected by copyright in the US (17 U.S.C. 105). Contractor- or grantee-written parts and third-party photos or text inside it can still be copyrighted, and the US may claim copyright in other countries, which matters when choosing sales territories."
2026-09-27,yes,Deploying a Supply Support Activity to an Immature Operational Area (Apr 18) (Public).,,pdf,Army Department,federal,,army.mil,https://api.army.mil/e2/c/downloads/2023/01/31/50460429/deploying-a-supply-support-activity-to-an-immature-operational-area-apr-18-public.pdf,likely_public_domain,not checked,,,https://www.amazon.com/s?k=Deploying+a+Supply+Support+Activity+to+an+Immature+Operational+Area+%28Apr+18%29&i=stripbooks,1,https://www.army.mil/call,"US federal government work: not protected by copyright in the US (17 U.S.C. 105). Contractor- or grantee-written parts and third-party photos or text inside it can still be copyrighted, and the US may claim copyright in other countries, which matters when choosing sales territories."
2026-09-27,yes,Counter Illicit Trafficking Training in Tanzania (Oct 18) (Public).,,pdf,Army Department,federal,,army.mil,https://api.army.mil/e2/c/downloads/2023/01/31/0ba37f23/counter-illicit-trafficking-training-in-tanzania-oct-18-public.pdf,likely_public_domain,not checked,,,https://www.amazon.com/s?k=Counter+Illicit+Trafficking+Training+in+Tanzania+%28Oct+18%29+%28Public%29.&i=stripbooks,1,https://www.army.mil/call,"US federal government work: not protected by copyright in the US (17 U.S.C. 105). Contractor- or grantee-written parts and third-party photos or text inside it can still be copyrighted, and the US may claim copyright in other countries, which matters when choosing sales territories."
2026-09-27,yes,Considerations for Multi-Domain Operation Success (Sep 18) (Public).,,pdf,Army Department,federal,,army.mil,https://api.army.mil/e2/c/downloads/2023/01/31/df6c6390/considerations-for-multi-domain-operation-success-sep-18-public.pdf,likely_public_domain,not checked,,,https://www.amazon.com/s?k=Considerations+for+Multi-Domain+Operation+Success+%28Sep+18%29+%28Public%29.&i=stripbooks,1,https://www.army.mil/call,"US federal government work: not protected by copyright in the US (17 U.S.C. 105). Contractor- or grantee-written parts and third-party photos or text inside it can still be copyrighted, and the US may claim copyright in other countries, which matters when choosing sales territories."
2026-09-27,yes,Class VIII Blood Supply Support to Current Operation for Medical Planners (Aug 18) (Public).,,pdf,Army Department,federal,,army.mil,https://api.army.mil/e2/c/downloads/2023/01/31/f24e889e/class-viii-blood-supply-support-to-current-operation-for-medical-planners-aug-18-public.pdf,likely_public_domain,not checked,,,https://www.amazon.com/s?k=Class+VIII+Blood+Supply+Support+to+Current+Operation+for+Medical+Planners+%28Aug&i=stripbooks,1,https://www.army.mil/call,"US federal government work: not protected by copyright in the US (17 U.S.C. 105). Contractor- or grantee-written parts and third-party photos or text inside it can still be copyrighted, and the US may claim copyright in other countries, which matters when choosing sales territories."
2026-09-27,yes,Challenges of Providing Relevant Advisor Training (Jan 18) (Public).,,pdf,Army Department,federal,,army.mil,https://api.army.mil/e2/c/downloads/2023/01/31/f2b963de/challenges-of-providing-relevant-advisor-training-jan-18-public.pdf,likely_public_domain,not checked,,,https://www.amazon.com/s?k=Challenges+of+Providing+Relevant+Advisor+Training+%28Jan+18%29+%28Public%29.&i=stripbooks,1,https://www.army.mil/call,"US federal government work: not protected by copyright in the US (17 U.S.C. 105). Contractor- or grantee-written parts and third-party photos or text inside it can still be copyrighted, and the US may claim copyright in other countries, which matters when choosing sales territories."
2026-09-27,yes,Camouflage in Medical Operations (Aug 18) (Public).,,pdf,Army Department,federal,,army.mil,https://api.army.mil/e2/c/downloads/2023/01/31/ac34d29c/camouflage-in-medical-operations-aug-18-public.pdf,likely_public_domain,not checked,,,https://www.amazon.com/s?k=Camouflage+in+Medical+Operations+%28Aug+18%29+%28Public%29.&i=stripbooks,1,https://www.army.mil/call,"US federal government work: not protected by copyright in the US (17 U.S.C. 105). Contractor- or grantee-written parts and third-party photos or text inside it can still be copyrighted, and the US may claim copyright in other countries, which matters when choosing sales territories."
2026-09-27,yes,Building Confidence and Trust in Leaders (Feb 18) (Public).,,pdf,Army Department,federal,,army.mil,https://api.army.mil/e2/c/downloads/2023/01/31/28ab1d4c/building-confidence-and-trust-in-leaders-feb-18-public.pdf,likely_public_domain,not checked,,,https://www.amazon.com/s?k=Building+Confidence+and+Trust+in+Leaders+%28Feb+18%29+%28Public%29.&i=stripbooks,1,https://www.army.mil/call,"US federal government work: not protected by copyright in the US (17 U.S.C. 105). Contractor- or grantee-written parts and third-party photos or text inside it can still be copyrighted, and the US may claim copyright in other countries, which matters when choosing sales territories."
2026-09-27,yes,BEB Role at the JRTC (Jan 18) (Public).,,pdf,Army Department,federal,,army.mil,https://api.army.mil/e2/c/downloads/2023/01/31/601b73da/beb-role-at-the-jrtc-jan-18-public.pdf,likely_public_domain,not checked,,,https://www.amazon.com/s?k=BEB+Role+at+the+JRTC+%28Jan+18%29+%28Public%29.&i=stripbooks,1,https://www.army.mil/call,"US federal government work: not protected by copyright in the US (17 U.S.C. 105). Contractor- or grantee-written parts and third-party photos or text inside it can still be copyrighted, and the US may claim copyright in other countries, which matters when choosing sales territories."
2026-09-27,yes,Army Logistics-Over-the-Shore Nautical Horizon 18 (Oct 18) (Public).,,pdf,Army Department,federal,,army.mil,https://api.army.mil/e2/c/downloads/2023/01/31/5dee5d6f/army-logistics-over-the-shore-nautical-horizon-18-oct-18-public.pdf,likely_public_domain,not checked,,,https://www.amazon.com/s?k=Army+Logistics-Over-the-Shore+Nautical+Horizon+18+%28Oct+18%29+%28Public%29.&i=stripbooks,1,https://www.army.mil/call,"US federal government work: not protected by copyright in the US (17 U.S.C. 105). Contractor- or grantee-written parts and third-party photos or text inside it can still be copyrighted, and the US may claim copyright in other countries, which matters when choosing sales territories."
2026-09-27,yes,"AH-64E Systems Integration, Lessons Learned in Support of 32 CR CALFEX AAR (Aug 18) (Public).",,pdf,Army Department,federal,,army.mil,https://api.army.mil/e2/c/downloads/2023/01/31/7495b2ef/ah-64e-systems-integration-lessons-learned-in-support-of-32-cr-calfex-aar-aug-18-public.pdf,likely_public_domain,not checked,,,https://www.amazon.com/s?k=AH-64E+Systems+Integration%2C+Lessons+Learned+in+Support+of+32+CR+CALFEX+AAR&i=stripbooks,1,https://www.army.mil/call,"US federal government work: not protected by copyright in the US (17 U.S.C. 105). Contractor- or grantee-written parts and third-party photos or text inside it can still be copyrighted, and the US may claim copyright in other countries, which matters when choosing sales territories."
2026-09-27,yes,Advising at the Ministerial Level in Afghanistan (Sep 18) (Public).,,pdf,Army Department,federal,,army.mil,https://api.army.mil/e2/c/downloads/2023/01/31/7d17716d/advising-at-the-ministerial-level-in-afghanistan-sep-18-public.pdf,likely_public_domain,not checked,,,https://www.amazon.com/s?k=Advising+at+the+Ministerial+Level+in+Afghanistan+%28Sep+18%29+%28Public%29.&i=stripbooks,1,https://www.army.mil/call,"US federal government work: not protected by copyright in the US (17 U.S.C. 105). Contractor- or grantee-written parts and third-party photos or text inside it can still be copyrighted, and the US may claim copyright in other countries, which matters when choosing sales territories."
2026-09-27,yes,18-33_Transition to a Joint Force Headquarters - Planning Insights for Echelons Above Brigade (Jul 18) (Public).,,pdf,Army Department,federal,,army.mil,https://api.army.mil/e2/c/downloads/2023/01/19/39844ad6/18-33-transition-to-a-joint-force-headquarters-planning-insights-for-echelons-above-brigade-jul-18-public.pdf,likely_public_domain,not checked,,,https://www.amazon.com/s?k=18-33_Transition+to+a+Joint+Force+Headquarters+-+Planning+Insights+for+Echelons+Above&i=stripbooks,1,https://www.army.mil/call,"US federal government work: not protected by copyright in the US (17 U.S.C. 105). Contractor- or grantee-written parts and third-party photos or text inside it can still be copyrighted, and the US may claim copyright in other countries, which matters when choosing sales territories."
2026-09-27,yes,18-30_Permanent Executive Secretariat Conference of American Armies Volume III (Jun 18) (Public).,,pdf,Army Department,federal,,army.mil,https://api.army.mil/e2/c/downloads/2023/01/19/34a27d0c/18-30-permanent-executive-secretariat-conference-of-american-armies-volume-iii-jun-18-public.pdf,likely_public_domain,not checked,,,https://www.amazon.com/s?k=18-30_Permanent+Executive+Secretariat+Conference+of+American+Armies+Volume+III+%28Jun+18%29+%28Public%29.&i=stripbooks,1,https://www.army.mil/call,"US federal government work: not protected by copyright in the US (17 U.S.C. 105). Contractor- or grantee-written parts and third-party photos or text inside it can still be copyrighted, and the US may claim copyright in other countries, which matters when choosing sales territories."
2026-09-27,yes,"18-07_U.S. Army Europe Reception, Staging, Onward Movement, and Integration (Dec 17) (Public).",,pdf,Army Department,federal,,army.mil,https://api.army.mil/e2/c/downloads/2023/01/19/6b357676/18-07-u-s-army-europe-reception-staging-onward-movement-and-integration-dec-17-public.pdf,likely_public_domain,not checked,,,https://www.amazon.com/s?k=18-07_U.S.+Army+Europe+Reception%2C+Staging%2C+Onward+Movement%2C+and+Integration+%28Dec+17%29+%28Public%29.&i=stripbooks,1,https://www.army.mil/call,"US federal government work: not protected by copyright in the US (17 U.S.C. 105). Contractor- or grantee-written parts and third-party photos or text inside it can still be copyrighted, and the US may claim copyright in other countries, which matters when choosing sales territories."
2026-09-27,yes,18-05_Strategic Landpower in Europe Special Study (Dec 17) (Public).,,pdf,Army Department,federal,,army.mil,https://api.army.mil/e2/c/downloads/2023/01/19/aee9a83a/18-05-strategic-landpower-in-europe-special-study-dec-17-public.pdf,likely_public_domain,not checked,,,https://www.amazon.com/s?k=18-05_Strategic+Landpower+in+Europe+Special+Study+%28Dec+17%29+%28Public%29.&i=stripbooks,1,https://www.army.mil/call,"US federal government work: not protected by copyright in the US (17 U.S.C. 105). Contractor- or grantee-written parts and third-party photos or text inside it can still be copyrighted, and the US may claim copyright in other countries, which matters when choosing sales territories."
2026-09-27,yes,"Winning in a Denied, Degraded, and Disrupted Space Environment (Feb 19) (Public).",,pdf,Army Department,federal,,army.mil,https://api.army.mil/e2/c/downloads/2023/01/31/4744b438/winning-in-a-denied-degraded-and-disrupted-space-environment-feb-19-public.pdf,likely_public_domain,not checked,,,https://www.amazon.com/s?k=Winning+in+a+Denied%2C+Degraded%2C+and+Disrupted+Space+Environment+%28Feb+19%29+%28Public%29.&i=stripbooks,1,https://www.army.mil/call,"US federal government work: not protected by copyright in the US (17 U.S.C. 105). Contractor- or grantee-written parts and third-party photos or text inside it can still be copyrighted, and the US may claim copyright in other countries, which matters when choosing sales territories."
2026-09-27,yes,Unit CBRN Readiness Training - A Way (Nov 19) (Public).,,pdf,Army Department,federal,,army.mil,https://api.army.mil/e2/c/downloads/2023/01/31/bd166186/unit-cbrn-readiness-training-a-way-nov-19-public.pdf,likely_public_domain,not checked,,,https://www.amazon.com/s?k=Unit+CBRN+Readiness+Training+-+A+Way+%28Nov+19%29+%28Public%29.&i=stripbooks,1,https://www.army.mil/call,"US federal government work: not protected by copyright in the US (17 U.S.C. 105). Contractor- or grantee-written parts and third-party photos or text inside it can still be copyrighted, and the US may claim copyright in other countries, which matters when choosing sales territories."
2026-09-27,yes,The Third Offset Strategy and the Army Modernization Priorities (May 19) (Public).,,pdf,Army Department,federal,,army.mil,https://api.army.mil/e2/c/downloads/2023/01/31/15d7ef42/the-third-offset-strategy-and-the-army-modernization-priorities-may-19-public.pdf,likely_public_domain,not checked,,,https://www.amazon.com/s?k=The+Third+Offset+Strategy+and+the+Army+Modernization+Priorities+%28May+19%29+%28Public%29.&i=stripbooks,1,https://www.army.mil/call,"US federal government work: not protected by copyright in the US (17 U.S.C. 105). Contractor- or grantee-written parts and third-party photos or text inside it can still be copyrighted, and the US may claim copyright in other countries, which matters when choosing sales territories."
2026-09-27,yes,The Science of Control Synchronizing Current Operations Cells (Dec 19) (Public).,,pdf,Army Department,federal,,army.mil,https://api.army.mil/e2/c/downloads/2023/01/31/2fe97ae4/the-science-of-control-synchronizing-current-operations-cells-dec-19-public.pdf,likely_public_domain,not checked,,,https://www.amazon.com/s?k=The+Science+of+Control+Synchronizing+Current+Operations+Cells+%28Dec+19%29+%28Public%29.&i=stripbooks,1,https://www.army.mil/call,"US federal government work: not protected by copyright in the US (17 U.S.C. 105). Contractor- or grantee-written parts and third-party photos or text inside it can still be copyrighted, and the US may claim copyright in other countries, which matters when choosing sales territories."
2026-09-27,yes,The Pareto Principle in Combat Operations (Jun 19) (Public).,,pdf,Army Department,federal,,army.mil,https://api.army.mil/e2/c/downloads/2023/01/31/bceee5b1/the-pareto-principle-in-combat-operations-jun-19-public.pdf,likely_public_domain,not checked,,,https://www.amazon.com/s?k=The+Pareto+Principle+in+Combat+Operations+%28Jun+19%29+%28Public%29.&i=stripbooks,1,https://www.army.mil/call,"US federal government work: not protected by copyright in the US (17 U.S.C. 105). Contractor- or grantee-written parts and third-party photos or text inside it can still be copyrighted, and the US may claim copyright in other countries, which matters when choosing sales territories."
2026-09-27,yes,The Front of Military Education and Security Cooperation (Dec 19) (Public).,,pdf,Army Department,federal,,army.mil,https://api.army.mil/e2/c/downloads/2023/01/31/3d5d8c39/the-front-of-military-education-and-security-cooperation-dec-19-public.pdf,likely_public_domain,not checked,,,https://www.amazon.com/s?k=The+Front+of+Military+Education+and+Security+Cooperation+%28Dec+19%29+%28Public%29.&i=stripbooks,1,https://www.army.mil/call,"US federal government work: not protected by copyright in the US (17 U.S.C. 105). Contractor- or grantee-written parts and third-party photos or text inside it can still be copyrighted, and the US may claim copyright in other countries, which matters when choosing sales territories."
2026-09-27,yes,The Engagement is the Mission (Jun 19) (Public).,,pdf,Army Department,federal,,army.mil,https://api.army.mil/e2/c/downloads/2023/01/31/b829b4d1/the-engagement-is-the-mission-jun-19-public.pdf,likely_public_domain,not checked,,,https://www.amazon.com/s?k=The+Engagement+is+the+Mission+%28Jun+19%29+%28Public%29.&i=stripbooks,1,https://www.army.mil/call,"US federal government work: not protected by copyright in the US (17 U.S.C. 105). Contractor- or grantee-written parts and third-party photos or text inside it can still be copyrighted, and the US may claim copyright in other countries, which matters when choosing sales territories."
2026-09-27,yes,Preparing the Public Affairs Officer for a JRTC Rotation (Jun 19) (Public).,,pdf,Army Department,federal,,army.mil,https://api.army.mil/e2/c/downloads/2023/01/31/b4ef6c53/preparing-the-public-affairs-officer-for-a-jrtc-rotation-jun-19-public.pdf,likely_public_domain,not checked,,,https://www.amazon.com/s?k=Preparing+the+Public+Affairs+Officer+for+a+JRTC+Rotation+%28Jun+19%29+%28Public%29.&i=stripbooks,1,https://www.army.mil/call,"US federal government work: not protected by copyright in the US (17 U.S.C. 105). Contractor- or grantee-written parts and third-party photos or text inside it can still be copyrighted, and the US may claim copyright in other countries, which matters when choosing sales territories."
2026-09-27,yes,Operationalizing KM in an ASCC (May 19) (Public).,,pdf,Army Department,federal,,army.mil,https://api.army.mil/e2/c/downloads/2023/01/31/4b18a9a5/operationalizing-km-in-an-ascc-may-19-public.pdf,likely_public_domain,not checked,,,https://www.amazon.com/s?k=Operationalizing+KM+in+an+ASCC+%28May+19%29+%28Public%29.&i=stripbooks,1,https://www.army.mil/call,"US federal government work: not protected by copyright in the US (17 U.S.C. 105). Contractor- or grantee-written parts and third-party photos or text inside it can still be copyrighted, and the US may claim copyright in other countries, which matters when choosing sales territories."
2026-09-27,yes,NATO Standardization Agreements (Apr 19) (Public).,,pdf,Army Department,federal,,army.mil,https://api.army.mil/e2/c/downloads/2023/01/31/daf24e67/nato-standardization-agreements-apr-19-public.pdf,likely_public_domain,not checked,,,https://www.amazon.com/s?k=NATO+Standardization+Agreements+%28Apr+19%29+%28Public%29.&i=stripbooks,1,https://www.army.mil/call,"US federal government work: not protected by copyright in the US (17 U.S.C. 105). Contractor- or grantee-written parts and third-party photos or text inside it can still be copyrighted, and the US may claim copyright in other countries, which matters when choosing sales territories."
2026-09-27,yes,Leveraging Interagency at JRTC (Dec 19) (Public).,,pdf,Army Department,federal,,army.mil,https://api.army.mil/e2/c/downloads/2023/01/31/3bea0943/leveraging-interagency-at-jrtc-dec-19-public.pdf,likely_public_domain,not checked,,,https://www.amazon.com/s?k=Leveraging+Interagency+at+JRTC+%28Dec+19%29+%28Public%29.&i=stripbooks,1,https://www.army.mil/call,"US federal government work: not protected by copyright in the US (17 U.S.C. 105). Contractor- or grantee-written parts and third-party photos or text inside it can still be copyrighted, and the US may claim copyright in other countries, which matters when choosing sales territories."
2026-09-27,yes,"Lessons in HQs Evolution for Commanders and Staff, Reorganizing a CJTF-OIR HQs (Mar 19) (Public).",,pdf,Army Department,federal,,army.mil,https://api.army.mil/e2/c/downloads/2023/01/31/2d645e10/lessons-in-hqs-evolution-for-commanders-and-staff-reorganizing-a-cjtf-oir-hqs-mar-19-public.pdf,likely_public_domain,not checked,,,https://www.amazon.com/s?k=Lessons+in+HQs+Evolution+for+Commanders+and+Staff%2C+Reorganizing+a+CJTF-OIR+HQs&i=stripbooks,1,https://www.army.mil/call,"US federal government work: not protected by copyright in the US (17 U.S.C. 105). Contractor- or grantee-written parts and third-party photos or text inside it can still be copyrighted, and the US may claim copyright in other countries, which matters when choosing sales territories."
2026-09-27,yes,Knowledge Managers Perspective (Jan 19) (Public).,,pdf,Army Department,federal,,army.mil,https://api.army.mil/e2/c/downloads/2023/01/31/de37dd72/knowledge-managers-perspective-jan-19-public.pdf,likely_public_domain,not checked,,,https://www.amazon.com/s?k=Knowledge+Managers+Perspective+%28Jan+19%29+%28Public%29.&i=stripbooks,1,https://www.army.mil/call,"US federal government work: not protected by copyright in the US (17 U.S.C. 105). Contractor- or grantee-written parts and third-party photos or text inside it can still be copyrighted, and the US may claim copyright in other countries, which matters when choosing sales territories."
2026-09-27,yes,JFLCC - Synchronization of the Land Domain (Mar 19) (Public).,,pdf,Army Department,federal,,army.mil,https://api.army.mil/e2/c/downloads/2023/01/31/2c243030/jflcc-synchronization-of-the-land-domain-mar-19-public.pdf,likely_public_domain,not checked,,,https://www.amazon.com/s?k=JFLCC+-+Synchronization+of+the+Land+Domain+%28Mar+19%29+%28Public%29.&i=stripbooks,1,https://www.army.mil/call,"US federal government work: not protected by copyright in the US (17 U.S.C. 105). Contractor- or grantee-written parts and third-party photos or text inside it can still be copyrighted, and the US may claim copyright in other countries, which matters when choosing sales territories."
2026-09-27,yes,How the Kosovo Security Force Built a Successful LL Program (Oct 19) (Public).,,pdf,Army Department,federal,,army.mil,https://api.army.mil/e2/c/downloads/2023/01/31/3e683c3d/how-the-kosovo-security-force-built-a-successful-ll-program-oct-19-public.pdf,likely_public_domain,not checked,,,https://www.amazon.com/s?k=How+the+Kosovo+Security+Force+Built+a+Successful+LL+Program+%28Oct+19%29&i=stripbooks,1,https://www.army.mil/call,"US federal government work: not protected by copyright in the US (17 U.S.C. 105). Contractor- or grantee-written parts and third-party photos or text inside it can still be copyrighted, and the US may claim copyright in other countries, which matters when choosing sales territories."
2026-09-27,yes,GTA 30-04-001 Information Collection Rehearsal (Apr 19) (Public).,,pdf,Army Department,federal,,army.mil,https://api.army.mil/e2/c/downloads/2023/01/31/894c80ca/gta-30-04-001-information-collection-rehearsal-apr-19-public.pdf,likely_public_domain,not checked,,,https://www.amazon.com/s?k=GTA+30-04-001+Information+Collection+Rehearsal+%28Apr+19%29+%28Public%29.&i=stripbooks,1,https://www.army.mil/call,"US federal government work: not protected by copyright in the US (17 U.S.C. 105). Contractor- or grantee-written parts and third-party photos or text inside it can still be copyrighted, and the US may claim copyright in other countries, which matters when choosing sales territories."
2026-09-27,yes,Fighting with Afghan Fists Insights from CSM Todd Sims (May 19) (Public).,,pdf,Army Department,federal,,army.mil,https://api.army.mil/e2/c/downloads/2023/01/31/60bf40e9/fighting-with-afghan-fists-insights-from-csm-todd-sims-may-19-public.pdf,likely_public_domain,not checked,,,https://www.amazon.com/s?k=Fighting+with+Afghan+Fists+Insights+from+CSM+Todd+Sims+%28May+19%29+%28Public%29.&i=stripbooks,1,https://www.army.mil/call,"US federal government work: not protected by copyright in the US (17 U.S.C. 105). Contractor- or grantee-written parts and third-party photos or text inside it can still be copyrighted, and the US may claim copyright in other countries, which matters when choosing sales territories."
2026-09-27,yes,Effective Time Management at the Company-Level (Mar 19) (Public).,,pdf,Army Department,federal,,army.mil,https://api.army.mil/e2/c/downloads/2023/01/31/58addeeb/effective-time-management-at-the-company-level-mar-19-public.pdf,likely_public_domain,not checked,,,https://www.amazon.com/s?k=Effective+Time+Management+at+the+Company-Level+%28Mar+19%29+%28Public%29.&i=stripbooks,1,https://www.army.mil/call,"US federal government work: not protected by copyright in the US (17 U.S.C. 105). Contractor- or grantee-written parts and third-party photos or text inside it can still be copyrighted, and the US may claim copyright in other countries, which matters when choosing sales territories."
2026-09-27,yes,Early Results Testing the new CASL at NTC Improves Readiness (Dec 19) (Public).,,pdf,Army Department,federal,,army.mil,https://api.army.mil/e2/c/downloads/2023/01/31/78d66a11/early-results-testing-the-new-casl-at-ntc-improves-readiness-dec-19-public.pdf,likely_public_domain,not checked,,,https://www.amazon.com/s?k=Early+Results+Testing+the+new+CASL+at+NTC+Improves+Readiness+%28Dec+19%29&i=stripbooks,1,https://www.army.mil/call,"US federal government work: not protected by copyright in the US (17 U.S.C. 105). Contractor- or grantee-written parts and third-party photos or text inside it can still be copyrighted, and the US may claim copyright in other countries, which matters when choosing sales territories."
2026-09-27,yes,"Critical Enablers to Conducting Effective Advise, Assist, Accompany and Enable (Jan 19) (Public).",,pdf,Army Department,federal,,army.mil,https://api.army.mil/e2/c/downloads/2023/01/31/4cc35877/critical-enablers-to-conducting-effective-advise-assist-accompany-and-enable-jan-19-public.pdf,likely_public_domain,not checked,,,https://www.amazon.com/s?k=Critical+Enablers+to+Conducting+Effective+Advise%2C+Assist%2C+Accompany+and+Enable+%28Jan+19%29&i=stripbooks,1,https://www.army.mil/call,"US federal government work: not protected by copyright in the US (17 U.S.C. 105). Contractor- or grantee-written parts and third-party photos or text inside it can still be copyrighted, and the US may claim copyright in other countries, which matters when choosing sales territories."
2026-09-27,yes,Conference of American Armies - Countering Threat Networks (May 19) (Public).,,pdf,Army Department,federal,,army.mil,https://api.army.mil/e2/c/downloads/2023/01/31/ec8b0c4d/conference-of-american-armies-countering-threat-networks-may-19-public.pdf,likely_public_domain,not checked,,,https://www.amazon.com/s?k=Conference+of+American+Armies+-+Countering+Threat+Networks+%28May+19%29+%28Public%29.&i=stripbooks,1,https://www.army.mil/call,"US federal government work: not protected by copyright in the US (17 U.S.C. 105). Contractor- or grantee-written parts and third-party photos or text inside it can still be copyrighted, and the US may claim copyright in other countries, which matters when choosing sales territories."
2026-09-27,yes,"Building Partnership Capacity through Train, Advise, and Assist (Jun 19) (Public).",,pdf,Army Department,federal,,army.mil,https://api.army.mil/e2/c/downloads/2023/01/31/1aa4fb21/building-partnership-capacity-through-train-advise-and-assist-jun-19-public.pdf,likely_public_domain,not checked,,,https://www.amazon.com/s?k=Building+Partnership+Capacity+through+Train%2C+Advise%2C+and+Assist+%28Jun+19%29+%28Public%29.&i=stripbooks,1,https://www.army.mil/call,"US federal government work: not protected by copyright in the US (17 U.S.C. 105). Contractor- or grantee-written parts and third-party photos or text inside it can still be copyrighted, and the US may claim copyright in other countries, which matters when choosing sales territories."
2026-09-27,yes,Bringing Back the Fire Support Task The Future of the Fire Support Rehearsal (Mar 19) (Public).,,pdf,Army Department,federal,,army.mil,https://api.army.mil/e2/c/downloads/2023/01/31/a42c484f/bringing-back-the-fire-support-task-the-future-of-the-fire-support-rehearsal-mar-19-public.pdf,likely_public_domain,not checked,,,https://www.amazon.com/s?k=Bringing+Back+the+Fire+Support+Task+The+Future+of+the+Fire+Support&i=stripbooks,1,https://www.army.mil/call,"US federal government work: not protected by copyright in the US (17 U.S.C. 105). Contractor- or grantee-written parts and third-party photos or text inside it can still be copyrighted, and the US may claim copyright in other countries, which matters when choosing sales territories."
2026-09-27,yes,Brigade Maintenance Meeting for Decisive Action (Jun 19) (Public).,,pdf,Army Department,federal,,army.mil,https://api.army.mil/e2/c/downloads/2023/01/31/32a034b9/brigade-maintenance-meeting-for-decisive-action-jun-19-public.pdf,likely_public_domain,not checked,,,https://www.amazon.com/s?k=Brigade+Maintenance+Meeting+for+Decisive+Action+%28Jun+19%29+%28Public%29.&i=stripbooks,1,https://www.army.mil/call,"US federal government work: not protected by copyright in the US (17 U.S.C. 105). Contractor- or grantee-written parts and third-party photos or text inside it can still be copyrighted, and the US may claim copyright in other countries, which matters when choosing sales territories."
2026-09-27,yes,Bloodhound Package (Nov 19) (Public).,,pdf,Army Department,federal,,army.mil,https://api.army.mil/e2/c/downloads/2023/01/31/0530956a/bloodhound-package-nov-19-public.pdf,likely_public_domain,not checked,,,https://www.amazon.com/s?k=Bloodhound+Package+%28Nov+19%29+%28Public%29.&i=stripbooks,1,https://www.army.mil/call,"US federal government work: not protected by copyright in the US (17 U.S.C. 105). Contractor- or grantee-written parts and third-party photos or text inside it can still be copyrighted, and the US may claim copyright in other countries, which matters when choosing sales territories."
2026-09-27,yes,Army Operational Framework Organizing the Force for Battlefield Success (Dec 19) (Public).,,pdf,Army Department,federal,,army.mil,https://api.army.mil/e2/c/downloads/2023/01/31/d9843d58/18-516.pdf,likely_public_domain,not checked,,,https://www.amazon.com/s?k=Army+Operational+Framework+Organizing+the+Force+for+Battlefield+Success+%28Dec+19%29+%28Public%29.&i=stripbooks,1,https://www.army.mil/call,"US federal government work: not protected by copyright in the US (17 U.S.C. 105). Contractor- or grantee-written parts and third-party photos or text inside it can still be copyrighted, and the US may claim copyright in other countries, which matters when choosing sales territories."
2026-09-27,yes,Achieving Unity of Effort - A Case Study in Leadership (Apr 19) (Public).,,pdf,Army Department,federal,,army.mil,https://api.army.mil/e2/c/downloads/2023/01/31/2d6df2c6/achieving-unity-of-effort-a-case-study-in-leadership-apr-19-public.pdf,likely_public_domain,not checked,,,https://www.amazon.com/s?k=Achieving+Unity+of+Effort+-+A+Case+Study+in+Leadership+%28Apr+19%29&i=stripbooks,1,https://www.army.mil/call,"US federal government work: not protected by copyright in the US (17 U.S.C. 105). Contractor- or grantee-written parts and third-party photos or text inside it can still be copyrighted, and the US may claim copyright in other countries, which matters when choosing sales territories."
2026-09-27,yes,10th Mountain (Light Infantry) the last CJFLCC Iraq (May 19) (Public).,,pdf,Army Department,federal,,army.mil,https://api.army.mil/e2/c/downloads/2023/01/31/9bdf0130/10th-mountain-light-infantry-the-last-cjflcc-iraq-may-19-public.pdf,likely_public_domain,not checked,,,https://www.amazon.com/s?k=10th+Mountain+%28Light+Infantry%29+the+last+CJFLCC+Iraq+%28May+19%29+%28Public%29.&i=stripbooks,1,https://www.army.mil/call,"US federal government work: not protected by copyright in the US (17 U.S.C. 105). Contractor- or grantee-written parts and third-party photos or text inside it can still be copyrighted, and the US may claim copyright in other countries, which matters when choosing sales territories."
2026-09-27,yes,1-3-5-M-M A Useful Reminder (Jun 19) (Public).,,pdf,Army Department,federal,,army.mil,https://api.army.mil/e2/c/downloads/2023/01/31/b11a174a/1-3-5-m-m-a-useful-reminder-jun-19-public.pdf,likely_public_domain,not checked,,,https://www.amazon.com/s?k=1-3-5-M-M+A+Useful+Reminder+%28Jun+19%29+%28Public%29.&i=stripbooks,1,https://www.army.mil/call,"US federal government work: not protected by copyright in the US (17 U.S.C. 105). Contractor- or grantee-written parts and third-party photos or text inside it can still be copyrighted, and the US may claim copyright in other countries, which matters when choosing sales territories."
2026-09-27,yes,19-19_Multi-Domain Operations Catalog (Sep 19) (Public).,,pdf,Army Department,federal,,army.mil,https://api.army.mil/e2/c/downloads/2023/01/19/7521d04c/19-19-multi-domain-operations-catalog-sep-19-public.pdf,likely_public_domain,not checked,,,https://www.amazon.com/s?k=19-19_Multi-Domain+Operations+Catalog+%28Sep+19%29+%28Public%29.&i=stripbooks,1,https://www.army.mil/call,"US federal government work: not protected by copyright in the US (17 U.S.C. 105). Contractor- or grantee-written parts and third-party photos or text inside it can still be copyrighted, and the US may claim copyright in other countries, which matters when choosing sales territories."
2026-09-27,yes,19-10_Set The Theater Catalog (Mar 19) (Public).,,pdf,Army Department,federal,,army.mil,https://api.army.mil/e2/c/downloads/2023/01/19/557698c9/19-10-set-the-theater-catalog-mar-19-public.pdf,likely_public_domain,not checked,,,https://www.amazon.com/s?k=19-10_Set+The+Theater+Catalog+%28Mar+19%29+%28Public%29.&i=stripbooks,1,https://www.army.mil/call,"US federal government work: not protected by copyright in the US (17 U.S.C. 105). Contractor- or grantee-written parts and third-party photos or text inside it can still be copyrighted, and the US may claim copyright in other countries, which matters when choosing sales territories."
2026-09-27,yes,Multinational Noncommissioned Officer Professional Development (Feb 20) (Public).,,pdf,Army Department,federal,,army.mil,https://api.army.mil/e2/c/downloads/2023/01/31/15fe688c/multinational-noncommissioned-officer-professional-development-feb-20-public.pdf,likely_public_domain,not checked,,,https://www.amazon.com/s?k=Multinational+Noncommissioned+Officer+Professional+Development+%28Feb+20%29+%28Public%29.&i=stripbooks,1,https://www.army.mil/call,"US federal government work: not protected by copyright in the US (17 U.S.C. 105). Contractor- or grantee-written parts and third-party photos or text inside it can still be copyrighted, and the US may claim copyright in other countries, which matters when choosing sales territories."
2026-09-27,yes,"KCTC 20-08, Thunder on the Pen (Oct 20) (Public).",,pdf,Army Department,federal,,army.mil,https://api.army.mil/e2/c/downloads/2023/01/31/301c65f1/kctc-20-08-thunder-on-the-pen-oct-20-public.pdf,likely_public_domain,not checked,,,https://www.amazon.com/s?k=KCTC+20-08%2C+Thunder+on+the+Pen+%28Oct+20%29+%28Public%29.&i=stripbooks,1,https://www.army.mil/call,"US federal government work: not protected by copyright in the US (17 U.S.C. 105). Contractor- or grantee-written parts and third-party photos or text inside it can still be copyrighted, and the US may claim copyright in other countries, which matters when choosing sales territories."
2026-09-27,yes,GTA 19-10-007 Doctrine SmartCard (Jul 20) (Public).,,pdf,Army Department,federal,,army.mil,https://api.army.mil/e2/c/downloads/2023/01/31/f4475bd5/gta-19-10-007-doctrine-smartcard-jul-20-public.pdf,likely_public_domain,not checked,,,https://www.amazon.com/s?k=GTA+19-10-007+Doctrine+SmartCard+%28Jul+20%29+%28Public%29.&i=stripbooks,1,https://www.army.mil/call,"US federal government work: not protected by copyright in the US (17 U.S.C. 105). Contractor- or grantee-written parts and third-party photos or text inside it can still be copyrighted, and the US may claim copyright in other countries, which matters when choosing sales territories."
2026-09-27,yes,French Participation in JWA How to Prepare Our Future Together (Feb 20) (Public).,,pdf,Army Department,federal,,army.mil,https://api.army.mil/e2/c/downloads/2023/01/31/6ab22f85/french-participation-in-jwa-how-to-prepare-our-future-together-feb-20-public.pdf,likely_public_domain,not checked,,,https://www.amazon.com/s?k=French+Participation+in+JWA+How+to+Prepare+Our+Future+Together+%28Feb+20%29&i=stripbooks,1,https://www.army.mil/call,"US federal government work: not protected by copyright in the US (17 U.S.C. 105). Contractor- or grantee-written parts and third-party photos or text inside it can still be copyrighted, and the US may claim copyright in other countries, which matters when choosing sales territories."
2026-09-27,yes,20-581_Maintaining an Armored Divisions Momentum through a Wet Gap Crossing (Aug 20) (Public).,,pdf,Army Department,federal,,army.mil,https://api.army.mil/e2/c/downloads/2023/01/31/567b706b/20-581-maintaining-an-armored-divisions-momentum-through-a-wet-gap-crossing-aug-20-public.pdf,likely_public_domain,not checked,,,https://www.amazon.com/s?k=20-581_Maintaining+an+Armored+Divisions+Momentum+through+a+Wet+Gap+Crossing+%28Aug+20%29&i=stripbooks,1,https://www.army.mil/call,"US federal government work: not protected by copyright in the US (17 U.S.C. 105). Contractor- or grantee-written parts and third-party photos or text inside it can still be copyrighted, and the US may claim copyright in other countries, which matters when choosing sales territories."
2026-09-27,yes,20-572_Analyzing Response to a Global Pandemic (Nov 20) (Public).,,pdf,Army Department,federal,,army.mil,https://api.army.mil/e2/c/downloads/2023/01/31/21515b78/20-572.pdf,likely_public_domain,not checked,,,https://www.amazon.com/s?k=20-572_Analyzing+Response+to+a+Global+Pandemic+%28Nov+20%29+%28Public%29.&i=stripbooks,1,https://www.army.mil/call,"US federal government work: not protected by copyright in the US (17 U.S.C. 105). Contractor- or grantee-written parts and third-party photos or text inside it can still be copyrighted, and the US may claim copyright in other countries, which matters when choosing sales territories."
2026-09-27,yes,20-564_Intelligence After Action Review Trends at the NTC (Oct 20) (Public).,,pdf,Army Department,federal,,army.mil,https://api.army.mil/e2/c/downloads/2023/01/31/bb1ff43f/20-564-intelligence-after-action-review-trends-at-the-ntc-oct-20-public.pdf,likely_public_domain,not checked,,,https://www.amazon.com/s?k=20-564_Intelligence+After+Action+Review+Trends+at+the+NTC+%28Oct+20%29+%28Public%29.&i=stripbooks,1,https://www.army.mil/call,"US federal government work: not protected by copyright in the US (17 U.S.C. 105). Contractor- or grantee-written parts and third-party photos or text inside it can still be copyrighted, and the US may claim copyright in other countries, which matters when choosing sales territories."
2026-09-27,yes,20-562_Sustaining Division Readiness Through Existing Training Opportunities (May 20) (Public).,,pdf,Army Department,federal,,army.mil,https://api.army.mil/e2/c/downloads/2023/01/31/6737e986/20-562-sustaining-division-readiness-through-existing-training-opportunities-may-20-public.pdf,likely_public_domain,not checked,,,https://www.amazon.com/s?k=20-562_Sustaining+Division+Readiness+Through+Existing+Training+Opportunities+%28May+20%29+%28Public%29.&i=stripbooks,1,https://www.army.mil/call,"US federal government work: not protected by copyright in the US (17 U.S.C. 105). Contractor- or grantee-written parts and third-party photos or text inside it can still be copyrighted, and the US may claim copyright in other countries, which matters when choosing sales territories."
2026-09-27,yes,20-559_Train the Trainer Kuwaiti Police Special Forces Female VIP Protection Team (Jun 20) (Public).,,pdf,Army Department,federal,,army.mil,https://api.army.mil/e2/c/downloads/2023/01/31/70dd22f2/20-559-train-the-trainer-kuwaiti-police-special-forces-female-vip-protection-team-jun-20-public.pdf,likely_public_domain,not checked,,,https://www.amazon.com/s?k=20-559_Train+the+Trainer+Kuwaiti+Police+Special+Forces+Female+VIP+Protection+Team+%28Jun&i=stripbooks,1,https://www.army.mil/call,"US federal government work: not protected by copyright in the US (17 U.S.C. 105). Contractor- or grantee-written parts and third-party photos or text inside it can still be copyrighted, and the US may claim copyright in other countries, which matters when choosing sales territories."
2026-09-27,yes,20-543_Multinational Patient Evacuation and Coordination Cell (Apr 20) (Public).,,pdf,Army Department,federal,,army.mil,https://api.army.mil/e2/c/downloads/2023/01/31/e47ee978/20-543-multinational-patient-evacuation-and-coordination-cell-apr-20-public.pdf,likely_public_domain,not checked,,,https://www.amazon.com/s?k=20-543_Multinational+Patient+Evacuation+and+Coordination+Cell+%28Apr+20%29+%28Public%29.&i=stripbooks,1,https://www.army.mil/call,"US federal government work: not protected by copyright in the US (17 U.S.C. 105). Contractor- or grantee-written parts and third-party photos or text inside it can still be copyrighted, and the US may claim copyright in other countries, which matters when choosing sales territories."
2026-09-27,yes,20-528_Network Operations Joining Membership and Exiting Instructions (Apr 20) (Public).,,pdf,Army Department,federal,,army.mil,https://api.army.mil/e2/c/downloads/2023/01/31/7d18ca5f/20-528-network-operations-joining-membership-and-exiting-instructions-apr-20-public.pdf,likely_public_domain,not checked,,,https://www.amazon.com/s?k=20-528_Network+Operations+Joining+Membership+and+Exiting+Instructions+%28Apr+20%29+%28Public%29.&i=stripbooks,1,https://www.army.mil/call,"US federal government work: not protected by copyright in the US (17 U.S.C. 105). Contractor- or grantee-written parts and third-party photos or text inside it can still be copyrighted, and the US may claim copyright in other countries, which matters when choosing sales territories."
2026-09-27,yes,20-579_Civil Disturbance Operations (Public).,,pdf,Army Department,federal,,army.mil,https://api.army.mil/e2/c/downloads/2023/01/31/435fa2f1/18134.pdf,likely_public_domain,not checked,,,https://www.amazon.com/s?k=20-579_Civil+Disturbance+Operations+%28Public%29.&i=stripbooks,1,https://www.army.mil/call,"US federal government work: not protected by copyright in the US (17 U.S.C. 105). Contractor- or grantee-written parts and third-party photos or text inside it can still be copyrighted, and the US may claim copyright in other countries, which matters when choosing sales territories."
2026-09-27,yes,20-575_The Battalion S-1 Section in LSCO (Sep 20) (Public).,,pdf,Army Department,federal,,army.mil,https://api.army.mil/e2/c/downloads/2023/01/31/85028465/18083.pdf,likely_public_domain,not checked,,,https://www.amazon.com/s?k=20-575_The+Battalion+S-1+Section+in+LSCO+%28Sep+20%29+%28Public%29.&i=stripbooks,1,https://www.army.mil/call,"US federal government work: not protected by copyright in the US (17 U.S.C. 105). Contractor- or grantee-written parts and third-party photos or text inside it can still be copyrighted, and the US may claim copyright in other countries, which matters when choosing sales territories."
2026-09-27,yes,20-573_USMA COVID-19 Response AAR (Public).,,pdf,Army Department,federal,,army.mil,https://api.army.mil/e2/c/downloads/2023/01/31/e335d26f/20-573-usma-covid-19-response-aar-public.pdf,likely_public_domain,not checked,,,https://www.amazon.com/s?k=20-573_USMA+COVID-19+Response+AAR+%28Public%29.&i=stripbooks,1,https://www.army.mil/call,"US federal government work: not protected by copyright in the US (17 U.S.C. 105). Contractor- or grantee-written parts and third-party photos or text inside it can still be copyrighted, and the US may claim copyright in other countries, which matters when choosing sales territories."
2026-09-27,yes,20-572_NFTF The Medical Readiness and Training Command Analyzing Response to a Global Pandemic (Public).,,pdf,Army Department,federal,,army.mil,https://api.army.mil/e2/c/downloads/2023/01/31/a6e935ef/20-572.pdf,likely_public_domain,not checked,,,https://www.amazon.com/s?k=20-572_NFTF+The+Medical+Readiness+and+Training+Command+Analyzing+Response+to+a+Global&i=stripbooks,1,https://www.army.mil/call,"US federal government work: not protected by copyright in the US (17 U.S.C. 105). Contractor- or grantee-written parts and third-party photos or text inside it can still be copyrighted, and the US may claim copyright in other countries, which matters when choosing sales territories."
2026-09-27,yes,"20-550_Knowledge Management Case Studies, Volume II (Public).",,pdf,Army Department,federal,,army.mil,https://api.army.mil/e2/c/downloads/2023/01/31/7dafd1de/20-550.pdf,likely_public_domain,not checked,,,https://www.amazon.com/s?k=20-550_Knowledge+Management+Case+Studies%2C+Volume+II+%28Public%29.&i=stripbooks,1,https://www.army.mil/call,"US federal government work: not protected by copyright in the US (17 U.S.C. 105). Contractor- or grantee-written parts and third-party photos or text inside it can still be copyrighted, and the US may claim copyright in other countries, which matters when choosing sales territories."
2026-09-27,yes,20-16_Defense of the Cajun Bayou (Public).,,pdf,Army Department,federal,,army.mil,https://api.army.mil/e2/c/downloads/2023/01/31/fbaa5a3e/20-16.pdf,likely_public_domain,not checked,,,https://www.amazon.com/s?k=20-16_Defense+of+the+Cajun+Bayou+%28Public%29.&i=stripbooks,1,https://www.army.mil/call,"US federal government work: not protected by copyright in the US (17 U.S.C. 105). Contractor- or grantee-written parts and third-party photos or text inside it can still be copyrighted, and the US may claim copyright in other countries, which matters when choosing sales territories."
2026-09-27,yes,20-15_MCPT FY19 Key Observations (14 Apr) (Public).,,pdf,Army Department,federal,,army.mil,https://api.army.mil/e2/c/downloads/2023/01/31/8537f193/20-15-mcpt-fy19-key-observations-14-apr-public.pdf,likely_public_domain,not checked,,,https://www.amazon.com/s?k=20-15_MCPT+FY19+Key+Observations+%2814+Apr%29+%28Public%29.&i=stripbooks,1,https://www.army.mil/call,"US federal government work: not protected by copyright in the US (17 U.S.C. 105). Contractor- or grantee-written parts and third-party photos or text inside it can still be copyrighted, and the US may claim copyright in other countries, which matters when choosing sales territories."
2026-09-27,yes,20-09_Army Combat Fitness Test Version 2 (Public).,,pdf,Army Department,federal,,army.mil,https://api.army.mil/e2/c/downloads/2023/01/31/b4893098/20-09.pdf,likely_public_domain,not checked,,,https://www.amazon.com/s?k=20-09_Army+Combat+Fitness+Test+Version+2+%28Public%29.&i=stripbooks,1,https://www.army.mil/call,"US federal government work: not protected by copyright in the US (17 U.S.C. 105). Contractor- or grantee-written parts and third-party photos or text inside it can still be copyrighted, and the US may claim copyright in other countries, which matters when choosing sales territories."
2026-09-27,yes,20-08_Musicians of Mars IV The Mustangs’ War (Deliberate Attack) (Public).,,pdf,Army Department,federal,,army.mil,https://api.army.mil/e2/c/downloads/2023/01/31/dff1903b/20-08-musicians-of-mars-iv-the-mustangs-war-deliberate-attack-public.pdf,likely_public_domain,not checked,,,https://www.amazon.com/s?k=20-08_Musicians+of+Mars+IV+The+Mustangs%E2%80%99+War+%28Deliberate+Attack%29+%28Public%29.&i=stripbooks,1,https://www.army.mil/call,"US federal government work: not protected by copyright in the US (17 U.S.C. 105). Contractor- or grantee-written parts and third-party photos or text inside it can still be copyrighted, and the US may claim copyright in other countries, which matters when choosing sales territories."
2026-09-27,yes,20-06_How to Master Wargaming (Public).,,pdf,Army Department,federal,,army.mil,https://api.army.mil/e2/c/downloads/2023/01/31/bf65892d/20-06-how-to-master-wargaming-public.pdf,likely_public_domain,not checked,,,https://www.amazon.com/s?k=20-06_How+to+Master+Wargaming+%28Public%29.&i=stripbooks,1,https://www.army.mil/call,"US federal government work: not protected by copyright in the US (17 U.S.C. 105). Contractor- or grantee-written parts and third-party photos or text inside it can still be copyrighted, and the US may claim copyright in other countries, which matters when choosing sales territories."
2026-09-27,yes,20-02_U.S. Army South Transition to a Multinational Force Headquarters (PANAMAX 18) (Public).,,pdf,Army Department,federal,,army.mil,https://api.army.mil/e2/c/downloads/2023/01/31/dda5ce45/20-02.pdf,likely_public_domain,not checked,,,https://www.amazon.com/s?k=20-02_U.S.+Army+South+Transition+to+a+Multinational+Force+Headquarters+%28PANAMAX+18%29+%28Public%29.&i=stripbooks,1,https://www.army.mil/call,"US federal government work: not protected by copyright in the US (17 U.S.C. 105). Contractor- or grantee-written parts and third-party photos or text inside it can still be copyrighted, and the US may claim copyright in other countries, which matters when choosing sales territories."
2026-09-27,yes,The Division Deep Area Command Post A recommended TTP (Apr 21) (Public).,,pdf,Army Department,federal,,army.mil,https://api.army.mil/e2/c/downloads/2023/01/31/875a774d/the-division-deep-area-command-post-a-recommended-ttp-apr-21-public.pdf,likely_public_domain,not checked,,,https://www.amazon.com/s?k=The+Division+Deep+Area+Command+Post+A+recommended+TTP+%28Apr+21%29+%28Public%29.&i=stripbooks,1,https://www.army.mil/call,"US federal government work: not protected by copyright in the US (17 U.S.C. 105). Contractor- or grantee-written parts and third-party photos or text inside it can still be copyrighted, and the US may claim copyright in other countries, which matters when choosing sales territories."
2026-09-27,yes,Shift in Allocating UAS can Increase the Sensor to Shooter Lethality (Oct 21) (Public).,,pdf,Army Department,federal,,army.mil,https://api.army.mil/e2/c/downloads/2023/01/31/4e594bd6/shift-in-allocating-uas-can-increase-the-sensor-to-shooter-lethality-oct-21-public.pdf,likely_public_domain,not checked,,,https://www.amazon.com/s?k=Shift+in+Allocating+UAS+can+Increase+the+Sensor+to+Shooter+Lethality+%28Oct&i=stripbooks,1,https://www.army.mil/call,"US federal government work: not protected by copyright in the US (17 U.S.C. 105). Contractor- or grantee-written parts and third-party photos or text inside it can still be copyrighted, and the US may claim copyright in other countries, which matters when choosing sales territories."
2026-09-27,yes,Response Cell Support to a WFX (Mar 21) (Public).,,pdf,Army Department,federal,,army.mil,https://api.army.mil/e2/c/downloads/2023/01/31/ff70a765/response-cell-support-to-a-wfx-mar-21-public.pdf,likely_public_domain,not checked,,,https://www.amazon.com/s?k=Response+Cell+Support+to+a+WFX+%28Mar+21%29+%28Public%29.&i=stripbooks,1,https://www.army.mil/call,"US federal government work: not protected by copyright in the US (17 U.S.C. 105). Contractor- or grantee-written parts and third-party photos or text inside it can still be copyrighted, and the US may claim copyright in other countries, which matters when choosing sales territories."
2026-09-27,yes,Operationalizing Maintenance through Assembly Area Operations A Battalion (Aug 21) (Public).,,pdf,Army Department,federal,,army.mil,https://api.army.mil/e2/c/downloads/2023/01/31/4ccee6ef/operationalizing-maintenance-through-assembly-area-operations-a-battalion-aug-21-public.pdf,likely_public_domain,not checked,,,https://www.amazon.com/s?k=Operationalizing+Maintenance+through+Assembly+Area+Operations+A+Battalion+%28Aug+21%29+%28Public%29.&i=stripbooks,1,https://www.army.mil/call,"US federal government work: not protected by copyright in the US (17 U.S.C. 105). Contractor- or grantee-written parts and third-party photos or text inside it can still be copyrighted, and the US may claim copyright in other countries, which matters when choosing sales territories."
2026-09-27,yes,"Improving Mobility, Survivability and Modularity in a Brigade Support Medical Company (Jun 21) (Public).",,pdf,Army Department,federal,,army.mil,https://api.army.mil/e2/c/downloads/2023/01/31/e3ba64bd/improving-mobility-survivability-and-modularity-in-a-brigade-support-medical-company-jun-21-public.pdf,likely_public_domain,not checked,,,https://www.amazon.com/s?k=Improving+Mobility%2C+Survivability+and+Modularity+in+a+Brigade+Support+Medical+Company+%28Jun&i=stripbooks,1,https://www.army.mil/call,"US federal government work: not protected by copyright in the US (17 U.S.C. 105). Contractor- or grantee-written parts and third-party photos or text inside it can still be copyrighted, and the US may claim copyright in other countries, which matters when choosing sales territories."
2026-09-27,yes,A Best Practice to Build Partner Capacity (Jan 21) (Public).,,pdf,Army Department,federal,,army.mil,https://api.army.mil/e2/c/downloads/2023/01/31/fbace6d5/a-best-practice-to-build-partner-capacity-jan-21-public.pdf,likely_public_domain,not checked,,,https://www.amazon.com/s?k=A+Best+Practice+to+Build+Partner+Capacity+%28Jan+21%29+%28Public%29.&i=stripbooks,1,https://www.army.mil/call,"US federal government work: not protected by copyright in the US (17 U.S.C. 105). Contractor- or grantee-written parts and third-party photos or text inside it can still be copyrighted, and the US may claim copyright in other countries, which matters when choosing sales territories."
2026-09-27,yes,22-667_Modernization in Army Mobilization (Dec 21) (Public).,,pdf,Army Department,federal,,army.mil,https://api.army.mil/e2/c/downloads/2023/01/31/6d276787/22-667-modernization-in-army-mobilization-dec-21-public.pdf,likely_public_domain,not checked,,,https://www.amazon.com/s?k=22-667_Modernization+in+Army+Mobilization+%28Dec+21%29+%28Public%29.&i=stripbooks,1,https://www.army.mil/call,"US federal government work: not protected by copyright in the US (17 U.S.C. 105). Contractor- or grantee-written parts and third-party photos or text inside it can still be copyrighted, and the US may claim copyright in other countries, which matters when choosing sales territories."
2026-09-27,yes,"22-659_Challenges, Considerations, and Recommendations from WFX (Nov 21) (Public).",,pdf,Army Department,federal,,army.mil,https://api.army.mil/e2/c/downloads/2023/01/31/28407783/22-659-challenges-considerations-and-recommendations-from-wfx-nov-21-public.pdf,likely_public_domain,not checked,,,https://www.amazon.com/s?k=22-659_Challenges%2C+Considerations%2C+and+Recommendations+from+WFX+%28Nov+21%29+%28Public%29.&i=stripbooks,1,https://www.army.mil/call,"US federal government work: not protected by copyright in the US (17 U.S.C. 105). Contractor- or grantee-written parts and third-party photos or text inside it can still be copyrighted, and the US may claim copyright in other countries, which matters when choosing sales territories."
2026-09-27,yes,21-658_Sustaining the Fight Tonight in a COVID Environment (Oct 21) (Public).,,pdf,Army Department,federal,,army.mil,https://api.army.mil/e2/c/downloads/2023/01/31/5610aee6/21-658-sustaining-the-fight-tonight-in-a-covid-environment-oct-21-public.pdf,likely_public_domain,not checked,,,https://www.amazon.com/s?k=21-658_Sustaining+the+Fight+Tonight+in+a+COVID+Environment+%28Oct+21%29+%28Public%29.&i=stripbooks,1,https://www.army.mil/call,"US federal government work: not protected by copyright in the US (17 U.S.C. 105). Contractor- or grantee-written parts and third-party photos or text inside it can still be copyrighted, and the US may claim copyright in other countries, which matters when choosing sales territories."
2026-09-27,yes,21-655_Nagorno-Karabakh 2020 Conflict Catalog (Aug 21) (Public).,,pdf,Army Department,federal,,army.mil,https://api.army.mil/e2/c/downloads/2023/01/31/693ac148/21-655-nagorno-karabakh-2020-conflict-catalog-aug-21-public.pdf,likely_public_domain,not checked,,,https://www.amazon.com/s?k=21-655_Nagorno-Karabakh+2020+Conflict+Catalog+%28Aug+21%29+%28Public%29.&i=stripbooks,1,https://www.army.mil/call,"US federal government work: not protected by copyright in the US (17 U.S.C. 105). Contractor- or grantee-written parts and third-party photos or text inside it can still be copyrighted, and the US may claim copyright in other countries, which matters when choosing sales territories."
2026-09-27,yes,21-652_SOF-CF Interoperability in Large-Scale Combat Operations (Jul 21) (Public).,,pdf,Army Department,federal,,army.mil,https://api.army.mil/e2/c/downloads/2023/01/31/ec4f4a8a/21-652.pdf,likely_public_domain,not checked,,,https://www.amazon.com/s?k=21-652_SOF-CF+Interoperability+in+Large-Scale+Combat+Operations+%28Jul+21%29+%28Public%29.&i=stripbooks,1,https://www.army.mil/call,"US federal government work: not protected by copyright in the US (17 U.S.C. 105). Contractor- or grantee-written parts and third-party photos or text inside it can still be copyrighted, and the US may claim copyright in other countries, which matters when choosing sales territories."
2026-09-27,yes,21-646_Army Special Operations Forces in Multi-Domain Operations Catalog (Aug 21) (Public).,,pdf,Army Department,federal,,army.mil,https://api.army.mil/e2/c/downloads/2023/01/31/9f26acee/21-646-army-special-operations-forces-in-multi-domain-operations-catalog-aug-21-public.pdf,likely_public_domain,not checked,,,https://www.amazon.com/s?k=21-646_Army+Special+Operations+Forces+in+Multi-Domain+Operations+Catalog+%28Aug+21%29+%28Public%29.&i=stripbooks,1,https://www.army.mil/call,"US federal government work: not protected by copyright in the US (17 U.S.C. 105). Contractor- or grantee-written parts and third-party photos or text inside it can still be copyrighted, and the US may claim copyright in other countries, which matters when choosing sales territories."
2026-09-27,yes,21-637_Lessons In Drawing Down a Security Force Assistance Mission (May 21) (Public).,,pdf,Army Department,federal,,army.mil,https://api.army.mil/e2/c/downloads/2023/01/31/23e30803/21-637.pdf,likely_public_domain,not checked,,,https://www.amazon.com/s?k=21-637_Lessons+In+Drawing+Down+a+Security+Force+Assistance+Mission+%28May+21%29+%28Public%29.&i=stripbooks,1,https://www.army.mil/call,"US federal government work: not protected by copyright in the US (17 U.S.C. 105). Contractor- or grantee-written parts and third-party photos or text inside it can still be copyrighted, and the US may claim copyright in other countries, which matters when choosing sales territories."
2026-09-27,yes,"21-632_SOFCF Interdependence, Interoperability and Integration (Jun 21) (Public).",,pdf,Army Department,federal,,army.mil,https://api.army.mil/e2/c/downloads/2023/01/31/3b224e71/21-632-sofcf-interdependence-interoperability-and-integration-jun-21-public.pdf,likely_public_domain,not checked,,,https://www.amazon.com/s?k=21-632_SOFCF+Interdependence%2C+Interoperability+and+Integration+%28Jun+21%29+%28Public%29.&i=stripbooks,1,https://www.army.mil/call,"US federal government work: not protected by copyright in the US (17 U.S.C. 105). Contractor- or grantee-written parts and third-party photos or text inside it can still be copyrighted, and the US may claim copyright in other countries, which matters when choosing sales territories."
2026-09-27,yes,21-629_Critical for the Information Collection Fires Rehearsal (May 21) (Public).,,pdf,Army Department,federal,,army.mil,https://api.army.mil/e2/c/downloads/2023/01/31/63bba3bf/21-629.pdf,likely_public_domain,not checked,,,https://www.amazon.com/s?k=21-629_Critical+for+the+Information+Collection+Fires+Rehearsal+%28May+21%29+%28Public%29.&i=stripbooks,1,https://www.army.mil/call,"US federal government work: not protected by copyright in the US (17 U.S.C. 105). Contractor- or grantee-written parts and third-party photos or text inside it can still be copyrighted, and the US may claim copyright in other countries, which matters when choosing sales territories."
2026-09-27,yes,21-620_Role 2 Set-Up in Garrison Operations for COVID-19 Response (Apr 21) (Public).,,pdf,Army Department,federal,,army.mil,https://api.army.mil/e2/c/downloads/2023/01/31/de3a51c3/18127.pdf,likely_public_domain,not checked,,,https://www.amazon.com/s?k=21-620_Role+2+Set-Up+in+Garrison+Operations+for+COVID-19+Response+%28Apr+21%29+%28Public%29.&i=stripbooks,1,https://www.army.mil/call,"US federal government work: not protected by copyright in the US (17 U.S.C. 105). Contractor- or grantee-written parts and third-party photos or text inside it can still be copyrighted, and the US may claim copyright in other countries, which matters when choosing sales territories."
2026-09-27,yes,21-610_Operationalizing Risk Management for Divisions and Corps (Jul 21) (Public).,,pdf,Army Department,federal,,army.mil,https://api.army.mil/e2/c/downloads/2023/01/31/00d522fd/21-610-operationalizing-risk-management-for-divisions-and-corps-jul-21-public.pdf,likely_public_domain,not checked,,,https://www.amazon.com/s?k=21-610_Operationalizing+Risk+Management+for+Divisions+and+Corps+%28Jul+21%29+%28Public%29.&i=stripbooks,1,https://www.army.mil/call,"US federal government work: not protected by copyright in the US (17 U.S.C. 105). Contractor- or grantee-written parts and third-party photos or text inside it can still be copyrighted, and the US may claim copyright in other countries, which matters when choosing sales territories."
2026-09-27,yes,21-609_Army Africa Prepares for MADNEO in Africa During Global Coronavirus (Feb 21) (Public).,,pdf,Army Department,federal,,army.mil,https://api.army.mil/e2/c/downloads/2023/01/31/ae439c5f/21-609-army-africa-prepares-for-madneo-in-africa-during-global-coronavirus-feb-21-public.pdf,likely_public_domain,not checked,,,https://www.amazon.com/s?k=21-609_Army+Africa+Prepares+for+MADNEO+in+Africa+During+Global+Coronavirus+%28Feb+21%29&i=stripbooks,1,https://www.army.mil/call,"US federal government work: not protected by copyright in the US (17 U.S.C. 105). Contractor- or grantee-written parts and third-party photos or text inside it can still be copyrighted, and the US may claim copyright in other countries, which matters when choosing sales territories."
2026-09-27,yes,21-489_Command Relationships in Defense Support of Civil Authorities (Feb 21) (Public).,,pdf,Army Department,federal,,army.mil,https://api.army.mil/e2/c/downloads/2023/01/31/c3785a8f/21-489-command-relationships-in-defense-support-of-civil-authorities-feb-21-public.pdf,likely_public_domain,not checked,,,https://www.amazon.com/s?k=21-489_Command+Relationships+in+Defense+Support+of+Civil+Authorities+%28Feb+21%29+%28Public%29.&i=stripbooks,1,https://www.army.mil/call,"US federal government work: not protected by copyright in the US (17 U.S.C. 105). Contractor- or grantee-written parts and third-party photos or text inside it can still be copyrighted, and the US may claim copyright in other countries, which matters when choosing sales territories."
2026-09-27,yes,20-579_Civil Disturbance Operations (May 21) (Public).,,pdf,Army Department,federal,,army.mil,https://api.army.mil/e2/c/downloads/2023/01/31/6b9ad7bb/18134.pdf,likely_public_domain,not checked,,,https://www.amazon.com/s?k=20-579_Civil+Disturbance+Operations+%28May+21%29+%28Public%29.&i=stripbooks,1,https://www.army.mil/call,"US federal government work: not protected by copyright in the US (17 U.S.C. 105). Contractor- or grantee-written parts and third-party photos or text inside it can still be copyrighted, and the US may claim copyright in other countries, which matters when choosing sales territories."
2026-09-27,yes,21-665_Is Ours a Nation at War (Public).,,pdf,Army Department,federal,,army.mil,https://api.army.mil/e2/c/downloads/2023/01/31/b2bead7a/21-665.pdf,likely_public_domain,not checked,,,https://www.amazon.com/s?k=21-665_Is+Ours+a+Nation+at+War+%28Public%29.&i=stripbooks,1,https://www.army.mil/call,"US federal government work: not protected by copyright in the US (17 U.S.C. 105). Contractor- or grantee-written parts and third-party photos or text inside it can still be copyrighted, and the US may claim copyright in other countries, which matters when choosing sales territories."
2026-09-27,yes,21-635_Nunca Camino Solo (Public).,,pdf,Army Department,federal,,army.mil,https://api.army.mil/e2/c/downloads/2023/01/31/771738cc/18139.pdf,likely_public_domain,not checked,,,https://www.amazon.com/s?k=21-635_Nunca+Camino+Solo+%28Public%29.&i=stripbooks,1,https://www.army.mil/call,"US federal government work: not protected by copyright in the US (17 U.S.C. 105). Contractor- or grantee-written parts and third-party photos or text inside it can still be copyrighted, and the US may claim copyright in other countries, which matters when choosing sales territories."
2026-09-27,yes,21-607_Deep Operations Catalog (Public).,,pdf,Army Department,federal,,army.mil,https://api.army.mil/e2/c/downloads/2023/01/31/a23282fc/21-607-deep-operations-catalog-public.pdf,likely_public_domain,not checked,,,https://www.amazon.com/s?k=21-607_Deep+Operations+Catalog+%28Public%29.&i=stripbooks,1,https://www.army.mil/call,"US federal government work: not protected by copyright in the US (17 U.S.C. 105). Contractor- or grantee-written parts and third-party photos or text inside it can still be copyrighted, and the US may claim copyright in other countries, which matters when choosing sales territories."
2026-09-27,yes,21-592_Training in Contested Spaces (Public).,,pdf,Army Department,federal,,army.mil,https://api.army.mil/e2/c/downloads/2023/01/31/1a67bb38/21-592.pdf,likely_public_domain,not checked,,,https://www.amazon.com/s?k=21-592_Training+in+Contested+Spaces+%28Public%29.&i=stripbooks,1,https://www.army.mil/call,"US federal government work: not protected by copyright in the US (17 U.S.C. 105). Contractor- or grantee-written parts and third-party photos or text inside it can still be copyrighted, and the US may claim copyright in other countries, which matters when choosing sales territories."
2026-09-27,yes,21-578_Evolution of CA Reporting in a COVID Environment (Public).,,pdf,Army Department,federal,,army.mil,https://api.army.mil/e2/c/downloads/2023/01/31/fc047325/21-578-evolution-of-ca-reporting-in-a-covid-environment-public.pdf,likely_public_domain,not checked,,,https://www.amazon.com/s?k=21-578_Evolution+of+CA+Reporting+in+a+COVID+Environment+%28Public%29.&i=stripbooks,1,https://www.army.mil/call,"US federal government work: not protected by copyright in the US (17 U.S.C. 105). Contractor- or grantee-written parts and third-party photos or text inside it can still be copyrighted, and the US may claim copyright in other countries, which matters when choosing sales territories."
2026-09-27,yes,21-546_How the Army Does Smart (Public).,,pdf,Army Department,federal,,army.mil,https://api.army.mil/e2/c/downloads/2023/01/31/c78c351a/21-546-how-the-army-does-smart-public.pdf,likely_public_domain,not checked,,,https://www.amazon.com/s?k=21-546_How+the+Army+Does+Smart+%28Public%29.&i=stripbooks,1,https://www.army.mil/call,"US federal government work: not protected by copyright in the US (17 U.S.C. 105). Contractor- or grantee-written parts and third-party photos or text inside it can still be copyrighted, and the US may claim copyright in other countries, which matters when choosing sales territories."
2026-09-27,yes,21-19_Mastering the Fundamentals (Public).,,pdf,Army Department,federal,,army.mil,https://api.army.mil/e2/c/downloads/2023/01/31/edd7fe99/21-19.pdf,likely_public_domain,not checked,,,https://www.amazon.com/s?k=21-19_Mastering+the+Fundamentals+%28Public%29.&i=stripbooks,1,https://www.army.mil/call,"US federal government work: not protected by copyright in the US (17 U.S.C. 105). Contractor- or grantee-written parts and third-party photos or text inside it can still be copyrighted, and the US may claim copyright in other countries, which matters when choosing sales territories."
2026-09-27,yes,21-15_FY21.1 MCTP Key Observations (Public).,,pdf,Army Department,federal,,army.mil,https://api.army.mil/e2/c/downloads/2023/01/31/b6c707ba/18124.pdf,likely_public_domain,not checked,,,https://www.amazon.com/s?k=21-15_FY21.1+MCTP+Key+Observations+%28Public%29.&i=stripbooks,1,https://www.army.mil/call,"US federal government work: not protected by copyright in the US (17 U.S.C. 105). Contractor- or grantee-written parts and third-party photos or text inside it can still be copyrighted, and the US may claim copyright in other countries, which matters when choosing sales territories."
2026-09-27,yes,21-12_NCO Crosswalk (Public).,,pdf,Army Department,federal,,army.mil,https://api.army.mil/e2/c/downloads/2023/01/31/02cd6c77/21-12.pdf,likely_public_domain,not checked,,,https://www.amazon.com/s?k=21-12_NCO+Crosswalk+%28Public%29.&i=stripbooks,1,https://www.army.mil/call,"US federal government work: not protected by copyright in the US (17 U.S.C. 105). Contractor- or grantee-written parts and third-party photos or text inside it can still be copyrighted, and the US may claim copyright in other countries, which matters when choosing sales territories."
2026-09-27,yes,21-07_Hard Lessons (12 Mar) (Public).,,pdf,Army Department,federal,,army.mil,https://api.army.mil/e2/c/downloads/2023/01/31/5aaa4cd1/21-07.pdf,likely_public_domain,not checked,,,https://www.amazon.com/s?k=21-07_Hard+Lessons+%2812+Mar%29+%28Public%29.&i=stripbooks,1,https://www.army.mil/call,"US federal government work: not protected by copyright in the US (17 U.S.C. 105). Contractor- or grantee-written parts and third-party photos or text inside it can still be copyrighted, and the US may claim copyright in other countries, which matters when choosing sales territories."
2026-09-27,yes,21-5_Fire Support (Public).,,pdf,Army Department,federal,,army.mil,https://api.army.mil/e2/c/downloads/2023/01/31/a5bdc400/21-558.pdf,likely_public_domain,not checked,,,https://www.amazon.com/s?k=21-5_Fire+Support+%28Public%29.&i=stripbooks,1,https://www.army.mil/call,"US federal government work: not protected by copyright in the US (17 U.S.C. 105). Contractor- or grantee-written parts and third-party photos or text inside it can still be copyrighted, and the US may claim copyright in other countries, which matters when choosing sales territories."
2026-09-27,yes,21-4_Leader Development in Contact (Public).,,pdf,Army Department,federal,,army.mil,https://api.army.mil/e2/c/downloads/2023/01/31/a1dee5ee/21-04.pdf,likely_public_domain,not checked,,,https://www.amazon.com/s?k=21-4_Leader+Development+in+Contact+%28Public%29.&i=stripbooks,1,https://www.army.mil/call,"US federal government work: not protected by copyright in the US (17 U.S.C. 105). Contractor- or grantee-written parts and third-party photos or text inside it can still be copyrighted, and the US may claim copyright in other countries, which matters when choosing sales territories."
2026-09-27,yes,21-1_FY21.0 MCTP Key Observations (Public).,,pdf,Army Department,federal,,army.mil,https://api.army.mil/e2/c/downloads/2023/01/31/bc32e5bb/18085.pdf,likely_public_domain,not checked,,,https://www.amazon.com/s?k=21-1_FY21.0+MCTP+Key+Observations+%28Public%29.&i=stripbooks,1,https://www.army.mil/call,"US federal government work: not protected by copyright in the US (17 U.S.C. 105). Contractor- or grantee-written parts and third-party photos or text inside it can still be copyrighted, and the US may claim copyright in other countries, which matters when choosing sales territories."
2026-09-27,yes,22-726_WFX 22-01 CMO Targeting in LSCO (Aug 22) (Public).,,pdf,Army Department,federal,,army.mil,https://api.army.mil/e2/c/downloads/2023/01/31/253fbcc2/22-726-wfx-22-01-cmo-targeting-in-lsco-aug-22-public.pdf,likely_public_domain,not checked,,,https://www.amazon.com/s?k=22-726_WFX+22-01+CMO+Targeting+in+LSCO+%28Aug+22%29+%28Public%29.&i=stripbooks,1,https://www.army.mil/call,"US federal government work: not protected by copyright in the US (17 U.S.C. 105). Contractor- or grantee-written parts and third-party photos or text inside it can still be copyrighted, and the US may claim copyright in other countries, which matters when choosing sales territories."
2026-09-27,yes,"22-721_Creating Shared Understanding, and Minimum Requirements (Jul 22) (Public).",,pdf,Army Department,federal,,army.mil,https://api.army.mil/e2/c/downloads/2023/01/31/c921c8c9/22-721-creating-shared-understanding-and-minimum-requirements-jul-22-public.pdf,likely_public_domain,not checked,,,https://www.amazon.com/s?k=22-721_Creating+Shared+Understanding%2C+and+Minimum+Requirements+%28Jul+22%29+%28Public%29.&i=stripbooks,1,https://www.army.mil/call,"US federal government work: not protected by copyright in the US (17 U.S.C. 105). Contractor- or grantee-written parts and third-party photos or text inside it can still be copyrighted, and the US may claim copyright in other countries, which matters when choosing sales territories."
2026-09-27,yes,22-714_Priority Intelligence Requirements (PIRs) (Jun 22) (Public).,,pdf,Army Department,federal,,army.mil,https://api.army.mil/e2/c/downloads/2023/01/31/04e703d7/22-712.pdf,likely_public_domain,not checked,,,https://www.amazon.com/s?k=22-714_Priority+Intelligence+Requirements+%28PIRs%29+%28Jun+22%29+%28Public%29.&i=stripbooks,1,https://www.army.mil/call,"US federal government work: not protected by copyright in the US (17 U.S.C. 105). Contractor- or grantee-written parts and third-party photos or text inside it can still be copyrighted, and the US may claim copyright in other countries, which matters when choosing sales territories."
2026-09-27,yes,22-714_Air & Missile Defense (AMD) Catalog (Jul 22) (Public).,,pdf,Army Department,federal,,army.mil,https://api.army.mil/e2/c/downloads/2023/01/31/9fb71eb7/22-714-air-missile-defense-amd-catalog-jul-22-public.pdf,likely_public_domain,not checked,,,https://www.amazon.com/s?k=22-714_Air+%26+Missile+Defense+%28AMD%29+Catalog+%28Jul+22%29+%28Public%29.&i=stripbooks,1,https://www.army.mil/call,"US federal government work: not protected by copyright in the US (17 U.S.C. 105). Contractor- or grantee-written parts and third-party photos or text inside it can still be copyrighted, and the US may claim copyright in other countries, which matters when choosing sales territories."
2026-09-27,yes,22-732_Fusing Data into a Battle Damage Assessment for the Commander (Public).,,pdf,Army Department,federal,,army.mil,https://api.army.mil/e2/c/downloads/2023/01/31/cb115ad9/22-732.pdf,likely_public_domain,not checked,,,https://www.amazon.com/s?k=22-732_Fusing+Data+into+a+Battle+Damage+Assessment+for+the+Commander+%28Public%29.&i=stripbooks,1,https://www.army.mil/call,"US federal government work: not protected by copyright in the US (17 U.S.C. 105). Contractor- or grantee-written parts and third-party photos or text inside it can still be copyrighted, and the US may claim copyright in other countries, which matters when choosing sales territories."
2026-09-27,yes,22-722_Jungle Warfare Seminar (Public).,,pdf,Army Department,federal,,army.mil,https://api.army.mil/e2/c/downloads/2023/01/31/7c9a5186/22-722-jungle-warfare-seminar-public.pdf,likely_public_domain,not checked,,,https://www.amazon.com/s?k=22-722_Jungle+Warfare+Seminar+%28Public%29.&i=stripbooks,1,https://www.army.mil/call,"US federal government work: not protected by copyright in the US (17 U.S.C. 105). Contractor- or grantee-written parts and third-party photos or text inside it can still be copyrighted, and the US may claim copyright in other countries, which matters when choosing sales territories."
2026-09-27,yes,22-716_Southern Vanguard 22 (Public).,,pdf,Army Department,federal,,army.mil,https://api.army.mil/e2/c/downloads/2023/01/31/513386df/22-716-southern-vanguard-22-public.pdf,likely_public_domain,not checked,,,https://www.amazon.com/s?k=22-716_Southern+Vanguard+22+%28Public%29.&i=stripbooks,1,https://www.army.mil/call,"US federal government work: not protected by copyright in the US (17 U.S.C. 105). Contractor- or grantee-written parts and third-party photos or text inside it can still be copyrighted, and the US may claim copyright in other countries, which matters when choosing sales territories."
2026-09-27,yes,22-705_LL for DOD Food Protection Planning and Support During the COVID-19 Global Pandemic (Public).,,pdf,Army Department,federal,,army.mil,https://api.army.mil/e2/c/downloads/2023/01/31/61ff4ae2/22-705-ll-for-dod-food-protection-planning-and-support-during-the-covid-19-global-pandemic-public.pdf,likely_public_domain,not checked,,,https://www.amazon.com/s?k=22-705_LL+for+DOD+Food+Protection+Planning+and+Support+During+the+COVID-19+Global&i=stripbooks,1,https://www.army.mil/call,"US federal government work: not protected by copyright in the US (17 U.S.C. 105). Contractor- or grantee-written parts and third-party photos or text inside it can still be copyrighted, and the US may claim copyright in other countries, which matters when choosing sales territories."
2026-09-27,yes,22-701_The Deep Area Misconceptions and Challenges (Public).,,pdf,Army Department,federal,,army.mil,https://api.army.mil/e2/c/downloads/2023/01/31/47a47b66/18195.pdf,likely_public_domain,not checked,,,https://www.amazon.com/s?k=22-701_The+Deep+Area+Misconceptions+and+Challenges+%28Public%29.&i=stripbooks,1,https://www.army.mil/call,"US federal government work: not protected by copyright in the US (17 U.S.C. 105). Contractor- or grantee-written parts and third-party photos or text inside it can still be copyrighted, and the US may claim copyright in other countries, which matters when choosing sales territories."
2026-09-27,yes,22-686_A Year in Jamaica-Leveraging Partnerships Through the SPP (Public).,,pdf,Army Department,federal,,army.mil,https://api.army.mil/e2/c/downloads/2023/01/31/ddc9208e/22-686-a-year-in-jamaica-leveraging-partnerships-through-the-spp-public.pdf,likely_public_domain,not checked,,,https://www.amazon.com/s?k=22-686_A+Year+in+Jamaica-Leveraging+Partnerships+Through+the+SPP+%28Public%29.&i=stripbooks,1,https://www.army.mil/call,"US federal government work: not protected by copyright in the US (17 U.S.C. 105). Contractor- or grantee-written parts and third-party photos or text inside it can still be copyrighted, and the US may claim copyright in other countries, which matters when choosing sales territories."
2026-09-27,yes,22-679_Lessons from a Combat Operational Stress Control Unit (Public).,,pdf,Army Department,federal,,army.mil,https://api.army.mil/e2/c/downloads/2023/01/31/cfd828e1/22-679-lessons-from-a-combat-operational-stress-control-unit-public.pdf,likely_public_domain,not checked,,,https://www.amazon.com/s?k=22-679_Lessons+from+a+Combat+Operational+Stress+Control+Unit+%28Public%29.&i=stripbooks,1,https://www.army.mil/call,"US federal government work: not protected by copyright in the US (17 U.S.C. 105). Contractor- or grantee-written parts and third-party photos or text inside it can still be copyrighted, and the US may claim copyright in other countries, which matters when choosing sales territories."
2026-09-27,yes,22-678_MCTP_NFTF_RDSP in LSCO (Public).,,pdf,Army Department,federal,,army.mil,https://api.army.mil/e2/c/downloads/2023/01/31/647e10d7/22-678-mctp-nftf-rdsp-in-lsco-public.pdf,likely_public_domain,not checked,,,https://www.amazon.com/s?k=22-678_MCTP_NFTF_RDSP+in+LSCO+%28Public%29.&i=stripbooks,1,https://www.army.mil/call,"US federal government work: not protected by copyright in the US (17 U.S.C. 105). Contractor- or grantee-written parts and third-party photos or text inside it can still be copyrighted, and the US may claim copyright in other countries, which matters when choosing sales territories."
2026-09-27,yes,22-669_Financial Readiness 101 (Public).,,pdf,Army Department,federal,,army.mil,https://api.army.mil/e2/c/downloads/2023/01/31/85ee9181/22-669-financial-readiness-101-public.pdf,likely_public_domain,not checked,,,https://www.amazon.com/s?k=22-669_Financial+Readiness+101+%28Public%29.&i=stripbooks,1,https://www.army.mil/call,"US federal government work: not protected by copyright in the US (17 U.S.C. 105). Contractor- or grantee-written parts and third-party photos or text inside it can still be copyrighted, and the US may claim copyright in other countries, which matters when choosing sales territories."
2026-09-27,yes,22-643_Counter-small Unmanned Aircraft Systems Catalog (Public).,,pdf,Army Department,federal,,army.mil,https://api.army.mil/e2/c/downloads/2023/01/31/6133e398/22-643.pdf,likely_public_domain,not checked,,,https://www.amazon.com/s?k=22-643_Counter-small+Unmanned+Aircraft+Systems+Catalog+%28Public%29.&i=stripbooks,1,https://www.army.mil/call,"US federal government work: not protected by copyright in the US (17 U.S.C. 105). Contractor- or grantee-written parts and third-party photos or text inside it can still be copyrighted, and the US may claim copyright in other countries, which matters when choosing sales territories."
2026-09-27,yes,22-04 (619)_Company Leadership First 100 Days (Public).,,pdf,Army Department,federal,,army.mil,https://api.army.mil/e2/c/downloads/2023/01/31/e5b70b4b/22-04.pdf,likely_public_domain,not checked,,,https://www.amazon.com/s?k=22-04+%28619%29_Company+Leadership+First+100+Days+%28Public%29.&i=stripbooks,1,https://www.army.mil/call,"US federal government work: not protected by copyright in the US (17 U.S.C. 105). Contractor- or grantee-written parts and third-party photos or text inside it can still be copyrighted, and the US may claim copyright in other countries, which matters when choosing sales territories."
2026-09-27,yes,22-02 (653)_FY21.2 MCTP Key Observations (Public).,,pdf,Army Department,federal,,army.mil,https://api.army.mil/e2/c/downloads/2023/01/31/bac1be3f/22-02.pdf,likely_public_domain,not checked,,,https://www.amazon.com/s?k=22-02+%28653%29_FY21.2+MCTP+Key+Observations+%28Public%29.&i=stripbooks,1,https://www.army.mil/call,"US federal government work: not protected by copyright in the US (17 U.S.C. 105). Contractor- or grantee-written parts and third-party photos or text inside it can still be copyrighted, and the US may claim copyright in other countries, which matters when choosing sales territories."
2026-09-27,yes,23-745_Designing a Culminating Training Exercise (Oct 22) (Public).,,pdf,Army Department,federal,,army.mil,https://api.army.mil/e2/c/downloads/2023/02/07/f923ddb7/23-745-designing-a-culminating-training-exercise-oct-22-public.pdf,likely_public_domain,not checked,,,https://www.amazon.com/s?k=23-745_Designing+a+Culminating+Training+Exercise+%28Oct+22%29+%28Public%29.&i=stripbooks,1,https://www.army.mil/call,"US federal government work: not protected by copyright in the US (17 U.S.C. 105). Contractor- or grantee-written parts and third-party photos or text inside it can still be copyrighted, and the US may claim copyright in other countries, which matters when choosing sales territories."
2026-09-27,yes,"24-817, Lessons for Building Cohesive Teams and Readiness during In-Processing",,pdf,Army Department,federal,,army.mil,https://api.army.mil/e2/c/downloads/2023/11/28/c3ce678b/24-817-bct-in-processing-nov-23-public.pdf,likely_public_domain,not checked,,,https://www.amazon.com/s?k=24-817%2C+Lessons+for+Building+Cohesive+Teams+and+Readiness+during+In-Processing&i=stripbooks,1,https://www.army.mil/call,"US federal government work: not protected by copyright in the US (17 U.S.C. 105). Contractor- or grantee-written parts and third-party photos or text inside it can still be copyrighted, and the US may claim copyright in other countries, which matters when choosing sales territories."
2026-09-27,yes,"24-837, Innovating at the Division Level (Feb 24)",,pdf,Army Department,federal,,army.mil,https://api.army.mil/e2/c/downloads/2024/02/09/026cb72f/24-837-innovating-at-the-division-level-feb-24-public.pdf,likely_public_domain,not checked,,,https://www.amazon.com/s?k=24-837%2C+Innovating+at+the+Division+Level+%28Feb+24%29&i=stripbooks,1,https://www.army.mil/call,"US federal government work: not protected by copyright in the US (17 U.S.C. 105). Contractor- or grantee-written parts and third-party photos or text inside it can still be copyrighted, and the US may claim copyright in other countries, which matters when choosing sales territories."
2026-09-27,yes,"24-850, Preparing Your Organization for the Unknown (May 24)",,pdf,Army Department,federal,,army.mil,https://api.army.mil/e2/c/downloads/2024/06/04/a834bbe6/24-850-preparing-your-organization-for-the-unknown-may-24-public.pdf,likely_public_domain,not checked,,,https://www.amazon.com/s?k=24-850%2C+Preparing+Your+Organization+for+the+Unknown+%28May+24%29&i=stripbooks,1,https://www.army.mil/call,"US federal government work: not protected by copyright in the US (17 U.S.C. 105). Contractor- or grantee-written parts and third-party photos or text inside it can still be copyrighted, and the US may claim copyright in other countries, which matters when choosing sales territories."
2026-09-27,yes,"24-848, Building a Unit Planning Standard Operating Procedure (PSOP) (May 24)",,pdf,Army Department,federal,,army.mil,https://api.army.mil/e2/c/downloads/2024/06/06/76cdff73/24-848-building-a-unit-planning-standard-operating-procedure-psop.pdf,likely_public_domain,not checked,,,https://www.amazon.com/s?k=24-848%2C+Building+a+Unit+Planning+Standard+Operating+Procedure+%28PSOP%29+%28May+24%29&i=stripbooks,1,https://www.army.mil/call,"US federal government work: not protected by copyright in the US (17 U.S.C. 105). Contractor- or grantee-written parts and third-party photos or text inside it can still be copyrighted, and the US may claim copyright in other countries, which matters when choosing sales territories."
2026-09-27,yes,"24-893, Embracing Techcraft: The Future of Soldiering in the Emerging Technological Battlefield (May 24)",,pdf,Army Department,federal,,army.mil,https://api.army.mil/e2/c/downloads/2025/08/21/976a19ad/no-24-893-embracing-techcraft-the-future-of-soldiering-in-the-emerging-technological-battlefield.pdf,likely_public_domain,not checked,,,https://www.amazon.com/s?k=24-893%2C+Embracing+Techcraft&i=stripbooks,1,https://www.army.mil/call,"US federal government work: not protected by copyright in the US (17 U.S.C. 105). Contractor- or grantee-written parts and third-party photos or text inside it can still be copyrighted, and the US may claim copyright in other countries, which matters when choosing sales territories."
2026-09-27,yes,"24-844, Civil Affairs Task Force, Conducting Stability Operations (Jun 24).",,pdf,Army Department,federal,,army.mil,https://api.army.mil/e2/c/downloads/2024/06/17/8f30d3fe/24-844-civil-affairs-task-force-conducting-stability-operations-jun-24.pdf,likely_public_domain,not checked,,,https://www.amazon.com/s?k=24-844%2C+Civil+Affairs+Task+Force%2C+Conducting+Stability+Operations+%28Jun+24%29.&i=stripbooks,1,https://www.army.mil/call,"US federal government work: not protected by copyright in the US (17 U.S.C. 105). Contractor- or grantee-written parts and third-party photos or text inside it can still be copyrighted, and the US may claim copyright in other countries, which matters when choosing sales territories."
2026-09-27,yes,"24-1 (779), Win in Europe (Jun 24)., Win in Europe (Jun 24)",,pdf,Army Department,federal,,army.mil,https://api.army.mil/e2/c/downloads/2024/06/17/536bbf3d/24-1-779-win-in-europe-jun-24.pdf,likely_public_domain,not checked,,,https://www.amazon.com/s?k=24-1+%28779%29%2C+Win+in+Europe+%28Jun+24%29.%2C+Win+in+Europe+%28Jun+24%29&i=stripbooks,1,https://www.army.mil/call,"US federal government work: not protected by copyright in the US (17 U.S.C. 105). Contractor- or grantee-written parts and third-party photos or text inside it can still be copyrighted, and the US may claim copyright in other countries, which matters when choosing sales territories."
2026-09-27,yes,"25-909, Integrating the Maneuver Enhancement Brigade (Feb 25)",,pdf,Army Department,federal,,army.mil,https://api.army.mil/e2/c/downloads/2025/02/18/3f69a3ea/25-909-integrating-the-maneuver-enhancement-brigade.pdf,likely_public_domain,not checked,,,https://www.amazon.com/s?k=25-909%2C+Integrating+the+Maneuver+Enhancement+Brigade+%28Feb+25%29&i=stripbooks,1,https://www.army.mil/call,"US federal government work: not protected by copyright in the US (17 U.S.C. 105). Contractor- or grantee-written parts and third-party photos or text inside it can still be copyrighted, and the US may claim copyright in other countries, which matters when choosing sales territories."
2026-09-27,yes,"25-949, 36th Engineer Brigade Defender Europe '24 Lessons Learned (Mar 25)",,pdf,Army Department,federal,,army.mil,https://api.army.mil/e2/c/downloads/2025/03/21/3e12c371/25-949-defender-europe-24-lessons-learned-mar-25.pdf,likely_public_domain,not checked,,,https://www.amazon.com/s?k=25-949%2C+36th+Engineer+Brigade+Defender+Europe+%2724+Lessons+Learned+%28Mar+25%29&i=stripbooks,1,https://www.army.mil/call,"US federal government work: not protected by copyright in the US (17 U.S.C. 105). Contractor- or grantee-written parts and third-party photos or text inside it can still be copyrighted, and the US may claim copyright in other countries, which matters when choosing sales territories."
2026-09-27,yes,"25-928, Maintaining Unit Endurance through Tactical-level Training (Mar 25)",,pdf,Army Department,federal,,army.mil,https://api.army.mil/e2/c/downloads/2025/03/31/dc30a0a5/25-928-maintaining-unit-endurance-through-tactical-level-training-mar-25.pdf,likely_public_domain,not checked,,,https://www.amazon.com/s?k=25-928%2C+Maintaining+Unit+Endurance+through+Tactical-level+Training+%28Mar+25%29&i=stripbooks,1,https://www.army.mil/call,"US federal government work: not protected by copyright in the US (17 U.S.C. 105). Contractor- or grantee-written parts and third-party photos or text inside it can still be copyrighted, and the US may claim copyright in other countries, which matters when choosing sales territories."
2026-09-27,yes,"25-976, Maneuver Short Range Air Defense in Brigade Combat Team Operations (Apr 25)",,pdf,Army Department,federal,,army.mil,https://api.army.mil/e2/c/downloads/2025/04/15/12da01c7/25-976-mshorad-in-bct-operations-public.pdf,likely_public_domain,not checked,,,https://www.amazon.com/s?k=25-976%2C+Maneuver+Short+Range+Air+Defense+in+Brigade+Combat+Team+Operations+%28Apr&i=stripbooks,1,https://www.army.mil/call,"US federal government work: not protected by copyright in the US (17 U.S.C. 105). Contractor- or grantee-written parts and third-party photos or text inside it can still be copyrighted, and the US may claim copyright in other countries, which matters when choosing sales territories."
2026-09-27,yes,"25-957, Defense Support for Civil Authorities and the Targeting Working Group (Apr 25)",,pdf,Army Department,federal,,army.mil,https://api.army.mil/e2/c/downloads/2025/04/18/799335f9/25-957-dsca-and-the-targeting-working-group-apr-25.pdf,likely_public_domain,not checked,,,https://www.amazon.com/s?k=25-957%2C+Defense+Support+for+Civil+Authorities+and+the+Targeting+Working+Group+%28Apr&i=stripbooks,1,https://www.army.mil/call,"US federal government work: not protected by copyright in the US (17 U.S.C. 105). Contractor- or grantee-written parts and third-party photos or text inside it can still be copyrighted, and the US may claim copyright in other countries, which matters when choosing sales territories."
2026-09-27,yes,"25-973, Sustaining an Island Chain Campaign (Apr 25)",,pdf,Army Department,federal,,army.mil,https://api.army.mil/e2/c/downloads/2025/04/24/bba799ed/no-25-973-sustaining-an-island-chain-campaign-apr-25.pdf,likely_public_domain,not checked,,,https://www.amazon.com/s?k=25-973%2C+Sustaining+an+Island+Chain+Campaign+%28Apr+25%29&i=stripbooks,1,https://www.army.mil/call,"US federal government work: not protected by copyright in the US (17 U.S.C. 105). Contractor- or grantee-written parts and third-party photos or text inside it can still be copyrighted, and the US may claim copyright in other countries, which matters when choosing sales territories."
2026-09-27,yes,"25-1014, Addressing Emerging Gaps in Rear Area Security: What Divisions Owe Brigades in the Army of 2030 (May 25)",,pdf,Army Department,federal,,army.mil,https://api.army.mil/e2/c/downloads/2025/05/07/b3749143/no-25-1014-addressing-emerging-gaps-in-rear-area-security-what-divisions-owe-brigades-in-the-army-of-2030-may-25.pdf,likely_public_domain,not checked,,,https://www.amazon.com/s?k=25-1014%2C+Addressing+Emerging+Gaps+in+Rear+Area+Security&i=stripbooks,1,https://www.army.mil/call,"US federal government work: not protected by copyright in the US (17 U.S.C. 105). Contractor- or grantee-written parts and third-party photos or text inside it can still be copyrighted, and the US may claim copyright in other countries, which matters when choosing sales territories."
2026-09-27,yes,"How China Fights in Large-Scale Combat Operations, TRADOC G2 (May 25)",,pdf,Army Department,federal,,army.mil,https://api.army.mil/e2/c/downloads/2025/05/08/1888a601/tradoc-g2-how-china-fights-in-lsco-apr-25-public.pdf,likely_public_domain,not checked,,,https://www.amazon.com/s?k=How+China+Fights+in+Large-Scale+Combat+Operations%2C+TRADOC+G2+%28May+25%29&i=stripbooks,1,https://www.army.mil/call,"US federal government work: not protected by copyright in the US (17 U.S.C. 105). Contractor- or grantee-written parts and third-party photos or text inside it can still be copyrighted, and the US may claim copyright in other countries, which matters when choosing sales territories."
2026-09-27,yes,"25-979, Priority Intelligence Requirement Management in Divisions and Corps (May 25)",,pdf,Army Department,federal,,army.mil,https://api.army.mil/e2/c/downloads/2025/05/09/476b399f/no-25-979-priority-intelligence-requirement-management-in-divisions-and-corps-may-25.pdf,likely_public_domain,not checked,,,https://www.amazon.com/s?k=25-979%2C+Priority+Intelligence+Requirement+Management+in+Divisions+and+Corps+%28May+25%29&i=stripbooks,1,https://www.army.mil/call,"US federal government work: not protected by copyright in the US (17 U.S.C. 105). Contractor- or grantee-written parts and third-party photos or text inside it can still be copyrighted, and the US may claim copyright in other countries, which matters when choosing sales territories."
2026-09-27,yes,"25-974, Adding Realism to Mortuary Affairs Operations in the Joint Pacific Multinational Readiness Center (JPMRC) (May 25)",,pdf,Army Department,federal,,army.mil,https://api.army.mil/e2/c/downloads/2025/05/09/07886bfc/no-25-974-adding-realism-to-mortuary-affairs-operations-in-the-joint-pacific-multinational-readiness-center-jpmrc-may-25.pdf,likely_public_domain,not checked,,,https://www.amazon.com/s?k=25-974%2C+Adding+Realism+to+Mortuary+Affairs+Operations+in+the+Joint+Pacific+Multinational&i=stripbooks,1,https://www.army.mil/call,"US federal government work: not protected by copyright in the US (17 U.S.C. 105). Contractor- or grantee-written parts and third-party photos or text inside it can still be copyrighted, and the US may claim copyright in other countries, which matters when choosing sales territories."
2026-09-27,yes,"25-999, Fires' Cell Transition to SBU-E (SBU-E AFATDS Set-up and Protocol) (May 25)",,pdf,Army Department,federal,,army.mil,https://api.army.mil/e2/c/downloads/2025/05/13/383f3504/no-25-999-fires-cell-transition-to-sbu-e-may-25.pdf,likely_public_domain,not checked,,,https://www.amazon.com/s?k=25-999%2C+Fires%27+Cell+Transition+to+SBU-E+%28SBU-E+AFATDS+Set-up+and+Protocol%29+%28May&i=stripbooks,1,https://www.army.mil/call,"US federal government work: not protected by copyright in the US (17 U.S.C. 105). Contractor- or grantee-written parts and third-party photos or text inside it can still be copyrighted, and the US may claim copyright in other countries, which matters when choosing sales territories."
2026-09-27,yes,"25-11 (1006), The First 100 Days of Platoon Leadership, 2nd Edition (May 25)",,pdf,Army Department,federal,,army.mil,https://api.army.mil/e2/c/downloads/2025/05/19/444c399b/25-11-1006-platoon-leadership-the-first-100-days-may-25.pdf,likely_public_domain,not checked,,,https://www.amazon.com/s?k=25-11+%281006%29%2C+The+First+100+Days+of+Platoon+Leadership%2C+2nd+Edition+%28May&i=stripbooks,1,https://www.army.mil/call,"US federal government work: not protected by copyright in the US (17 U.S.C. 105). Contractor- or grantee-written parts and third-party photos or text inside it can still be copyrighted, and the US may claim copyright in other countries, which matters when choosing sales territories."
2026-09-27,yes,"25-1018, Advising the Other Side of the COIN II (May 25)",,pdf,Army Department,federal,,army.mil,https://api.army.mil/e2/c/downloads/2025/05/29/1fe7fd69/no-25-1018-advising-the-other-side-of-the-coin-ii.pdf,likely_public_domain,not checked,,,https://www.amazon.com/s?k=25-1018%2C+Advising+the+Other+Side+of+the+COIN+II+%28May+25%29&i=stripbooks,1,https://www.army.mil/call,"US federal government work: not protected by copyright in the US (17 U.S.C. 105). Contractor- or grantee-written parts and third-party photos or text inside it can still be copyrighted, and the US may claim copyright in other countries, which matters when choosing sales territories."
2026-09-27,yes,"25-1020, The WFX Dilemma: Mixed COMPOs (Jun 25)",,pdf,Army Department,federal,,army.mil,https://api.army.mil/e2/c/downloads/2025/06/13/e51b13eb/no-25-1020-the-wfx-dilemma-mixed-compos-jun-25.pdf,likely_public_domain,not checked,,,https://www.amazon.com/s?k=25-1020%2C+The+WFX+Dilemma&i=stripbooks,1,https://www.army.mil/call,"US federal government work: not protected by copyright in the US (17 U.S.C. 105). Contractor- or grantee-written parts and third-party photos or text inside it can still be copyrighted, and the US may claim copyright in other countries, which matters when choosing sales territories."
2026-09-27,yes,"25-1041, Observations and Recommendations for Implementing Tactical Behavioral Telehealth (Jun 25)",,pdf,Army Department,federal,,army.mil,https://api.army.mil/e2/c/downloads/2025/06/30/78835f14/no-25-1041-tactical-behavioral-telehealth-jun-25.pdf,likely_public_domain,not checked,,,https://www.amazon.com/s?k=25-1041%2C+Observations+and+Recommendations+for+Implementing+Tactical+Behavioral+Telehealth+%28Jun+25%29&i=stripbooks,1,https://www.army.mil/call,"US federal government work: not protected by copyright in the US (17 U.S.C. 105). Contractor- or grantee-written parts and third-party photos or text inside it can still be copyrighted, and the US may claim copyright in other countries, which matters when choosing sales territories."
2026-09-27,yes,"25-897, Understanding Irregular Warfare (Jul 25)",,pdf,Army Department,federal,,army.mil,https://api.army.mil/e2/c/downloads/2025/07/10/3af1001b/no-25-897-understanding-irregular-warfare-jul-25.pdf,likely_public_domain,not checked,,,https://www.amazon.com/s?k=25-897%2C+Understanding+Irregular+Warfare+%28Jul+25%29&i=stripbooks,1,https://www.army.mil/call,"US federal government work: not protected by copyright in the US (17 U.S.C. 105). Contractor- or grantee-written parts and third-party photos or text inside it can still be copyrighted, and the US may claim copyright in other countries, which matters when choosing sales territories."
2026-09-27,yes,"25-1035, PANAMAX 24 (OPERATION FUTURO NOBLE) U.S. Army South Transition to a Multinational Force Headquarters (Jul 25)",,pdf,Army Department,federal,,army.mil,https://api.army.mil/e2/c/downloads/2025/07/14/78c1db62/no-25-1035-panamax-24-jul-25.pdf,likely_public_domain,not checked,,,https://www.amazon.com/s?k=25-1035%2C+PANAMAX+24+%28OPERATION+FUTURO+NOBLE%29+U.S.+Army+South+Transition+to+a&i=stripbooks,1,https://www.army.mil/call,"US federal government work: not protected by copyright in the US (17 U.S.C. 105). Contractor- or grantee-written parts and third-party photos or text inside it can still be copyrighted, and the US may claim copyright in other countries, which matters when choosing sales territories."
2026-09-27,yes,"25-1060, How Russia Fights: A Compendium of Troika Observations on Russia's Special Military Operation (Jul 25)",,pdf,Army Department,federal,,army.mil,https://api.army.mil/e2/c/downloads/2025/07/11/f2b1e75e/how-russia-fights-a-compendium-of-troika-observations-on-russia-s-special-military-operations.pdf,likely_public_domain,not checked,,,https://www.amazon.com/s?k=25-1060%2C+How+Russia+Fights&i=stripbooks,1,https://www.army.mil/call,"US federal government work: not protected by copyright in the US (17 U.S.C. 105). Contractor- or grantee-written parts and third-party photos or text inside it can still be copyrighted, and the US may claim copyright in other countries, which matters when choosing sales territories."
2026-09-27,yes,"25-1049, Arctic Forge 25 (Jul 25)",,pdf,Army Department,federal,,army.mil,https://api.army.mil/e2/c/downloads/2025/07/31/ce70fb57/no-25-1049-arctic-forge-25-jul-25.pdf,likely_public_domain,not checked,,,https://www.amazon.com/s?k=25-1049%2C+Arctic+Forge+25+%28Jul+25%29&i=stripbooks,1,https://www.army.mil/call,"US federal government work: not protected by copyright in the US (17 U.S.C. 105). Contractor- or grantee-written parts and third-party photos or text inside it can still be copyrighted, and the US may claim copyright in other countries, which matters when choosing sales territories."
2026-09-27,yes,"25-1079, From Kit to Culture: Lessons in Army Techcraft (Aug 25)",,pdf,Army Department,federal,,army.mil,https://api.army.mil/e2/c/downloads/2025/08/06/ae493753/no-25-1079-from-kit-to-culture-lessons-in-army-techcraft-jul-25.pdf,likely_public_domain,not checked,,,https://www.amazon.com/s?k=25-1079%2C+From+Kit+to+Culture&i=stripbooks,1,https://www.army.mil/call,"US federal government work: not protected by copyright in the US (17 U.S.C. 105). Contractor- or grantee-written parts and third-party photos or text inside it can still be copyrighted, and the US may claim copyright in other countries, which matters when choosing sales territories."
2026-09-27,yes,"25-1046, Fiber Optic Drones: Posing a Significant C-UAS Challenge (Aug 25)",,pdf,Army Department,federal,,army.mil,https://api.army.mil/e2/c/downloads/2025/08/11/dcd26492/no-25-1046-fiber-optic-drones-aug-25.pdf,likely_public_domain,not checked,,,https://www.amazon.com/s?k=25-1046%2C+Fiber+Optic+Drones&i=stripbooks,1,https://www.army.mil/call,"US federal government work: not protected by copyright in the US (17 U.S.C. 105). Contractor- or grantee-written parts and third-party photos or text inside it can still be copyrighted, and the US may claim copyright in other countries, which matters when choosing sales territories."
2026-09-27,yes,"25-1072, Gunnery Predictive Analysis: An Empirical Study using Mixed-Methods Research (Aug 25)",,pdf,Army Department,federal,,army.mil,https://api.army.mil/e2/c/downloads/2025/08/12/263056b0/no-25-1072-gunnery-predictive-analysis-aug-25.pdf,likely_public_domain,not checked,,,https://www.amazon.com/s?k=25-1072%2C+Gunnery+Predictive+Analysis&i=stripbooks,1,https://www.army.mil/call,"US federal government work: not protected by copyright in the US (17 U.S.C. 105). Contractor- or grantee-written parts and third-party photos or text inside it can still be copyrighted, and the US may claim copyright in other countries, which matters when choosing sales territories."
2026-09-27,yes,"25-1085, Best Practices on Operationalizing Battlefield Energy: Power Generation, Storage, and Distribution in LSCO (Aug 25)",,pdf,Army Department,federal,,army.mil,https://api.army.mil/e2/c/downloads/2025/08/18/032e9022/no-25-1085-best-practices-on-operationalizing-battlefield-energy-aug-25.pdf,likely_public_domain,not checked,,,https://www.amazon.com/s?k=25-1085%2C+Best+Practices+on+Operationalizing+Battlefield+Energy&i=stripbooks,1,https://www.army.mil/call,"US federal government work: not protected by copyright in the US (17 U.S.C. 105). Contractor- or grantee-written parts and third-party photos or text inside it can still be copyrighted, and the US may claim copyright in other countries, which matters when choosing sales territories."
2026-09-27,yes,"25-1074, The Ukrainian Underground: Lessons for the US Army MEDCOM Sustainment in Large-Scale Combat Operations (Aug 25)",,pdf,Army Department,federal,,army.mil,https://api.army.mil/e2/c/downloads/2025/08/21/9a8b9696/no-25-1074-the-ukrainian-underground-lessons-for-medcom-sustainment-in-lsco-aug-25.pdf,likely_public_domain,not checked,,,https://www.amazon.com/s?k=25-1074%2C+The+Ukrainian+Underground&i=stripbooks,1,https://www.army.mil/call,"US federal government work: not protected by copyright in the US (17 U.S.C. 105). Contractor- or grantee-written parts and third-party photos or text inside it can still be copyrighted, and the US may claim copyright in other countries, which matters when choosing sales territories."
2026-09-27,yes,"TRADOC G2, How Russia Fights in Large-Scale Combat Operations (Aug 25)",,pdf,Army Department,federal,,army.mil,https://api.army.mil/e2/c/downloads/2025/08/27/9d0d86ff/tradoc-g2-how-russia-fights-in-lsco-aug-25.pdf,likely_public_domain,not checked,,,https://www.amazon.com/s?k=TRADOC+G2%2C+How+Russia+Fights+in+Large-Scale+Combat+Operations+%28Aug+25%29&i=stripbooks,1,https://www.army.mil/call,"US federal government work: not protected by copyright in the US (17 U.S.C. 105). Contractor- or grantee-written parts and third-party photos or text inside it can still be copyrighted, and the US may claim copyright in other countries, which matters when choosing sales territories."
2026-09-27,yes,"25-1093, Counter-Unmanned Aerial Systems (C-UAS) Training and Implementation at the National Training Center (Aug 25)",,pdf,Army Department,federal,,army.mil,https://api.army.mil/e2/c/downloads/2025/08/29/4a176176/counter-unmanned-aerial-systems-c-uas-training-and-implementation-at-the-national-training-center.pdf,likely_public_domain,not checked,,,https://www.amazon.com/s?k=25-1093%2C+Counter-Unmanned+Aerial+Systems+%28C-UAS%29+Training+and+Implementation+at+the+National+Training&i=stripbooks,1,https://www.army.mil/call,"US federal government work: not protected by copyright in the US (17 U.S.C. 105). Contractor- or grantee-written parts and third-party photos or text inside it can still be copyrighted, and the US may claim copyright in other countries, which matters when choosing sales territories."
2026-09-27,yes,"25-1031, Subterranean Operations: Israeli Defense Force Lessons from Gaza (Sept 25)",,pdf,Army Department,federal,,army.mil,https://api.army.mil/e2/c/downloads/2025/09/09/303436de/subterranean-operations-israeli-defense-force-lessons-from-gaza.pdf,likely_public_domain,not checked,,,https://www.amazon.com/s?k=25-1031%2C+Subterranean+Operations&i=stripbooks,1,https://www.army.mil/call,"US federal government work: not protected by copyright in the US (17 U.S.C. 105). Contractor- or grantee-written parts and third-party photos or text inside it can still be copyrighted, and the US may claim copyright in other countries, which matters when choosing sales territories."
2026-09-27,yes,"25-1017, An Approach to Rapid Company and Platoon Planning in a Time Constrained Environment (Sept 25)",,pdf,Army Department,federal,,army.mil,https://api.army.mil/e2/c/downloads/2026/02/23/280c7229/no-25-1017-an-approach-to-rapid-company-and-platoon-planning-in-a-time-constrained-environment-sept-25.pdf,likely_public_domain,not checked,,,https://www.amazon.com/s?k=25-1017%2C+An+Approach+to+Rapid+Company+and+Platoon+Planning+in+a+Time&i=stripbooks,1,https://www.army.mil/call,"US federal government work: not protected by copyright in the US (17 U.S.C. 105). Contractor- or grantee-written parts and third-party photos or text inside it can still be copyrighted, and the US may claim copyright in other countries, which matters when choosing sales territories."
2026-09-27,yes,"25-1022, The Military's Role in Humanitarian Efforts During Conflict and Post Conflict (Sept 25)",,pdf,Army Department,federal,,army.mil,https://api.army.mil/e2/c/downloads/2025/09/30/b3732d44/no-25-1022-the-military-s-role-in-humanitarian-efforts-during-conflict-and-post-conflict.pdf,likely_public_domain,not checked,,,https://www.amazon.com/s?k=25-1022%2C+The+Military%27s+Role+in+Humanitarian+Efforts+During+Conflict+and+Post+Conflict&i=stripbooks,1,https://www.army.mil/call,"US federal government work: not protected by copyright in the US (17 U.S.C. 105). Contractor- or grantee-written parts and third-party photos or text inside it can still be copyrighted, and the US may claim copyright in other countries, which matters when choosing sales territories."
2026-09-27,yes,The US Army on the Mexican Border: A Historical Perspective (Nov 25),,pdf,Army Department,federal,,army.mil,https://api.army.mil/e2/c/downloads/2025/11/13/689a3708/the-us-army-on-the-mexican-border-a-historical-perspective.pdf,likely_public_domain,not checked,,,https://www.amazon.com/s?k=The+US+Army+on+the+Mexican+Border&i=stripbooks,1,https://www.army.mil/call,"US federal government work: not protected by copyright in the US (17 U.S.C. 105). Contractor- or grantee-written parts and third-party photos or text inside it can still be copyrighted, and the US may claim copyright in other countries, which matters when choosing sales territories."
2026-09-27,yes,"26-1118, Aviation TAA Survivability in the Multi-Domain Fight (Nov 25)",,pdf,Army Department,federal,,army.mil,https://api.army.mil/e2/c/downloads/2025/11/19/81092f00/no-26-1118-aviation-taa-survivability-in-the-multi-domain-fight-nov-25.pdf,likely_public_domain,not checked,,,https://www.amazon.com/s?k=26-1118%2C+Aviation+TAA+Survivability+in+the+Multi-Domain+Fight+%28Nov+25%29&i=stripbooks,1,https://www.army.mil/call,"US federal government work: not protected by copyright in the US (17 U.S.C. 105). Contractor- or grantee-written parts and third-party photos or text inside it can still be copyrighted, and the US may claim copyright in other countries, which matters when choosing sales territories."
2026-09-27,yes,"26-1119, Winning with Sustainment - Key Brigade Support Battalion Headquarters Observations From JMRC (Nov 25)",,pdf,Army Department,federal,,army.mil,https://api.army.mil/e2/c/downloads/2025/11/18/068b3b32/no-26-1119-winning-with-sustainment-key-brigade-support-battalion-headquarters-observations-from-jmrc-nov-25.pdf,likely_public_domain,not checked,,,https://www.amazon.com/s?k=26-1119%2C+Winning+with+Sustainment+-+Key+Brigade+Support+Battalion+Headquarters+Observations+From&i=stripbooks,1,https://www.army.mil/call,"US federal government work: not protected by copyright in the US (17 U.S.C. 105). Contractor- or grantee-written parts and third-party photos or text inside it can still be copyrighted, and the US may claim copyright in other countries, which matters when choosing sales territories."
2026-09-27,yes,"26-1104, Tank Troop MTOE Revitalization for MDO (Nov 25)",,pdf,Army Department,federal,,army.mil,https://api.army.mil/e2/c/downloads/2026/01/09/8d2b3d06/no-26-1104-tank-troop-mtoe-revitalization-for-mdo-20250106.pdf,likely_public_domain,not checked,,,https://www.amazon.com/s?k=26-1104%2C+Tank+Troop+MTOE+Revitalization+for+MDO+%28Nov+25%29&i=stripbooks,1,https://www.army.mil/call,"US federal government work: not protected by copyright in the US (17 U.S.C. 105). Contractor- or grantee-written parts and third-party photos or text inside it can still be copyrighted, and the US may claim copyright in other countries, which matters when choosing sales territories."
2026-09-27,yes,"26-1082, Optimizing Army Leader Changeover: The Perpetual Reset (Dec 25)",,pdf,Army Department,federal,,army.mil,https://api.army.mil/e2/c/downloads/2025/12/14/2e44e064/no-26-1082-optimizing-army-leader-changeover-the-perpetual-reset-dec-25.pdf,likely_public_domain,not checked,,,https://www.amazon.com/s?k=26-1082%2C+Optimizing+Army+Leader+Changeover&i=stripbooks,1,https://www.army.mil/call,"US federal government work: not protected by copyright in the US (17 U.S.C. 105). Contractor- or grantee-written parts and third-party photos or text inside it can still be copyrighted, and the US may claim copyright in other countries, which matters when choosing sales territories."
2026-09-27,yes,"26-1096, Staff Processes in LSCO Part III: Division Planning (Jan 26)",,pdf,Army Department,federal,,army.mil,https://api.army.mil/e2/c/downloads/2026/01/26/97132dbd/no-26-1096-staff-processes-in-lsco-part-iii-division-planning-jan-26.pdf,likely_public_domain,not checked,,,https://www.amazon.com/s?k=26-1096%2C+Staff+Processes+in+LSCO+Part+III&i=stripbooks,1,https://www.army.mil/call,"US federal government work: not protected by copyright in the US (17 U.S.C. 105). Contractor- or grantee-written parts and third-party photos or text inside it can still be copyrighted, and the US may claim copyright in other countries, which matters when choosing sales territories."
2026-09-27,yes,"26-1117, Reinforcing the Foundation: The Importance of NCOs Learning the Staff Process (Feb 26)",,pdf,Army Department,federal,,army.mil,https://api.army.mil/e2/c/downloads/2026/02/02/1d5d974f/no-26-1117-reinforcing-the-foundation-the-importance-of-ncos-learning-the-staff-process.pdf,likely_public_domain,not checked,,,https://www.amazon.com/s?k=26-1117%2C+Reinforcing+the+Foundation&i=stripbooks,1,https://www.army.mil/call,"US federal government work: not protected by copyright in the US (17 U.S.C. 105). Contractor- or grantee-written parts and third-party photos or text inside it can still be copyrighted, and the US may claim copyright in other countries, which matters when choosing sales territories."
2026-09-27,yes,"26-1121, FY25 Mission Command Training Program: Key Observations (Feb 26)",,pdf,Army Department,federal,,army.mil,https://api.army.mil/e2/c/downloads/2026/02/13/f6b2aa2f/fy25-mission-command-training-program-key-observations.pdf,likely_public_domain,not checked,,,https://www.amazon.com/s?k=26-1121%2C+FY25+Mission+Command+Training+Program&i=stripbooks,1,https://www.army.mil/call,"US federal government work: not protected by copyright in the US (17 U.S.C. 105). Contractor- or grantee-written parts and third-party photos or text inside it can still be copyrighted, and the US may claim copyright in other countries, which matters when choosing sales territories."
2026-09-27,yes,"26-1120, Eyes on the Horizon: Honing Counter Drone Skills in Eastern Europe (Feb 26)",,pdf,Army Department,federal,,army.mil,https://api.army.mil/e2/c/downloads/2026/02/23/e0d235f9/no-26-1120-eyes-on-the-horizon-honing-counter-drone-skills-in-eastern-europe-feb-26.pdf,likely_public_domain,not checked,,,https://www.amazon.com/s?k=26-1120%2C+Eyes+on+the+Horizon&i=stripbooks,1,https://www.army.mil/call,"US federal government work: not protected by copyright in the US (17 U.S.C. 105). Contractor- or grantee-written parts and third-party photos or text inside it can still be copyrighted, and the US may claim copyright in other countries, which matters when choosing sales territories."
2026-09-27,yes,Spearheading Continuous Transformation: SETAF-AF as a Model for Expeditionary Division-Level Modernization (Feb 26),,pdf,Army Department,federal,,army.mil,https://api.army.mil/e2/c/downloads/2026/03/05/d2cabf24/no-26-1129-spearheading-continuous-transformation-setaf-af-feb-26.pdf,likely_public_domain,not checked,,,https://www.amazon.com/s?k=Spearheading+Continuous+Transformation&i=stripbooks,1,https://www.army.mil/call,"US federal government work: not protected by copyright in the US (17 U.S.C. 105). Contractor- or grantee-written parts and third-party photos or text inside it can still be copyrighted, and the US may claim copyright in other countries, which matters when choosing sales territories."
2026-09-27,yes,"26-1116, Powering the Front: Tactical Energy Delivery and Management in the Ukraine War (Mar 26)",,pdf,Army Department,federal,,army.mil,https://api.army.mil/e2/c/downloads/2026/03/30/c260713f/no-26-1116-powering-the-front-tactical-energy-delivery-and-management-in-the-ukraine-war.pdf,likely_public_domain,not checked,,,https://www.amazon.com/s?k=26-1116%2C+Powering+the+Front&i=stripbooks,1,https://www.army.mil/call,"US federal government work: not protected by copyright in the US (17 U.S.C. 105). Contractor- or grantee-written parts and third-party photos or text inside it can still be copyrighted, and the US may claim copyright in other countries, which matters when choosing sales territories."
2026-09-27,yes,"26-1152, Maintaining Air Superiority: ADA Planning and Execution in Brigade Combat Teams (Mar 26)",,pdf,Army Department,federal,,army.mil,https://api.army.mil/e2/c/downloads/2026/03/25/cccbeffa/no-26-1152-maintaining-air-superiority-ada-planning-and-execution-in-brigade-combat-teams-mar-26.pdf,likely_public_domain,not checked,,,https://www.amazon.com/s?k=26-1152%2C+Maintaining+Air+Superiority&i=stripbooks,1,https://www.army.mil/call,"US federal government work: not protected by copyright in the US (17 U.S.C. 105). Contractor- or grantee-written parts and third-party photos or text inside it can still be copyrighted, and the US may claim copyright in other countries, which matters when choosing sales territories."
2026-09-27,yes,"26-1154, Enabling the Scout: sUAS Proficiency in Rapid Launch, Recovery, and Sustainment (Mar 26)",,pdf,Army Department,federal,,army.mil,https://api.army.mil/e2/c/downloads/2026/03/31/a73a912b/no-26-1154-enabling-the-scout-suas-proficiency-in-rapid-launch-recovery-and-sustainment.pdf,likely_public_domain,not checked,,,https://www.amazon.com/s?k=26-1154%2C+Enabling+the+Scout&i=stripbooks,1,https://www.army.mil/call,"US federal government work: not protected by copyright in the US (17 U.S.C. 105). Contractor- or grantee-written parts and third-party photos or text inside it can still be copyrighted, and the US may claim copyright in other countries, which matters when choosing sales territories."
2026-09-27,yes,"26-1142, Beyond SATCOM: How Tactical Radios and Cyber Defense Forge Coalition Resilience (Apr 26)",,pdf,Army Department,federal,,army.mil,https://api.army.mil/e2/c/downloads/2026/04/03/66c857da/no-26-1142-beyond-satcom-how-tactical-radios-and-cyber-defense-forge-coalition-resilience.pdf,likely_public_domain,not checked,,,https://www.amazon.com/s?k=26-1142%2C+Beyond+SATCOM&i=stripbooks,1,https://www.army.mil/call,"US federal government work: not protected by copyright in the US (17 U.S.C. 105). Contractor- or grantee-written parts and third-party photos or text inside it can still be copyrighted, and the US may claim copyright in other countries, which matters when choosing sales territories."
2026-09-27,yes,"26-1146, Closing the Gap: A Combined Lyophilized Product Strategy for Forward Resuscitation (Apr 26)",,pdf,Army Department,federal,,army.mil,https://api.army.mil/e2/c/downloads/2026/04/03/04702a58/no-26-1146-closing-the-gap-a-combined-lyophilized-product-strategy-for-forward-resuscitation.pdf,likely_public_domain,not checked,,,https://www.amazon.com/s?k=26-1146%2C+Closing+the+Gap&i=stripbooks,1,https://www.army.mil/call,"US federal government work: not protected by copyright in the US (17 U.S.C. 105). Contractor- or grantee-written parts and third-party photos or text inside it can still be copyrighted, and the US may claim copyright in other countries, which matters when choosing sales territories."
2026-09-27,yes,"26-1127, Leveraging Command Sergeants Major and Operations Sergeants Major (Apr 26)",,pdf,Army Department,federal,,army.mil,https://api.army.mil/e2/c/downloads/2026/04/06/2c65e0dc/no-26-1127-leveraging-command-sergeants-major-and-operations-sergeants-major-apr-26.pdf,likely_public_domain,not checked,,,https://www.amazon.com/s?k=26-1127%2C+Leveraging+Command+Sergeants+Major+and+Operations+Sergeants+Major+%28Apr+26%29&i=stripbooks,1,https://www.army.mil/call,"US federal government work: not protected by copyright in the US (17 U.S.C. 105). Contractor- or grantee-written parts and third-party photos or text inside it can still be copyrighted, and the US may claim copyright in other countries, which matters when choosing sales territories."
2026-09-27,yes,"26-1140, Sky Sentinel (Apr 26)",,pdf,Army Department,federal,,army.mil,https://api.army.mil/e2/c/downloads/2026/04/14/74c34dce/no-26-1140-sky-sentinel-apr-26.pdf,likely_public_domain,not checked,,,https://www.amazon.com/s?k=26-1140%2C+Sky+Sentinel+%28Apr+26%29&i=stripbooks,1,https://www.army.mil/call,"US federal government work: not protected by copyright in the US (17 U.S.C. 105). Contractor- or grantee-written parts and third-party photos or text inside it can still be copyrighted, and the US may claim copyright in other countries, which matters when choosing sales territories."
2026-09-27,yes,"26-1081, Outpacing the Pacing Threat (Apr 26)",,pdf,Army Department,federal,,army.mil,https://api.army.mil/e2/c/downloads/2026/04/22/6873290a/no-26-1081-outpacing-the-pacing-threat-apr-26.pdf,likely_public_domain,not checked,,,https://www.amazon.com/s?k=26-1081%2C+Outpacing+the+Pacing+Threat+%28Apr+26%29&i=stripbooks,1,https://www.army.mil/call,"US federal government work: not protected by copyright in the US (17 U.S.C. 105). Contractor- or grantee-written parts and third-party photos or text inside it can still be copyrighted, and the US may claim copyright in other countries, which matters when choosing sales territories."
2026-09-27,yes,"26-1155, Forging Lethality: Integrating Fires and Maneuver for Decisive Operations-Key Brigade Fires Observations from JMRC (Apr 26)",,pdf,Army Department,federal,,army.mil,https://api.army.mil/e2/c/downloads/2026/04/22/7cdb2caa/no-26-1155-forging-lethality-key-bct-fires-observations-from-jmrc-apr-26.pdf,likely_public_domain,not checked,,,https://www.amazon.com/s?k=26-1155%2C+Forging+Lethality&i=stripbooks,1,https://www.army.mil/call,"US federal government work: not protected by copyright in the US (17 U.S.C. 105). Contractor- or grantee-written parts and third-party photos or text inside it can still be copyrighted, and the US may claim copyright in other countries, which matters when choosing sales territories."
2026-09-27,yes,"26-1148, Integrating sUAS and Loitering Munitions into Company and Below Tactical Maneuver (Apr 26)",,pdf,Army Department,federal,,army.mil,https://api.army.mil/e2/c/downloads/2026/04/23/c942724a/no-26-1148-integrating-suas-and-loitering-munitions-into-company-and-below-apr-26.pdf,likely_public_domain,not checked,,,https://www.amazon.com/s?k=26-1148%2C+Integrating+sUAS+and+Loitering+Munitions+into+Company+and+Below+Tactical+Maneuver&i=stripbooks,1,https://www.army.mil/call,"US federal government work: not protected by copyright in the US (17 U.S.C. 105). Contractor- or grantee-written parts and third-party photos or text inside it can still be copyrighted, and the US may claim copyright in other countries, which matters when choosing sales territories."
2026-09-27,yes,"26-1115, Listening to the Sky: Acoustic Drone Detection Systems – Ukraine & Emerging Technologies (Apr 26)",,pdf,Army Department,federal,,army.mil,https://api.army.mil/e2/c/downloads/2026/04/30/af450e75/no-26-1115-listening-to-the-sky-acoustic-drone-detection-in-ukraine-mar-26.pdf,likely_public_domain,not checked,,,https://www.amazon.com/s?k=26-1115%2C+Listening+to+the+Sky&i=stripbooks,1,https://www.army.mil/call,"US federal government work: not protected by copyright in the US (17 U.S.C. 105). Contractor- or grantee-written parts and third-party photos or text inside it can still be copyrighted, and the US may claim copyright in other countries, which matters when choosing sales territories."
2026-09-27,yes,"26-1151, Israeli Defense Force Medical Lessons Learned (Apr 26)",,pdf,Army Department,federal,,army.mil,https://api.army.mil/e2/c/downloads/2026/04/30/12b14634/no-26-1151-israeli-defense-force-medical-lessons-learned-apr-26.pdf,likely_public_domain,not checked,,,https://www.amazon.com/s?k=26-1151%2C+Israeli+Defense+Force+Medical+Lessons+Learned+%28Apr+26%29&i=stripbooks,1,https://www.army.mil/call,"US federal government work: not protected by copyright in the US (17 U.S.C. 105). Contractor- or grantee-written parts and third-party photos or text inside it can still be copyrighted, and the US may claim copyright in other countries, which matters when choosing sales territories."
2026-09-27,yes,"26-1170, From Technical Skill to Tactical Advantage: Mastering the sUAS-Enabled Break-Contact Drill (May 26)",,pdf,Army Department,federal,,army.mil,https://api.army.mil/e2/c/downloads/2026/05/28/f33a41af/no-26-1170-from-technical-skill-to-tactical-advantage-may-26.pdf,likely_public_domain,not checked,,,https://www.amazon.com/s?k=26-1170%2C+From+Technical+Skill+to+Tactical+Advantage&i=stripbooks,1,https://www.army.mil/call,"US federal government work: not protected by copyright in the US (17 U.S.C. 105). Contractor- or grantee-written parts and third-party photos or text inside it can still be copyrighted, and the US may claim copyright in other countries, which matters when choosing sales territories."
2026-09-27,yes,"26-1067, The One Meeting to Rule Them All: Forging a Shared Understanding in the Modern Command Post (May 26)",,pdf,Army Department,federal,,army.mil,https://api.army.mil/e2/c/downloads/2026/05/28/5aa2cd81/no-26-1167-the-one-meeting-to-forge-them-all-may-26.pdf,likely_public_domain,not checked,,,https://www.amazon.com/s?k=26-1067%2C+The+One+Meeting+to+Rule+Them+All&i=stripbooks,1,https://www.army.mil/call,"US federal government work: not protected by copyright in the US (17 U.S.C. 105). Contractor- or grantee-written parts and third-party photos or text inside it can still be copyrighted, and the US may claim copyright in other countries, which matters when choosing sales territories."
2026-09-27,yes,"26-1160, Hamas Tactics in Gaza: Lessons for the Urban Defense of Taiwan (June 26)",,pdf,Army Department,federal,,army.mil,https://api.army.mil/e2/c/downloads/2026/06/03/0fd680a9/no-26-1160-hamas-tactics-in-gaza-lessons-for-the-urban-defense-of-taiwan-june-26.pdf,likely_public_domain,not checked,,,https://www.amazon.com/s?k=26-1160%2C+Hamas+Tactics+in+Gaza&i=stripbooks,1,https://www.army.mil/call,"US federal government work: not protected by copyright in the US (17 U.S.C. 105). Contractor- or grantee-written parts and third-party photos or text inside it can still be copyrighted, and the US may claim copyright in other countries, which matters when choosing sales territories."
2026-09-27,yes,"26-1105, U.S. Army Peacekeeping Lessons Learned from Bosnia-Herzegovina Deployment (Operation Joint Endeavor) (June 26)",,pdf,Army Department,federal,,army.mil,https://api.army.mil/e2/c/downloads/2026/06/09/100079e4/no-26-1105-u-s-army-peacekeeping-lessons-learned-from-bosnia-june-26.pdf,likely_public_domain,not checked,,,https://www.amazon.com/s?k=26-1105%2C+U.S.+Army+Peacekeeping+Lessons+Learned+from+Bosnia-Herzegovina+Deployment+%28Operation+Joint+Endeavor%29&i=stripbooks,1,https://www.army.mil/call,"US federal government work: not protected by copyright in the US (17 U.S.C. 105). Contractor- or grantee-written parts and third-party photos or text inside it can still be copyrighted, and the US may claim copyright in other countries, which matters when choosing sales territories."
2026-09-27,yes,"26-1125, 10 MTN DIV: Joint Task Force - Southern Border Lessons, Reflections, & Observations Collection (June 26)",,pdf,Army Department,federal,,army.mil,https://api.army.mil/e2/c/downloads/2026/06/10/4cfc126b/no-26-1125-10-mtn-div-jtfsb-june-26.pdf,likely_public_domain,not checked,,,https://www.amazon.com/s?k=26-1125%2C+10+MTN+DIV&i=stripbooks,1,https://www.army.mil/call,"US federal government work: not protected by copyright in the US (17 U.S.C. 105). Contractor- or grantee-written parts and third-party photos or text inside it can still be copyrighted, and the US may claim copyright in other countries, which matters when choosing sales territories."
2026-09-27,yes,"No.26-1150, Leaders from the 6th Brigade Engineer Battalion (Jun 26)",,pdf,Army Department,federal,,army.mil,https://api.army.mil/e2/c/downloads/2026/06/25/db2e8cb0/no-26-1150-leaders-from-the-6th-brigade-engineer-battalion-jun-26.pdf,likely_public_domain,not checked,,,https://www.amazon.com/s?k=No.26-1150%2C+Leaders+from+the+6th+Brigade+Engineer+Battalion+%28Jun+26%29&i=stripbooks,1,https://www.army.mil/call,"US federal government work: not protected by copyright in the US (17 U.S.C. 105). Contractor- or grantee-written parts and third-party photos or text inside it can still be copyrighted, and the US may claim copyright in other countries, which matters when choosing sales territories."
2026-09-27,yes,"No.26-1179, Enabling Decision Dominance (Jun 26)",,pdf,Army Department,federal,,army.mil,https://api.army.mil/e2/c/downloads/2026/06/25/d9c1e2d6/no-26-1179-enabling-decision-dominance-jun-26.pdf,likely_public_domain,not checked,,,https://www.amazon.com/s?k=No.26-1179%2C+Enabling+Decision+Dominance+%28Jun+26%29&i=stripbooks,1,https://www.army.mil/call,"US federal government work: not protected by copyright in the US (17 U.S.C. 105). Contractor- or grantee-written parts and third-party photos or text inside it can still be copyrighted, and the US may claim copyright in other countries, which matters when choosing sales territories."
2026-09-27,yes,"No.26-1182, The Ground Air Screen (Jun 26)",,pdf,Army Department,federal,,army.mil,https://api.army.mil/e2/c/downloads/2026/06/25/20463116/no-26-1182-the-ground-air-screen-jun-26.pdf,likely_public_domain,not checked,,,https://www.amazon.com/s?k=No.26-1182%2C+The+Ground+Air+Screen+%28Jun+26%29&i=stripbooks,1,https://www.army.mil/call,"US federal government work: not protected by copyright in the US (17 U.S.C. 105). Contractor- or grantee-written parts and third-party photos or text inside it can still be copyrighted, and the US may claim copyright in other countries, which matters when choosing sales territories."
2026-09-27,yes,"No.26-1183, Integrating sUAS for Reconnaissance (Jun 26)",,pdf,Army Department,federal,,army.mil,https://api.army.mil/e2/c/downloads/2026/06/25/d4b6249c/no-26-1183-integrating-suas-for-reconnaissance-jun-26.pdf,likely_public_domain,not checked,,,https://www.amazon.com/s?k=No.26-1183%2C+Integrating+sUAS+for+Reconnaissance+%28Jun+26%29&i=stripbooks,1,https://www.army.mil/call,"US federal government work: not protected by copyright in the US (17 U.S.C. 105). Contractor- or grantee-written parts and third-party photos or text inside it can still be copyrighted, and the US may claim copyright in other countries, which matters when choosing sales territories."
2026-09-27,yes,"No.26-1188, Enhancing sUAS Reconnaissance (Jun 26)",,pdf,Army Department,federal,,army.mil,https://api.army.mil/e2/c/downloads/2026/06/25/62db9bcb/no-26-1188-enhancing-suas-reconnaissance-jun-26.pdf,likely_public_domain,not checked,,,https://www.amazon.com/s?k=No.26-1188%2C+Enhancing+sUAS+Reconnaissance+%28Jun+26%29&i=stripbooks,1,https://www.army.mil/call,"US federal government work: not protected by copyright in the US (17 U.S.C. 105). Contractor- or grantee-written parts and third-party photos or text inside it can still be copyrighted, and the US may claim copyright in other countries, which matters when choosing sales territories."
2026-09-27,yes,Powering the Digitized Battlefield: Energy Sustainment at the Tactical Edge (Aug 26),,pdf,Army Department,federal,,army.mil,https://api.army.mil/e2/c/downloads/2026/08/28/f11c2e11/no-26-1221-powering-the-digitized-battlefield-aug-26.pdf,likely_public_domain,not checked,,,https://www.amazon.com/s?k=Powering+the+Digitized+Battlefield&i=stripbooks,1,https://www.army.mil/call,"US federal government work: not protected by copyright in the US (17 U.S.C. 105). Contractor- or grantee-written parts and third-party photos or text inside it can still be copyrighted, and the US may claim copyright in other countries, which matters when choosing sales territories."
2026-09-27,yes,"No.26-1210, Accelerating Multi-Domain Interoperability Through Open Software Architectures (Sep 26)",,pdf,Army Department,federal,,army.mil,https://api.army.mil/e2/c/downloads/2026/09/10/379561ea/26-1210-accelerating-mdi-through-software-architecture-sep26-public.pdf,likely_public_domain,not checked,,,https://www.amazon.com/s?k=No.26-1210%2C+Accelerating+Multi-Domain+Interoperability+Through+Open+Software+Architectures+%28Sep+26%29&i=stripbooks,1,https://www.army.mil/call,"US federal government work: not protected by copyright in the US (17 U.S.C. 105). Contractor- or grantee-written parts and third-party photos or text inside it can still be copyrighted, and the US may claim copyright in other countries, which matters when choosing sales territories."
2026-09-27,yes,"No.26-1216, The Economics of Survivability: Signature Management and Reconnaissance Cost Imposition in the Drone Era (Sep 26)",,pdf,Army Department,federal,,army.mil,https://api.army.mil/e2/c/downloads/2026/09/10/20a85297/26-1216-economics-of-survivability-sep-26-public.pdf,likely_public_domain,not checked,,,https://www.amazon.com/s?k=No.26-1216%2C+The+Economics+of+Survivability&i=stripbooks,1,https://www.army.mil/call,"US federal government work: not protected by copyright in the US (17 U.S.C. 105). Contractor- or grantee-written parts and third-party photos or text inside it can still be copyrighted, and the US may claim copyright in other countries, which matters when choosing sales territories."
2026-09-27,yes,"No.26-1223, Train As You Fight: How ""SPECTRUM BLITZ"" is Forging the Future of Army EW (Sep 26)",,pdf,Army Department,federal,,army.mil,https://api.army.mil/e2/c/downloads/2026/09/10/92d99513/26-1223-train-as-you-fight-sep-26-public.pdf,likely_public_domain,not checked,,,https://www.amazon.com/s?k=No.26-1223%2C+Train+As+You+Fight&i=stripbooks,1,https://www.army.mil/call,"US federal government work: not protected by copyright in the US (17 U.S.C. 105). Contractor- or grantee-written parts and third-party photos or text inside it can still be copyrighted, and the US may claim copyright in other countries, which matters when choosing sales territories."
2026-09-27,yes,NTC: Preparing for Large-Scale Combat Operations,,pdf,Army Department,federal,,army.mil,https://api.army.mil/e2/c/downloads/2023/01/31/73b50bab/21-6-preparing-for-lsco-public.pdf,likely_public_domain,not checked,,,https://www.amazon.com/s?k=NTC&i=stripbooks,1,https://www.army.mil/call,"US federal government work: not protected by copyright in the US (17 U.S.C. 105). Contractor- or grantee-written parts and third-party photos or text inside it can still be copyrighted, and the US may claim copyright in other countries, which matters when choosing sales territories."
2026-09-27,yes,Sustainment in Support of Large Scale Combat Operations,,pdf,Army Department,federal,,army.mil,https://api.army.mil/e2/c/downloads/2023/01/31/e43e5094/22-657-sustainment-in-large-scale-combat-operations-public.pdf,likely_public_domain,not checked,,,https://www.amazon.com/s?k=Sustainment+in+Support+of+Large+Scale+Combat+Operations&i=stripbooks,1,https://www.army.mil/call,"US federal government work: not protected by copyright in the US (17 U.S.C. 105). Contractor- or grantee-written parts and third-party photos or text inside it can still be copyrighted, and the US may claim copyright in other countries, which matters when choosing sales territories."
2026-09-27,yes,Staff Processes in Large-Scale Combat Operations Part 1: The Rhythm of the Battle,,pdf,Army Department,federal,,army.mil,https://api.army.mil/e2/c/downloads/2024/06/07/b62f30eb/24-852-staff-processes-in-large-scale-combat-operations-part-1-rhythm-of-the-battle.pdf,likely_public_domain,not checked,,,https://www.amazon.com/s?k=Staff+Processes+in+Large-Scale+Combat+Operations+Part+1&i=stripbooks,1,https://www.army.mil/call,"US federal government work: not protected by copyright in the US (17 U.S.C. 105). Contractor- or grantee-written parts and third-party photos or text inside it can still be copyrighted, and the US may claim copyright in other countries, which matters when choosing sales territories."
2026-09-27,yes,Military Decision-Making Process (MDMP),,pdf,Army Department,federal,,army.mil,https://api.army.mil/e2/c/downloads/2023/11/17/f7177a3c/23-07-594-military-decision-making-process-nov-23-public.pdf,likely_public_domain,not checked,,,https://www.amazon.com/s?k=Military+Decision-Making+Process+%28MDMP%29&i=stripbooks,1,https://www.army.mil/call,"US federal government work: not protected by copyright in the US (17 U.S.C. 105). Contractor- or grantee-written parts and third-party photos or text inside it can still be copyrighted, and the US may claim copyright in other countries, which matters when choosing sales territories."
2026-09-27,yes,23-03 (763)_MCTP Key Observations FY22 (Feb 23) (Public).,,pdf,Army Department,federal,,army.mil,https://api.army.mil/e2/c/downloads/2023/02/07/591e46d0/23-03-763-mctp-key-observations-fy22-feb-23-public.pdf,likely_public_domain,not checked,,,https://www.amazon.com/s?k=23-03+%28763%29_MCTP+Key+Observations+FY22+%28Feb+23%29+%28Public%29.&i=stripbooks,1,https://www.army.mil/article/263785/mission_command_training_in_large_scale_combat_operations_key_observations,"US federal government work: not protected by copyright in the US (17 U.S.C. 105). Contractor- or grantee-written parts and third-party photos or text inside it can still be copyrighted, and the US may claim copyright in other countries, which matters when choosing sales territories."
2026-09-27,yes,21-04_Leader Development in Contact.,,pdf,Army Department,federal,,army.mil,https://api.army.mil/e2/c/downloads/2023/03/03/879d982b/21-04.pdf,likely_public_domain,not checked,,,https://www.amazon.com/s?k=21-04_Leader+Development+in+Contact.&i=stripbooks,1,https://www.army.mil/article/264500/company_leadership_audiobook_starter_pack,"US federal government work: not protected by copyright in the US (17 U.S.C. 105). Contractor- or grantee-written parts and third-party photos or text inside it can still be copyrighted, and the US may claim copyright in other countries, which matters when choosing sales territories."
2026-09-27,yes,23-755_Integrating CAO in LSCO (Mar 23) (Public).,,pdf,Army Department,federal,,army.mil,https://api.army.mil/e2/c/downloads/2023/03/07/4d9de7d5/23-755-integrating-cao-in-lsco-mar-23-public.pdf,likely_public_domain,not checked,,,https://www.amazon.com/s?k=23-755_Integrating+CAO+in+LSCO+%28Mar+23%29+%28Public%29.&i=stripbooks,1,https://www.army.mil/article/264589/integrating_civil_affairs_in_large_scale_combat_operations_trends_from_the_combat_training_centers,"US federal government work: not protected by copyright in the US (17 U.S.C. 105). Contractor- or grantee-written parts and third-party photos or text inside it can still be copyrighted, and the US may claim copyright in other countries, which matters when choosing sales territories."
2026-09-27,yes,23-781_TM Truscott White Paper (Mar 23) (Public).,,pdf,Army Department,federal,,army.mil,https://api.army.mil/e2/c/downloads/2023/03/13/0a62dd86/23-781-tm-truscott-white-paper-mar-23-public.pdf,likely_public_domain,not checked,,,https://www.amazon.com/s?k=23-781_TM+Truscott+White+Paper+%28Mar+23%29+%28Public%29.&i=stripbooks,1,https://www.army.mil/article/264742/team_truscott_white_paper_an_army_engineers_perspective_on_the_modernization_program_at_fort_stewart_georgia,"US federal government work: not protected by copyright in the US (17 U.S.C. 105). Contractor- or grantee-written parts and third-party photos or text inside it can still be copyrighted, and the US may claim copyright in other countries, which matters when choosing sales territories."
2026-09-27,yes,Platoon-Level-Training-Management-20-MAR2023.,,pdf,Army Department,federal,,army.mil,https://api.army.mil/e2/c/downloads/2023/04/18/790194cd/platoon-level-training-management-20-mar2023.pdf,likely_public_domain,not checked,,,https://www.amazon.com/s?k=Platoon-Level-Training-Management-20-MAR2023.&i=stripbooks,1,https://www.army.mil/article/265837/platoon_level_training_management,"US federal government work: not protected by copyright in the US (17 U.S.C. 105). Contractor- or grantee-written parts and third-party photos or text inside it can still be copyrighted, and the US may claim copyright in other countries, which matters when choosing sales territories."
2026-09-27,yes,23-758_Staff Facilitation of Commander Decision-Making in LSCO (Apr 23) (Public).,,pdf,Army Department,federal,,army.mil,https://api.army.mil/e2/c/downloads/2023/04/19/c0bb3dd8/23-758-staff-facilitation-of-commander-decision-making-in-lsco-apr-23-public.pdf,likely_public_domain,not checked,,,https://www.amazon.com/s?k=23-758_Staff+Facilitation+of+Commander+Decision-Making+in+LSCO+%28Apr+23%29+%28Public%29.&i=stripbooks,1,https://www.army.mil/article/265883/staff_facilitation_of_commander_decision_making_in_lsco,"US federal government work: not protected by copyright in the US (17 U.S.C. 105). Contractor- or grantee-written parts and third-party photos or text inside it can still be copyrighted, and the US may claim copyright in other countries, which matters when choosing sales territories."
2026-09-27,yes,23-782_3ID_Personnel Management Paper (Mar 23) (Public).,,pdf,Army Department,federal,,army.mil,https://api.army.mil/e2/c/downloads/2023/04/19/8feb390a/23-782-3id-personnel-management-paper-mar-23-public.pdf,likely_public_domain,not checked,,,https://www.amazon.com/s?k=23-782_3ID_Personnel+Management+Paper+%28Mar+23%29+%28Public%29.&i=stripbooks,1,https://www.army.mil/article/265885/personnel_management_in_rearmm_enabling_personnel_stability_for_army_modernization,"US federal government work: not protected by copyright in the US (17 U.S.C. 105). Contractor- or grantee-written parts and third-party photos or text inside it can still be copyrighted, and the US may claim copyright in other countries, which matters when choosing sales territories."
2026-09-27,yes,Call Insider_2 QTR FY23_Final.,,pdf,Army Department,federal,,army.mil,https://api.army.mil/e2/c/downloads/2023/04/20/0375ab06/call-insider-2-qtr-fy23-final.pdf,likely_public_domain,not checked,,,https://www.amazon.com/s?k=Call+Insider_2+QTR+FY23_Final.&i=stripbooks,1,https://www.army.mil/article/265944/call_insider_newsletter_2nd_qtr_fy_23,"US federal government work: not protected by copyright in the US (17 U.S.C. 105). Contractor- or grantee-written parts and third-party photos or text inside it can still be copyrighted, and the US may claim copyright in other countries, which matters when choosing sales territories."
2026-09-27,yes,23-794_Security Force Assistance in the Western Hemisphere (Jun 23) (Public).,,pdf,Army Department,federal,,army.mil,https://api.army.mil/e2/c/downloads/2023/06/22/653830d3/23-794-security-force-assistance-in-the-western-hemisphere-jun-23-public.pdf,likely_public_domain,not checked,,,https://www.amazon.com/s?k=23-794_Security+Force+Assistance+in+the+Western+Hemisphere+%28Jun+23%29+%28Public%29.&i=stripbooks,1,https://www.army.mil/article/267277/u_s_army_south_exercise_southern_vanguard_23_security_force_assistance_in_the_western_hemisphere,"US federal government work: not protected by copyright in the US (17 U.S.C. 105). Contractor- or grantee-written parts and third-party photos or text inside it can still be copyrighted, and the US may claim copyright in other countries, which matters when choosing sales territories."
2026-09-27,yes,CALL Insider 3rd Qtr_FY23__Final.,,pdf,Army Department,federal,,army.mil,https://api.army.mil/e2/c/downloads/2023/06/29/6e12ff44/call-insider-3rd-qtr-fy23-final.pdf,likely_public_domain,not checked,,,https://www.amazon.com/s?k=CALL+Insider+3rd+Qtr_FY23__Final.&i=stripbooks,1,https://www.army.mil/article/268009/call_insider_newsletter_3rd_qtr_fy_23,"US federal government work: not protected by copyright in the US (17 U.S.C. 105). Contractor- or grantee-written parts and third-party photos or text inside it can still be copyrighted, and the US may claim copyright in other countries, which matters when choosing sales territories."
2026-09-27,yes,23-804_Religious Support During LSCO (Jul 23) (Public).,,pdf,Army Department,federal,,army.mil,https://api.army.mil/e2/c/downloads/2023/07/24/155f5b2a/23-804-religious-support-during-lsco-jul-23-public.pdf,likely_public_domain,not checked,,,https://www.amazon.com/s?k=23-804_Religious+Support+During+LSCO+%28Jul+23%29+%28Public%29.&i=stripbooks,1,https://www.army.mil/article/268572/religious_support_during_large_scale_combat_operations,"US federal government work: not protected by copyright in the US (17 U.S.C. 105). Contractor- or grantee-written parts and third-party photos or text inside it can still be copyrighted, and the US may claim copyright in other countries, which matters when choosing sales territories."
2026-09-27,yes,23-828_Target Refinement (Sep 23) (Public).,,pdf,Army Department,federal,,army.mil,https://api.army.mil/e2/c/downloads/2023/09/20/b68c8b8c/23-828-target-refinement-sep-23-public.pdf,likely_public_domain,not checked,,,https://www.amazon.com/s?k=23-828_Target+Refinement+%28Sep+23%29+%28Public%29.&i=stripbooks,1,https://www.army.mil/article/270106/fighting_the_enemy_not_the_plan_the_target_refinement_board_and_agile_targeting_in_a_multidomain_environment,"US federal government work: not protected by copyright in the US (17 U.S.C. 105). Contractor- or grantee-written parts and third-party photos or text inside it can still be copyrighted, and the US may claim copyright in other countries, which matters when choosing sales territories."
2026-09-27,yes,23-823_The Journey Toward Total Army Readiness (Aug 23) (Public) (1).,,pdf,Army Department,federal,,army.mil,https://api.army.mil/e2/c/downloads/2023/09/22/447c8721/23-823-the-journey-toward-total-army-readiness-aug-23-public-1.pdf,likely_public_domain,not checked,,,https://www.amazon.com/s?k=23-823_The+Journey+Toward+Total+Army+Readiness+%28Aug+23%29+%28Public%29+%281%29.&i=stripbooks,1,https://www.army.mil/article/270188/the_journey_towards_total_army_readiness,"US federal government work: not protected by copyright in the US (17 U.S.C. 105). Contractor- or grantee-written parts and third-party photos or text inside it can still be copyrighted, and the US may claim copyright in other countries, which matters when choosing sales territories."
2026-09-27,yes,24-811_Army Operations and the Air Tasking Cycle (Nov 23) (Public).,,pdf,Army Department,federal,,army.mil,https://api.army.mil/e2/c/downloads/2023/11/29/73a4ee9f/24-811-army-operations-and-the-air-tasking-cycle-nov-23-public.pdf,likely_public_domain,not checked,,,https://www.amazon.com/s?k=24-811_Army+Operations+and+the+Air+Tasking+Cycle+%28Nov+23%29+%28Public%29.&i=stripbooks,1,https://www.army.mil/article/271997/army_operations_and_the_air_tasking_cycle_atc,"US federal government work: not protected by copyright in the US (17 U.S.C. 105). Contractor- or grantee-written parts and third-party photos or text inside it can still be copyrighted, and the US may claim copyright in other countries, which matters when choosing sales territories."
2026-09-27,yes,24-830_Training for Lethality and Retention in the ARNG (Oct 23) (Public).,,pdf,Army Department,federal,,army.mil,https://api.army.mil/e2/c/downloads/2023/11/28/31eba344/24-830-training-for-lethality-and-retention-in-the-arng-oct-23-public.pdf,likely_public_domain,not checked,,,https://www.amazon.com/s?k=24-830_Training+for+Lethality+and+Retention+in+the+ARNG+%28Oct+23%29+%28Public%29.&i=stripbooks,1,https://www.army.mil/article/271969/training_for_lethality_and_retention_in_the_army_national_guard,"US federal government work: not protected by copyright in the US (17 U.S.C. 105). Contractor- or grantee-written parts and third-party photos or text inside it can still be copyrighted, and the US may claim copyright in other countries, which matters when choosing sales territories."
2026-09-27,yes,24-795_Panamax 22 (Oct 23) (Public) - Update.,,pdf,Army Department,federal,,army.mil,https://api.army.mil/e2/c/downloads/2023/11/29/deb07c2a/24-795-panamax-22-oct-23-public.pdf,likely_public_domain,not checked,,,https://www.amazon.com/s?k=24-795_Panamax+22+%28Oct+23%29+%28Public%29+-+Update.&i=stripbooks,1,https://www.army.mil/article/271966/panamax_22_operation_futuro_noble,"US federal government work: not protected by copyright in the US (17 U.S.C. 105). Contractor- or grantee-written parts and third-party photos or text inside it can still be copyrighted, and the US may claim copyright in other countries, which matters when choosing sales territories."
2026-09-27,yes,24-851_Improving Retention (Dec 23) (Public).,,pdf,Army Department,federal,,army.mil,https://api.army.mil/e2/c/downloads/2023/12/19/00ea0810/24-851-improving-retention-dec-23-public.pdf,likely_public_domain,not checked,,,https://www.amazon.com/s?k=24-851_Improving+Retention+%28Dec+23%29+%28Public%29.&i=stripbooks,1,https://www.army.mil/article/272579/improving_retention_within_the_organization,"US federal government work: not protected by copyright in the US (17 U.S.C. 105). Contractor- or grantee-written parts and third-party photos or text inside it can still be copyrighted, and the US may claim copyright in other countries, which matters when choosing sales territories."
2026-09-27,yes,24-815_Saving Soldiers Time (Jan 24) (Public).,,pdf,Army Department,federal,,army.mil,https://api.army.mil/e2/c/downloads/2024/01/18/156d7109/24-815-saving-soldiers-time-jan-24-public.pdf,likely_public_domain,not checked,,,https://www.amazon.com/s?k=24-815_Saving+Soldiers+Time+%28Jan+24%29+%28Public%29.&i=stripbooks,1,https://www.army.mil/article/273047/modernization_displacement_and_repair_sites_saving_soldiers_time,"US federal government work: not protected by copyright in the US (17 U.S.C. 105). Contractor- or grantee-written parts and third-party photos or text inside it can still be copyrighted, and the US may claim copyright in other countries, which matters when choosing sales territories."
2026-09-27,yes,CALL Insider 1stQTRFY24_FINAL.,,pdf,Army Department,federal,,army.mil,https://api.army.mil/e2/c/downloads/2024/01/19/2460abbe/call-insider-1stqtrfy24-final.pdf,likely_public_domain,not checked,,,https://www.amazon.com/s?k=CALL+Insider+1stQTRFY24_FINAL.&i=stripbooks,1,https://www.army.mil/article/273084/call_insider_newsletter_1st_qtr_fy_24,"US federal government work: not protected by copyright in the US (17 U.S.C. 105). Contractor- or grantee-written parts and third-party photos or text inside it can still be copyrighted, and the US may claim copyright in other countries, which matters when choosing sales territories."
2026-09-27,yes,24-846_PAA Analysis (Jan 22) (Public).,,pdf,Army Department,federal,,army.mil,https://api.army.mil/e2/c/downloads/2024/01/25/a8b49a1b/24-846-paa-analysis-jan-22-public.pdf,likely_public_domain,not checked,,,https://www.amazon.com/s?k=24-846_PAA+Analysis+%28Jan+22%29+%28Public%29.&i=stripbooks,1,https://www.army.mil/article/273189/position_areas_for_artillery_paa_analysis_in_severely_restricted_terrain,"US federal government work: not protected by copyright in the US (17 U.S.C. 105). Contractor- or grantee-written parts and third-party photos or text inside it can still be copyrighted, and the US may claim copyright in other countries, which matters when choosing sales territories."
2026-09-27,yes,24-862_TDF CP Survivability (Feb 24) (Public).,,pdf,Army Department,federal,,army.mil,https://api.army.mil/e2/c/downloads/2024/02/06/c1a5a9b6/24-862-tdf-cp-survivability-feb-24-public.pdf,likely_public_domain,not checked,,,https://www.amazon.com/s?k=24-862_TDF+CP+Survivability+%28Feb+24%29+%28Public%29.&i=stripbooks,1,https://www.army.mil/article/273510/lessons_learned_from_the_ukrainian_territorial_defense_forces_command_post_survivability,"US federal government work: not protected by copyright in the US (17 U.S.C. 105). Contractor- or grantee-written parts and third-party photos or text inside it can still be copyrighted, and the US may claim copyright in other countries, which matters when choosing sales territories."
2026-09-27,yes,24-03 (853)_MCTP FY23 Key Observations (Mar 24) (PUBLIC).,,pdf,Army Department,federal,,army.mil,https://api.army.mil/e2/c/downloads/2024/03/07/f3684ca2/24-03-853-mctp-fy23-key-observations-mar-24-public.pdf,likely_public_domain,not checked,,,https://www.amazon.com/s?k=24-03+%28853%29_MCTP+FY23+Key+Observations+%28Mar+24%29+%28PUBLIC%29.&i=stripbooks,1,https://www.army.mil/article/274300/fy_23_mission_command_training_in_large_scale_combat_operation_key_observations,"US federal government work: not protected by copyright in the US (17 U.S.C. 105). Contractor- or grantee-written parts and third-party photos or text inside it can still be copyrighted, and the US may claim copyright in other countries, which matters when choosing sales territories."
2026-09-27,yes,"24-854, Religious Support in Large-Scale Combat Operations (Aug 24).",,pdf,Army Department,federal,,army.mil,https://api.army.mil/e2/c/downloads/2024/08/19/d9671128/24-854-religious-support-in-large-scale-combat-operations-aug-24.pdf,likely_public_domain,not checked,,,https://www.amazon.com/s?k=24-854%2C+Religious+Support+in+Large-Scale+Combat+Operations+%28Aug+24%29.&i=stripbooks,1,https://www.army.mil/article/279029/religious_support_during_large_scale_combat_operations,"US federal government work: not protected by copyright in the US (17 U.S.C. 105). Contractor- or grantee-written parts and third-party photos or text inside it can still be copyrighted, and the US may claim copyright in other countries, which matters when choosing sales territories."
2026-09-27,yes,"24-883 How We Fight 1st Cavalry Division, Division Air and Missile Defense.",,pdf,Army Department,federal,,army.mil,https://api.army.mil/e2/c/downloads/2024/08/22/8dd6937a/24-883-how-we-fight-1st-cavalry-division-division-air-and-missile-defense.pdf,likely_public_domain,not checked,,,https://www.amazon.com/s?k=24-883+How+We+Fight+1st+Cavalry+Division%2C+Division+Air+and+Missile+Defense.&i=stripbooks,1,https://www.army.mil/article/279108/how_we_fight_1st_cavalry_division_division_air_and_missile_defense,"US federal government work: not protected by copyright in the US (17 U.S.C. 105). Contractor- or grantee-written parts and third-party photos or text inside it can still be copyrighted, and the US may claim copyright in other countries, which matters when choosing sales territories."
2026-09-27,yes,https://armypubs.army.mil/,,pdf,Army Department,federal,,army.mil,https://armypubs.army.mil/epubs/DR_pubs/DR_d/ARN35094-ATP_3-39.34-000-WEB-1.pdf,likely_public_domain,not checked,,,https://www.amazon.com/s?k=https%3A%2F%2Farmypubs.army.mil%2F&i=stripbooks,1,https://www.army.mil/article/279352/employing_military_working_dogs_in_large_scale_combat_operations,"US federal government work: not protected by copyright in the US (17 U.S.C. 105). Contractor- or grantee-written parts and third-party photos or text inside it can still be copyrighted, and the US may claim copyright in other countries, which matters when choosing sales territories."
2026-09-27,yes,https://armypubs.army.mil/epubs/DR_pubs/,,pdf,Army Department,federal,,army.mil,https://armypubs.army.mil/epubs/DR_pubs/DR_a/pdf/web/ARN8650_AR350_50_Final.pdf,likely_public_domain,not checked,,,https://www.amazon.com/s?k=https%3A%2F%2Farmypubs.army.mil%2Fepubs%2FDR_pubs%2F&i=stripbooks,1,https://www.army.mil/article/279352/employing_military_working_dogs_in_large_scale_combat_operations,"US federal government work: not protected by copyright in the US (17 U.S.C. 105). Contractor- or grantee-written parts and third-party photos or text inside it can still be copyrighted, and the US may claim copyright in other countries, which matters when choosing sales territories."
2026-09-27,yes,"24-910, Employing Military Working Dogs in Large-Scale Combat Operations (Aug 24).",,pdf,Army Department,federal,,army.mil,https://api.army.mil/e2/c/downloads/2024/08/30/5d7487d1/24-910-employing-mwds-in-lsco-aug-24.pdf,likely_public_domain,not checked,,,https://www.amazon.com/s?k=24-910%2C+Employing+Military+Working+Dogs+in+Large-Scale+Combat+Operations+%28Aug+24%29.&i=stripbooks,1,https://www.army.mil/article/279352/employing_military_working_dogs_in_large_scale_combat_operations,"US federal government work: not protected by copyright in the US (17 U.S.C. 105). Contractor- or grantee-written parts and third-party photos or text inside it can still be copyrighted, and the US may claim copyright in other countries, which matters when choosing sales territories."
2026-09-27,yes,"No. 24-894, Staff Processes in LSCO Pt. 2 Running Estimates (Crawling When We Need to Run).",,pdf,Army Department,federal,,army.mil,https://api.army.mil/e2/c/downloads/2024/09/06/fd35ce87/no-24-894-staff-processes-in-lsco-pt-2-running-estimates-crawling-when-we-need-to-run.pdf,likely_public_domain,not checked,,,https://www.amazon.com/s?k=No.+24-894%2C+Staff+Processes+in+LSCO+Pt.+2+Running+Estimates+%28Crawling+When&i=stripbooks,1,https://www.army.mil/article/279458/staff_processes_in_lsco_pt_2_running_estimates_crawling_when_we_need_to_run,"US federal government work: not protected by copyright in the US (17 U.S.C. 105). Contractor- or grantee-written parts and third-party photos or text inside it can still be copyrighted, and the US may claim copyright in other countries, which matters when choosing sales territories."
2026-09-27,yes,24-908_Airspace as a Weapon (Aug 24) (Public).,,pdf,Army Department,federal,,army.mil,https://api.army.mil/e2/c/downloads/2024/10/01/f0561feb/24-908-airspace-as-a-weapon-aug-24-public.pdf,likely_public_domain,not checked,,,https://www.amazon.com/s?k=24-908_Airspace+as+a+Weapon+%28Aug+24%29+%28Public%29.&i=stripbooks,1,https://www.army.mil/article/280151/airspace_as_a_weapon,"US federal government work: not protected by copyright in the US (17 U.S.C. 105). Contractor- or grantee-written parts and third-party photos or text inside it can still be copyrighted, and the US may claim copyright in other countries, which matters when choosing sales territories."
2026-09-27,yes,"No. 25-01 (768), Understanding Security Cooperation (Oct 24).",,pdf,Army Department,federal,,army.mil,https://api.army.mil/e2/c/downloads/2024/10/17/faf2497c/no-25-01-768-understanding-security-cooperation-oct-24.pdf,likely_public_domain,not checked,,,https://www.amazon.com/s?k=No.+25-01+%28768%29%2C+Understanding+Security+Cooperation+%28Oct+24%29.&i=stripbooks,1,https://www.army.mil/article/280571/understanding_security_cooperation,"US federal government work: not protected by copyright in the US (17 U.S.C. 105). Contractor- or grantee-written parts and third-party photos or text inside it can still be copyrighted, and the US may claim copyright in other countries, which matters when choosing sales territories."
2026-09-27,yes,"No. 25-917, Defining Conditions for Success - The Hidden Wargaming Output (Oct 24).",,pdf,Army Department,federal,,army.mil,https://api.army.mil/e2/c/downloads/2024/10/30/466a7eb4/no-25-917-defining-conditions-for-success-the-hidden-wargaming-output-oct-24.pdf,likely_public_domain,not checked,,,https://www.amazon.com/s?k=No.+25-917%2C+Defining+Conditions+for+Success+-+The+Hidden+Wargaming+Output+%28Oct&i=stripbooks,1,https://www.army.mil/article/280950/defining_conditions_for_success,"US federal government work: not protected by copyright in the US (17 U.S.C. 105). Contractor- or grantee-written parts and third-party photos or text inside it can still be copyrighted, and the US may claim copyright in other countries, which matters when choosing sales territories."
2026-09-27,yes,25-932_Optimal Elements of Army Techcraft Culture (Nov 24) (Public).,,pdf,Army Department,federal,,army.mil,https://api.army.mil/e2/c/downloads/2025/04/09/1449d2a3/25-932-optimal-elements-of-army-techcraft-culture-nov-24-public.pdf,likely_public_domain,not checked,,,https://www.amazon.com/s?k=25-932_Optimal+Elements+of+Army+Techcraft+Culture+%28Nov+24%29+%28Public%29.&i=stripbooks,1,https://www.army.mil/article/281487/embracing_techcraft_optimal_elements_of_army_techcraft_culture,"US federal government work: not protected by copyright in the US (17 U.S.C. 105). Contractor- or grantee-written parts and third-party photos or text inside it can still be copyrighted, and the US may claim copyright in other countries, which matters when choosing sales territories."
2026-09-27,yes,"25-911, U.S. Army South Exercise Southern Vanguard 24.",,pdf,Army Department,federal,,army.mil,https://api.army.mil/e2/c/downloads/2024/12/30/805c4127/25-911-u-s-army-south-exercise-southern-vanguard-24.pdf,likely_public_domain,not checked,,,https://www.amazon.com/s?k=25-911%2C+U.S.+Army+South+Exercise+Southern+Vanguard+24.&i=stripbooks,1,https://www.army.mil/article/282323/u_s_army_south_exercise_southern_vanguard_24,"US federal government work: not protected by copyright in the US (17 U.S.C. 105). Contractor- or grantee-written parts and third-party photos or text inside it can still be copyrighted, and the US may claim copyright in other countries, which matters when choosing sales territories."
2026-09-27,yes,25-900_Crossing High MLC Vehicles (Dec 25) (Public).,,pdf,Army Department,federal,,army.mil,https://api.army.mil/e2/c/downloads/2025/02/03/5550a939/25-900-crossing-high-mlc-vehicles-dec-25-public.pdf,likely_public_domain,not checked,,,https://www.amazon.com/s?k=25-900_Crossing+High+MLC+Vehicles+%28Dec+25%29+%28Public%29.&i=stripbooks,1,https://www.army.mil/article/282777/lessons_learned_for_gap_crossing_high_mlc_vehicles,"US federal government work: not protected by copyright in the US (17 U.S.C. 105). Contractor- or grantee-written parts and third-party photos or text inside it can still be copyrighted, and the US may claim copyright in other countries, which matters when choosing sales territories."
2026-09-27,yes,"25-04 (946), FY 24 MCTP Key Observations (Feb 25)., FY 24 MCTP Key Observations (Feb 25)",,pdf,Army Department,federal,,army.mil,https://api.army.mil/e2/c/downloads/2025/02/24/aea2698e/25-04-946-fy-24-mctp-key-observations-feb-25.pdf,likely_public_domain,not checked,,,https://www.amazon.com/s?k=25-04+%28946%29%2C+FY+24+MCTP+Key+Observations+%28Feb+25%29.%2C+FY+24+MCTP&i=stripbooks,1,https://www.army.mil/article/283303/fy_24_mission_command_training_program_key_observations,"US federal government work: not protected by copyright in the US (17 U.S.C. 105). Contractor- or grantee-written parts and third-party photos or text inside it can still be copyrighted, and the US may claim copyright in other countries, which matters when choosing sales territories."
2026-09-27,yes,"25-960, Enhancing Reserve Component Integration (Feb 25).",,pdf,Army Department,federal,,army.mil,https://api.army.mil/e2/c/downloads/2025/02/25/48f94f93/25-960-enhancing-reserve-component-integration-feb-25.pdf,likely_public_domain,not checked,,,https://www.amazon.com/s?k=25-960%2C+Enhancing+Reserve+Component+Integration+%28Feb+25%29.&i=stripbooks,1,https://www.army.mil/article/283319/enhancing_reserve_component_integration_solutions_for_effective_partnership_in_the_first_army,"US federal government work: not protected by copyright in the US (17 U.S.C. 105). Contractor- or grantee-written parts and third-party photos or text inside it can still be copyrighted, and the US may claim copyright in other countries, which matters when choosing sales territories."
2026-09-27,yes,"25-958, Enhancing Military Operational Effectiveness through the Integration of CAMO and NIPR GPT.",,pdf,Army Department,federal,,army.mil,https://api.army.mil/e2/c/downloads/2025/03/07/840ed7cf/25-958-enhancing-military-operational-effectiveness-through-the-integration-of-camo-and-nipr-gpt.pdf,likely_public_domain,not checked,,,https://www.amazon.com/s?k=25-958%2C+Enhancing+Military+Operational+Effectiveness+through+the+Integration+of+CAMO+and+NIPR&i=stripbooks,1,https://www.army.mil/article/283601/enhancing_military_operational_effectiveness_through_the_integration_of_camo_and_nipr_gpt,"US federal government work: not protected by copyright in the US (17 U.S.C. 105). Contractor- or grantee-written parts and third-party photos or text inside it can still be copyrighted, and the US may claim copyright in other countries, which matters when choosing sales territories."
2026-09-27,yes,"No. 25-994, Staff Integration for Large-Scale Combat Operations (Mar 25).",,pdf,Army Department,federal,,army.mil,https://api.army.mil/e2/c/downloads/2025/08/22/156b1d52/no-25-994-staff-integration-for-large-scale-combat-operations-mar-25.pdf,likely_public_domain,not checked,,,https://www.amazon.com/s?k=No.+25-994%2C+Staff+Integration+for+Large-Scale+Combat+Operations+%28Mar+25%29.&i=stripbooks,1,https://www.army.mil/article/283811/staff_integration_for_large_scale_combat_operations_transitioning_integrating_cells_from_garrison_to_warfighting,"US federal government work: not protected by copyright in the US (17 U.S.C. 105). Contractor- or grantee-written parts and third-party photos or text inside it can still be copyrighted, and the US may claim copyright in other countries, which matters when choosing sales territories."
2026-09-27,yes,AFAP Issue Update Book - August 2024 - numerical order (1),,pdf,Army Department,federal,,army.mil,https://api.army.mil/e2/c/downloads/2026/04/08/265966a5/afap-issue-update-book-august-2024-numerical-order-1.pdf,likely_public_domain,not checked,,,https://www.amazon.com/s?k=AFAP+Issue+Update+Book+-+August+2024+-+numerical+order+%281%29&i=stripbooks,3,https://www.army.mil/armymedicine,"US federal government work: not protected by copyright in the US (17 U.S.C. 105). Contractor- or grantee-written parts and third-party photos or text inside it can still be copyrighted, and the US may claim copyright in other countries, which matters when choosing sales territories."
2026-09-27,yes,VMIS Army Volunteer Corps Volunteer User Guide,,pdf,Army Department,federal,,army.mil,https://api.army.mil/e2/c/downloads/2024/07/22/6170dc3c/vmis-army-volunteer-corps-volunteer-user-guide.pdf,likely_public_domain,not checked,,,https://www.amazon.com/s?k=VMIS+Army+Volunteer+Corps+Volunteer+User+Guide&i=stripbooks,3,https://www.army.mil/armymedicine,"US federal government work: not protected by copyright in the US (17 U.S.C. 105). Contractor- or grantee-written parts and third-party photos or text inside it can still be copyrighted, and the US may claim copyright in other countries, which matters when choosing sales territories."
2026-09-27,yes,Senior Leader Spouse Guide June 2022,,pdf,Army Department,federal,,army.mil,https://api.army.mil/e2/c/downloads/2024/07/22/18c3d271/senior-leader-spouse-guide-june-2022.pdf,likely_public_domain,not checked,,,https://www.amazon.com/s?k=Senior+Leader+Spouse+Guide+June+2022&i=stripbooks,3,https://www.army.mil/armymedicine,"US federal government work: not protected by copyright in the US (17 U.S.C. 105). Contractor- or grantee-written parts and third-party photos or text inside it can still be copyrighted, and the US may claim copyright in other countries, which matters when choosing sales territories."
2026-09-27,yes,VMIS Organization Program Manager User Guide. User Guide,,pdf,Army Department,federal,,army.mil,https://api.army.mil/e2/c/downloads/2024/07/22/d8d18f4e/vmis-organization-program-manager-user-guide.pdf,likely_public_domain,not checked,,,https://www.amazon.com/s?k=VMIS+Organization+Program+Manager+User+Guide.+User+Guide&i=stripbooks,3,https://www.army.mil/armymedicine,"US federal government work: not protected by copyright in the US (17 U.S.C. 105). Contractor- or grantee-written parts and third-party photos or text inside it can still be copyrighted, and the US may claim copyright in other countries, which matters when choosing sales territories."
2026-09-27,yes,G2G Scholarship and Hip Pocket Scholarship Handbook 1 Jun 2024_FINAL_with_LINKS,,pdf,Army Department,federal,,army.mil,https://api.army.mil/e2/c/downloads/2024/09/03/197f6147/g2g-scholarship-and-hip-pocket-scholarship-handbook-1-jun-2024-final-with-links.pdf,likely_public_domain,not checked,,,https://www.amazon.com/s?k=G2G+Scholarship+and+Hip+Pocket+Scholarship+Handbook+1+Jun+2024_FINAL_with_LINKS&i=stripbooks,3,https://www.army.mil/opmg,"US federal government work: not protected by copyright in the US (17 U.S.C. 105). Contractor- or grantee-written parts and third-party photos or text inside it can still be copyrighted, and the US may claim copyright in other countries, which matters when choosing sales territories."
2026-09-27,yes,K9H2F Handbook 2026,,pdf,Army Department,federal,,army.mil,https://api.army.mil/e2/c/downloads/2026/08/27/ea88f4e6/k9h2f-handbook-2026-v2-final-compressed.pdf,likely_public_domain,not checked,,,https://www.amazon.com/s?k=K9H2F+Handbook+2026&i=stripbooks,3,https://www.army.mil/opmg,"US federal government work: not protected by copyright in the US (17 U.S.C. 105). Contractor- or grantee-written parts and third-party photos or text inside it can still be copyrighted, and the US may claim copyright in other countries, which matters when choosing sales territories."
2026-09-27,yes,AT Active Shooter Pocket Guide 2024_2_ind panels,,pdf,Army Department,federal,,army.mil,https://api.army.mil/e2/c/downloads/2024/09/13/8c8c1aed/at-active-shooter-pocket-guide-2024-2-ind-panels.pdf,likely_public_domain,not checked,,,https://www.amazon.com/s?k=AT+Active+Shooter+Pocket+Guide+2024_2_ind+panels&i=stripbooks,3,https://www.army.mil/opmg,"US federal government work: not protected by copyright in the US (17 U.S.C. 105). Contractor- or grantee-written parts and third-party photos or text inside it can still be copyrighted, and the US may claim copyright in other countries, which matters when choosing sales territories."
2026-09-27,yes,Don't be a Passive Bystander handbook,,pdf,Army Department,federal,,army.mil,https://api.army.mil/e2/c/downloads/2024/08/07/ab20ae3d/at-bystander-document-2023-webq.pdf,likely_public_domain,not checked,,,https://www.amazon.com/s?k=Don%27t+be+a+Passive+Bystander+handbook&i=stripbooks,3,https://www.army.mil/opmg,"US federal government work: not protected by copyright in the US (17 U.S.C. 105). Contractor- or grantee-written parts and third-party photos or text inside it can still be copyrighted, and the US may claim copyright in other countries, which matters when choosing sales territories."
2026-09-27,yes,CASEWORK GUIDE 119th CONGRESS,,pdf,Army Department,federal,,army.mil,https://api.army.mil/e2/c/downloads/2024/12/16/5450497e/casework-guide-119th-congress.pdf,likely_public_domain,not checked,,,https://www.amazon.com/s?k=CASEWORK+GUIDE+119th+CONGRESS&i=stripbooks,3,https://www.army.mil/ocll,"US federal government work: not protected by copyright in the US (17 U.S.C. 105). Contractor- or grantee-written parts and third-party photos or text inside it can still be copyrighted, and the US may claim copyright in other countries, which matters when choosing sales territories."
2026-09-27,yes,U_SAAA-IT_oaa-handbook-public-edition-as-of-1-november-2024 Published 20260512,,pdf,Army Department,federal,,army.mil,https://api.army.mil/e2/c/downloads/2026/05/12/dc2cfcbf/oaa-handbook-public-edition-as-of-1-november-2024.pdf,likely_public_domain,not checked,,,https://www.amazon.com/s?k=U_SAAA-IT_oaa-handbook-public-edition-as-of-1-november-2024+Published+20260512&i=stripbooks,3,https://www.army.mil/oaa,"US federal government work: not protected by copyright in the US (17 U.S.C. 105). Contractor- or grantee-written parts and third-party photos or text inside it can still be copyrighted, and the US may claim copyright in other countries, which matters when choosing sales territories."
2026-09-27,yes,1945 Government Organization Manual,,pdf,Army Department,federal,,army.mil,https://api.army.mil/e2/c/downloads/2024/07/25/763c104a/1945-government-organization-manual.pdf,likely_public_domain,not checked,,,https://www.amazon.com/s?k=1945+Government+Organization+Manual&i=stripbooks,3,https://www.army.mil/oaa,"US federal government work: not protected by copyright in the US (17 U.S.C. 105). Contractor- or grantee-written parts and third-party photos or text inside it can still be copyrighted, and the US may claim copyright in other countries, which matters when choosing sales territories."
2026-09-27,yes,1940 Government Organization Manual,,pdf,Army Department,federal,,army.mil,https://api.army.mil/e2/c/downloads/2024/07/25/662d105b/1940-government-organization-manual.pdf,likely_public_domain,not checked,,,https://www.amazon.com/s?k=1940+Government+Organization+Manual&i=stripbooks,3,https://www.army.mil/oaa,"US federal government work: not protected by copyright in the US (17 U.S.C. 105). Contractor- or grantee-written parts and third-party photos or text inside it can still be copyrighted, and the US may claim copyright in other countries, which matters when choosing sales territories."
2026-09-27,yes,1935 Government Organization Manual,,pdf,Army Department,federal,,army.mil,https://api.army.mil/e2/c/downloads/2024/07/25/49a17dfe/1935-government-organization-manual.pdf,likely_public_domain,not checked,,,https://www.amazon.com/s?k=1935+Government+Organization+Manual&i=stripbooks,3,https://www.army.mil/oaa,"US federal government work: not protected by copyright in the US (17 U.S.C. 105). Contractor- or grantee-written parts and third-party photos or text inside it can still be copyrighted, and the US may claim copyright in other countries, which matters when choosing sales territories."
2026-09-27,yes,doing-business-w-micc-guide-v20241126,,pdf,Army Department,federal,,army.mil,https://api.army.mil/e2/c/downloads/2024/11/27/75387864/doing-business-w-micc-guide-v20241126.pdf,likely_public_domain,not checked,,,https://www.amazon.com/s?k=doing-business-w-micc-guide-v20241126&i=stripbooks,3,https://www.army.mil/micc/,"US federal government work: not protected by copyright in the US (17 U.S.C. 105). Contractor- or grantee-written parts and third-party photos or text inside it can still be copyrighted, and the US may claim copyright in other countries, which matters when choosing sales territories."
2026-09-27,yes,I Corps and JBLM Admin Sep Guide,,pdf,Army Department,federal,,army.mil,https://api.army.mil/e2/c/downloads/2025/03/02/0eb661de/i-corps-and-jblm-admin-sep-guide.pdf,likely_public_domain,not checked,,,https://www.amazon.com/s?k=I+Corps+and+JBLM+Admin+Sep+Guide&i=stripbooks,3,https://www.army.mil/icorps,"US federal government work: not protected by copyright in the US (17 U.S.C. 105). Contractor- or grantee-written parts and third-party photos or text inside it can still be copyrighted, and the US may claim copyright in other countries, which matters when choosing sales territories."
2026-09-27,yes,I Corps Blue Book v3.3 (July 2026),,pdf,Army Department,federal,,army.mil,https://api.army.mil/e2/c/downloads/2026/07/20/16a4f754/i-corps-blue-book-v3-3.pdf,likely_public_domain,not checked,,,https://www.amazon.com/s?k=I+Corps+Blue+Book+v3.3+%28July+2026%29&i=stripbooks,3,https://www.army.mil/icorps,"US federal government work: not protected by copyright in the US (17 U.S.C. 105). Contractor- or grantee-written parts and third-party photos or text inside it can still be copyrighted, and the US may claim copyright in other countries, which matters when choosing sales territories."
2026-09-27,yes,23-05 (730)_Guide to the US Embassy (May 23) (Public)._Guide to the US Embassy (May 23),,pdf,Army Department,federal,,army.mil,https://api.army.mil/e2/c/downloads/2023/05/23/050f37d1/23-05-730-guide-to-the-us-embassy-may-23-public.pdf,likely_public_domain,not checked,,,https://www.amazon.com/s?k=23-05+%28730%29_Guide+to+the+US+Embassy+%28May+23%29+%28Public%29._Guide+to+the+US&i=stripbooks,3,https://www.army.mil/article/266938/military_guide_to_the_u_s_embassy,"US federal government work: not protected by copyright in the US (17 U.S.C. 105). Contractor- or grantee-written parts and third-party photos or text inside it can still be copyrighted, and the US may claim copyright in other countries, which matters when choosing sales territories."
2026-09-27,yes,23-696_Mortuary Affairs How-To Guide (Sep 23) (Public),,pdf,Army Department,federal,,army.mil,https://api.army.mil/e2/c/downloads/2023/09/11/4b6bdf5b/23-696-mortuary-affairs-how-to-guide-sep-23-public.pdf,likely_public_domain,not checked,,,https://www.amazon.com/s?k=23-696_Mortuary+Affairs+How-To+Guide+%28Sep+23%29+%28Public%29&i=stripbooks,3,https://www.army.mil/article/269821/mortuary_affairs_how_to_guide,"US federal government work: not protected by copyright in the US (17 U.S.C. 105). Contractor- or grantee-written parts and third-party photos or text inside it can still be copyrighted, and the US may claim copyright in other countries, which matters when choosing sales territories."
2026-09-27,yes,23-08 (682)_Leader's Guide to Maintenance and Services (Aug 23) (Public)._Leader's Guide to Maintenance and Services (Aug 23) (Public),,pdf,Army Department,federal,,army.mil,https://api.army.mil/e2/c/downloads/2024/09/11/46834aa3/23-08-682-leader-s-guide-to-maintenance-and-services-aug-23-public.pdf,likely_public_domain,not checked,,,https://www.amazon.com/s?k=23-08+%28682%29_Leader%27s+Guide+to+Maintenance+and+Services+%28Aug+23%29+%28Public%29._Leader%27s+Guide+to&i=stripbooks,3,https://www.army.mil/article/269881/leaders_guide_to_maintenance_and_services,"US federal government work: not protected by copyright in the US (17 U.S.C. 105). Contractor- or grantee-written parts and third-party photos or text inside it can still be copyrighted, and the US may claim copyright in other countries, which matters when choosing sales territories."
2026-09-27,yes,DA Pam 25-403: Army Guide to Recordkeeping,,pdf,Army Department,federal,,army.mil,https://armypubs.army.mil/epubs/DR_pubs/DR_a/ARN38438-PAM_25-403-002-WEB-3.pdf,likely_public_domain,not checked,,,https://www.amazon.com/s?k=DA+Pam+25-403&i=stripbooks,3,https://www.army.mil/cio,"US federal government work: not protected by copyright in the US (17 U.S.C. 105). Contractor- or grantee-written parts and third-party photos or text inside it can still be copyrighted, and the US may claim copyright in other countries, which matters when choosing sales territories."
2026-09-27,yes,AR 25-36: Instructions for the Interservicing of Technical Manuals and Related Technology Programs,,pdf,Army Department,federal,,army.mil,https://armypubs.army.mil/epubs/DR_pubs/DR_a/ARN38441-AR_25-36-001-WEB-2.pdf,likely_public_domain,not checked,,,https://www.amazon.com/s?k=AR+25-36&i=stripbooks,3,https://www.army.mil/cio,"US federal government work: not protected by copyright in the US (17 U.S.C. 105). Contractor- or grantee-written parts and third-party photos or text inside it can still be copyrighted, and the US may claim copyright in other countries, which matters when choosing sales territories."
2026-09-27,yes,2020 - 2021 Weapon Systems Handbook,,pdf,Army Department,federal,,army.mil,https://www.army.mil/e2/downloads/rv7/2020-2021_Weapon_Systems_Handbook.pdf,likely_public_domain,not checked,,,https://www.amazon.com/s?k=2020+-+2021+Weapon+Systems+Handbook&i=stripbooks,3,https://www.army.mil/asaalt,"US federal government work: not protected by copyright in the US (17 U.S.C. 105). Contractor- or grantee-written parts and third-party photos or text inside it can still be copyrighted, and the US may claim copyright in other countries, which matters when choosing sales territories."
2026-09-27,yes,2018 Weapon Systems Handbook,,pdf,Army Department,federal,,army.mil,https://www.army.mil/e2/c/downloads/558424.pdf,likely_public_domain,not checked,,,https://www.amazon.com/s?k=2018+Weapon+Systems+Handbook&i=stripbooks,3,https://www.army.mil/asaalt,"US federal government work: not protected by copyright in the US (17 U.S.C. 105). Contractor- or grantee-written parts and third-party photos or text inside it can still be copyrighted, and the US may claim copyright in other countries, which matters when choosing sales territories."
2026-09-27,yes,CFT Commanders Guide,,pdf,Army Department,federal,,army.mil,https://api.army.mil/e2/c/downloads/2026/04/27/a43bf5bd/cft-commanders-guide.pdf,likely_public_domain,not checked,,,https://www.amazon.com/s?k=CFT+Commanders+Guide&i=stripbooks,3,https://www.army.mil/retention,"US federal government work: not protected by copyright in the US (17 U.S.C. 105). Contractor- or grantee-written parts and third-party photos or text inside it can still be copyrighted, and the US may claim copyright in other countries, which matters when choosing sales territories."
2026-09-27,yes,20250507_AFT Commanders Guide and Implementation Guidance,,pdf,Army Department,federal,,army.mil,https://api.army.mil/e2/c/downloads/2025/06/23/0374d9cf/20250507-aft-commanders-guide-and-implementation-guidance.pdf,likely_public_domain,not checked,,,https://www.amazon.com/s?k=20250507_AFT+Commanders+Guide+and+Implementation+Guidance&i=stripbooks,3,https://www.army.mil/retention,"US federal government work: not protected by copyright in the US (17 U.S.C. 105). Contractor- or grantee-written parts and third-party photos or text inside it can still be copyrighted, and the US may claim copyright in other countries, which matters when choosing sales territories."
2026-09-27,yes,Compensation Hip Pocket Guide,,pdf,Army Department,federal,,army.mil,https://api.army.mil/e2/c/downloads/2026/01/08/fff1b9bd/army-graphic-v3-20251124.pdf,likely_public_domain,not checked,,,https://www.amazon.com/s?k=Compensation+Hip+Pocket+Guide&i=stripbooks,3,https://www.army.mil/retention,"US federal government work: not protected by copyright in the US (17 U.S.C. 105). Contractor- or grantee-written parts and third-party photos or text inside it can still be copyrighted, and the US may claim copyright in other countries, which matters when choosing sales territories."
2026-09-27,yes,MatchSynergy User Guide for Sellers,,pdf,Army Department,federal,,army.mil,https://api.army.mil/e2/c/downloads/2026/09/25/39edc539/matchsynergy-user-guide-for-sellers-pdf.pdf,likely_public_domain,not checked,,,https://www.amazon.com/s?k=MatchSynergy+User+Guide+for+Sellers&i=stripbooks,3,https://www.army.mil/osbp/,"US federal government work: not protected by copyright in the US (17 U.S.C. 105). Contractor- or grantee-written parts and third-party photos or text inside it can still be copyrighted, and the US may claim copyright in other countries, which matters when choosing sales territories."
2026-09-27,yes,How to update your information in the Global Address Book,,doc,Army Department,federal,,army.mil,https://www.409csb.army.mil/Library/Info/GALUpdateInstructions.doc,likely_public_domain,not checked,,,https://www.amazon.com/s?k=How+to+update+your+information+in+the+Global+Address+Book&i=stripbooks,3,https://www.army.mil/101stairborne/,"US federal government work: not protected by copyright in the US (17 U.S.C. 105). Contractor- or grantee-written parts and third-party photos or text inside it can still be copyrighted, and the US may claim copyright in other countries, which matters when choosing sales territories."
2026-09-27,yes,MWD Socialization Incident Report,,pdf,Army Department,federal,,army.mil,https://api.army.mil/e2/c/downloads/2026/07/24/bdb275b4/mwd-socialization-incident-report.pdf,likely_public_domain,not checked,,,https://www.amazon.com/s?k=MWD+Socialization+Incident+Report&i=stripbooks,2,https://www.army.mil/opmg,"US federal government work: not protected by copyright in the US (17 U.S.C. 105). Contractor- or grantee-written parts and third-party photos or text inside it can still be copyrighted, and the US may claim copyright in other countries, which matters when choosing sales territories."
2026-09-27,yes,DoW MWD Welfare Indicator introduction,,pdf,Army Department,federal,,army.mil,https://api.army.mil/e2/c/downloads/2026/06/22/30d4b5ae/dow-mwd-welfare-indicator-introduction.pdf,likely_public_domain,not checked,,,https://www.amazon.com/s?k=DoW+MWD+Welfare+Indicator+introduction&i=stripbooks,2,https://www.army.mil/opmg,"US federal government work: not protected by copyright in the US (17 U.S.C. 105). Contractor- or grantee-written parts and third-party photos or text inside it can still be copyrighted, and the US may claim copyright in other countries, which matters when choosing sales territories."
2026-09-27,yes,2005 OAA Annual Report Redacted 20250114,,pdf,Army Department,federal,,army.mil,https://api.army.mil/e2/c/downloads/2025/01/14/dbbb6241/2005-oaa-annual-report-redacted-20250114.pdf,likely_public_domain,not checked,,,https://www.amazon.com/s?k=2005+OAA+Annual+Report+Redacted+20250114&i=stripbooks,2,https://www.army.mil/oaa,"US federal government work: not protected by copyright in the US (17 U.S.C. 105). Contractor- or grantee-written parts and third-party photos or text inside it can still be copyrighted, and the US may claim copyright in other countries, which matters when choosing sales territories."
2026-09-27,yes,2004 OAA Annual Report,,pdf,Army Department,federal,,army.mil,https://api.army.mil/e2/c/downloads/2024/07/31/34463d58/2004-oaa-annual-report.pdf,likely_public_domain,not checked,,,https://www.amazon.com/s?k=2004+OAA+Annual+Report&i=stripbooks,2,https://www.army.mil/oaa,"US federal government work: not protected by copyright in the US (17 U.S.C. 105). Contractor- or grantee-written parts and third-party photos or text inside it can still be copyrighted, and the US may claim copyright in other countries, which matters when choosing sales territories."
2026-09-27,yes,2003 OAA Annual Report,,pdf,Army Department,federal,,army.mil,https://api.army.mil/e2/c/downloads/2024/07/31/74e31611/2003-oaa-annual-report.pdf,likely_public_domain,not checked,,,https://www.amazon.com/s?k=2003+OAA+Annual+Report&i=stripbooks,2,https://www.army.mil/oaa,"US federal government work: not protected by copyright in the US (17 U.S.C. 105). Contractor- or grantee-written parts and third-party photos or text inside it can still be copyrighted, and the US may claim copyright in other countries, which matters when choosing sales territories."
2026-09-27,yes,2002 OAA Annual Report,,pdf,Army Department,federal,,army.mil,https://api.army.mil/e2/c/downloads/2024/07/31/b5e00831/2002-oaa-annual-report.pdf,likely_public_domain,not checked,,,https://www.amazon.com/s?k=2002+OAA+Annual+Report&i=stripbooks,2,https://www.army.mil/oaa,"US federal government work: not protected by copyright in the US (17 U.S.C. 105). Contractor- or grantee-written parts and third-party photos or text inside it can still be copyrighted, and the US may claim copyright in other countries, which matters when choosing sales territories."
2026-09-27,yes,2001 OAA Annual Report,,pdf,Army Department,federal,,army.mil,https://api.army.mil/e2/c/downloads/2024/07/31/e9b717dd/2001-oaa-annual-report.pdf,likely_public_domain,not checked,,,https://www.amazon.com/s?k=2001+OAA+Annual+Report&i=stripbooks,2,https://www.army.mil/oaa,"US federal government work: not protected by copyright in the US (17 U.S.C. 105). Contractor- or grantee-written parts and third-party photos or text inside it can still be copyrighted, and the US may claim copyright in other countries, which matters when choosing sales territories."
2026-09-27,yes,2000 OAA Annual Report,,pdf,Army Department,federal,,army.mil,https://api.army.mil/e2/c/downloads/2024/07/31/668ba2ed/2000-oaa-annual-report.pdf,likely_public_domain,not checked,,,https://www.amazon.com/s?k=2000+OAA+Annual+Report&i=stripbooks,2,https://www.army.mil/oaa,"US federal government work: not protected by copyright in the US (17 U.S.C. 105). Contractor- or grantee-written parts and third-party photos or text inside it can still be copyrighted, and the US may claim copyright in other countries, which matters when choosing sales territories."
2026-09-27,yes,Redesign of the Institutional Army Phase II Final Report Volume III Appendices H-W March 1999,,pdf,Army Department,federal,,army.mil,https://api.army.mil/e2/c/downloads/2024/08/12/8f7bbfac/redesign-of-the-institutional-army-phase-ii-final-report-volume-3-appendices-h-w-march-1999.pdf,likely_public_domain,not checked,,,https://www.amazon.com/s?k=Redesign+of+the+Institutional+Army+Phase+II+Final+Report+Volume+III+Appendices&i=stripbooks,2,https://www.army.mil/oaa,"US federal government work: not protected by copyright in the US (17 U.S.C. 105). Contractor- or grantee-written parts and third-party photos or text inside it can still be copyrighted, and the US may claim copyright in other countries, which matters when choosing sales territories."
2026-09-27,yes,Redesign of the Institutional Army Phase II Final Report Volume II Appendices A-G March 1999,,pdf,Army Department,federal,,army.mil,https://api.army.mil/e2/c/downloads/2024/08/12/6d403a9c/redesign-of-the-institutional-army-phase-ii-final-report-volume-2-appendices-a-g-march-1999.pdf,likely_public_domain,not checked,,,https://www.amazon.com/s?k=Redesign+of+the+Institutional+Army+Phase+II+Final+Report+Volume+II+Appendices&i=stripbooks,2,https://www.army.mil/oaa,"US federal government work: not protected by copyright in the US (17 U.S.C. 105). Contractor- or grantee-written parts and third-party photos or text inside it can still be copyrighted, and the US may claim copyright in other countries, which matters when choosing sales territories."
2026-09-27,yes,Redesign of the Institutional Army Phase II Final Report Volume I March 1999,,pdf,Army Department,federal,,army.mil,https://api.army.mil/e2/c/downloads/2024/08/12/4d84d69d/redesign-of-the-institutional-army-phase-ii-final-report-volume-i-march-1999.pdf,likely_public_domain,not checked,,,https://www.amazon.com/s?k=Redesign+of+the+Institutional+Army+Phase+II+Final+Report+Volume+I+March&i=stripbooks,2,https://www.army.mil/oaa,"US federal government work: not protected by copyright in the US (17 U.S.C. 105). Contractor- or grantee-written parts and third-party photos or text inside it can still be copyrighted, and the US may claim copyright in other countries, which matters when choosing sales territories."
2026-09-27,yes,Redesign of the Institutional Army Phase 1 Final Report Volume III Appendix S-W May 1988,,pdf,Army Department,federal,,army.mil,https://api.army.mil/e2/c/downloads/2024/08/12/e2a20e49/redesign-of-the-institutional-army-phase-1-final-report-volume-iii-appendix-s-w-may-1988.pdf,likely_public_domain,not checked,,,https://www.amazon.com/s?k=Redesign+of+the+Institutional+Army+Phase+1+Final+Report+Volume+III+Appendix&i=stripbooks,2,https://www.army.mil/oaa,"US federal government work: not protected by copyright in the US (17 U.S.C. 105). Contractor- or grantee-written parts and third-party photos or text inside it can still be copyrighted, and the US may claim copyright in other countries, which matters when choosing sales territories."
2026-09-27,yes,Redesign of the Institutional Army Phase 1 Final Report Volume II Appendix A-R May 1998,,pdf,Army Department,federal,,army.mil,https://api.army.mil/e2/c/downloads/2024/08/12/788240a6/redesign-of-the-institutional-army-phase-1-final-report-volume-ii-appendix-a-r-may-1998.pdf,likely_public_domain,not checked,,,https://www.amazon.com/s?k=Redesign+of+the+Institutional+Army+Phase+1+Final+Report+Volume+II+Appendix&i=stripbooks,2,https://www.army.mil/oaa,"US federal government work: not protected by copyright in the US (17 U.S.C. 105). Contractor- or grantee-written parts and third-party photos or text inside it can still be copyrighted, and the US may claim copyright in other countries, which matters when choosing sales territories."
2026-09-27,yes,Redesign of the Institutional Army Phase I Final Report Volume 1 May 1998,,pdf,Army Department,federal,,army.mil,https://api.army.mil/e2/c/downloads/2024/08/12/51933699/redesign-of-the-institutional-army-phase-i-final-report-volume-1-may-1998.pdf,likely_public_domain,not checked,,,https://www.amazon.com/s?k=Redesign+of+the+Institutional+Army+Phase+I+Final+Report+Volume+1+May&i=stripbooks,2,https://www.army.mil/oaa,"US federal government work: not protected by copyright in the US (17 U.S.C. 105). Contractor- or grantee-written parts and third-party photos or text inside it can still be copyrighted, and the US may claim copyright in other countries, which matters when choosing sales territories."
2026-09-27,yes,Project VANGUARD Final Report; Volume II Part C,,pdf,Army Department,federal,,army.mil,https://api.army.mil/e2/c/downloads/2025/03/25/649847e4/project-vanguard-final-report-volume-ii-part-c.pdf,likely_public_domain,not checked,,,https://www.amazon.com/s?k=Project+VANGUARD+Final+Report&i=stripbooks,2,https://www.army.mil/oaa,"US federal government work: not protected by copyright in the US (17 U.S.C. 105). Contractor- or grantee-written parts and third-party photos or text inside it can still be copyrighted, and the US may claim copyright in other countries, which matters when choosing sales territories."
2026-09-27,yes,Project VANGUARD Final Report; Volume II Part B,,pdf,Army Department,federal,,army.mil,https://api.army.mil/e2/c/downloads/2025/03/25/ea513254/project-vanguard-final-report-volume-ii-part-b.pdf,likely_public_domain,not checked,,,https://www.amazon.com/s?k=Project+VANGUARD+Final+Report&i=stripbooks,2,https://www.army.mil/oaa,"US federal government work: not protected by copyright in the US (17 U.S.C. 105). Contractor- or grantee-written parts and third-party photos or text inside it can still be copyrighted, and the US may claim copyright in other countries, which matters when choosing sales territories."
2026-09-27,yes,Project VANGUARD Final Report; Volume II Part A,,pdf,Army Department,federal,,army.mil,https://api.army.mil/e2/c/downloads/2025/03/25/4c406ec7/project-vanguard-final-report-volume-ii-part-a.pdf,likely_public_domain,not checked,,,https://www.amazon.com/s?k=Project+VANGUARD+Final+Report&i=stripbooks,2,https://www.army.mil/oaa,"US federal government work: not protected by copyright in the US (17 U.S.C. 105). Contractor- or grantee-written parts and third-party photos or text inside it can still be copyrighted, and the US may claim copyright in other countries, which matters when choosing sales territories."
2026-09-27,yes,ROBUST Study 1988 Volume IV Final Report (2),,pdf,Army Department,federal,,army.mil,https://api.army.mil/e2/c/downloads/2024/08/02/220e6019/robust-study-1988-volume-iv-final-report-2.pdf,likely_public_domain,not checked,,,https://www.amazon.com/s?k=ROBUST+Study+1988+Volume+IV+Final+Report+%282%29&i=stripbooks,2,https://www.army.mil/oaa,"US federal government work: not protected by copyright in the US (17 U.S.C. 105). Contractor- or grantee-written parts and third-party photos or text inside it can still be copyrighted, and the US may claim copyright in other countries, which matters when choosing sales territories."
2026-09-27,yes,ROBUST Study 1988 Volume III Final Report,,pdf,Army Department,federal,,army.mil,https://api.army.mil/e2/c/downloads/2024/08/02/f1491a96/robust-study-1988-volume-iii-final-report.pdf,likely_public_domain,not checked,,,https://www.amazon.com/s?k=ROBUST+Study+1988+Volume+III+Final+Report&i=stripbooks,2,https://www.army.mil/oaa,"US federal government work: not protected by copyright in the US (17 U.S.C. 105). Contractor- or grantee-written parts and third-party photos or text inside it can still be copyrighted, and the US may claim copyright in other countries, which matters when choosing sales territories."
2026-09-27,yes,ROBUST Study 1988 Volume II Final Report,,pdf,Army Department,federal,,army.mil,https://api.army.mil/e2/c/downloads/2025/03/24/86feb87d/robust-study-1988-volume-ii-final-report-1.pdf,likely_public_domain,not checked,,,https://www.amazon.com/s?k=ROBUST+Study+1988+Volume+II+Final+Report&i=stripbooks,2,https://www.army.mil/oaa,"US federal government work: not protected by copyright in the US (17 U.S.C. 105). Contractor- or grantee-written parts and third-party photos or text inside it can still be copyrighted, and the US may claim copyright in other countries, which matters when choosing sales territories."
2026-09-27,yes,ROBUST Study 1988 Volume I Final Report,,pdf,Army Department,federal,,army.mil,https://api.army.mil/e2/c/downloads/2024/08/02/bb15e224/robust-study-1988-volume-i-final-report.pdf,likely_public_domain,not checked,,,https://www.amazon.com/s?k=ROBUST+Study+1988+Volume+I+Final+Report&i=stripbooks,2,https://www.army.mil/oaa,"US federal government work: not protected by copyright in the US (17 U.S.C. 105). Contractor- or grantee-written parts and third-party photos or text inside it can still be copyrighted, and the US may claim copyright in other countries, which matters when choosing sales territories."
2026-09-27,yes,DOD Staffing of Management HQs Report fpcd-83-29,,pdf,Army Department,federal,,army.mil,https://api.army.mil/e2/c/downloads/2024/07/31/496fbce2/dod-staffing-of-management-hqs-report-fpcd-83-29.pdf,likely_public_domain,not checked,,,https://www.amazon.com/s?k=DOD+Staffing+of+Management+HQs+Report+fpcd-83-29&i=stripbooks,2,https://www.army.mil/oaa,"US federal government work: not protected by copyright in the US (17 U.S.C. 105). Contractor- or grantee-written parts and third-party photos or text inside it can still be copyrighted, and the US may claim copyright in other countries, which matters when choosing sales territories."
2026-09-27,yes,Parker Board Vol. II (Full Report),,pdf,Army Department,federal,,army.mil,https://api.army.mil/e2/c/downloads/2024/08/02/5f03b104/parker-board-vol-ii-full-report.pdf,likely_public_domain,not checked,,,https://www.amazon.com/s?k=Parker+Board+Vol.+II+%28Full+Report%29&i=stripbooks,2,https://www.army.mil/oaa,"US federal government work: not protected by copyright in the US (17 U.S.C. 105). Contractor- or grantee-written parts and third-party photos or text inside it can still be copyrighted, and the US may claim copyright in other countries, which matters when choosing sales territories."
2026-09-27,yes,Project 39a Report 15 October 1962,,pdf,Army Department,federal,,army.mil,https://api.army.mil/e2/c/downloads/2024/07/31/8a9ddd9d/project-39a-report-15-october-1962.pdf,likely_public_domain,not checked,,,https://www.amazon.com/s?k=Project+39a+Report+15+October+1962&i=stripbooks,2,https://www.army.mil/oaa,"US federal government work: not protected by copyright in the US (17 U.S.C. 105). Contractor- or grantee-written parts and third-party photos or text inside it can still be copyrighted, and the US may claim copyright in other countries, which matters when choosing sales territories."
2026-09-27,yes,"Presentation, comments by (former) Secretary of the Army, Mr. Elvis J. Stahr, about the Project 39a Report",,pdf,Army Department,federal,,army.mil,https://api.army.mil/e2/c/downloads/2024/07/31/b1b0cfc1/presentation-comments-by-former-secretary-of-the-army-mr-elvis-j-stahr-about-the-project-39a-report.pdf,likely_public_domain,not checked,,,https://www.amazon.com/s?k=Presentation%2C+comments+by+%28former%29+Secretary+of+the+Army%2C+Mr.+Elvis+J.+Stahr%2C&i=stripbooks,2,https://www.army.mil/oaa,"US federal government work: not protected by copyright in the US (17 U.S.C. 105). Contractor- or grantee-written parts and third-party photos or text inside it can still be copyrighted, and the US may claim copyright in other countries, which matters when choosing sales territories."
2026-09-27,yes,LTG Traub Report 1961,,pdf,Army Department,federal,,army.mil,https://api.army.mil/e2/c/downloads/2024/08/12/abd17aa0/ltg-traub-report-1961.pdf,likely_public_domain,not checked,,,https://www.amazon.com/s?k=LTG+Traub+Report+1961&i=stripbooks,2,https://www.army.mil/oaa,"US federal government work: not protected by copyright in the US (17 U.S.C. 105). Contractor- or grantee-written parts and third-party photos or text inside it can still be copyrighted, and the US may claim copyright in other countries, which matters when choosing sales territories."
2026-09-27,yes,Report on the Reorganization of the Army 1961,,pdf,Army Department,federal,,army.mil,https://api.army.mil/e2/c/downloads/2024/07/31/fbf052ae/report-on-the-reorganization-of-the-army-1961.pdf,likely_public_domain,not checked,,,https://www.amazon.com/s?k=Report+on+the+Reorganization+of+the+Army+1961&i=stripbooks,2,https://www.army.mil/oaa,"US federal government work: not protected by copyright in the US (17 U.S.C. 105). Contractor- or grantee-written parts and third-party photos or text inside it can still be copyrighted, and the US may claim copyright in other countries, which matters when choosing sales territories."
2026-09-27,yes,"Organization of the Army, The Davies Report, December 1953",,pdf,Army Department,federal,,army.mil,https://api.army.mil/e2/c/downloads/2024/07/25/117d51c4/organization-of-the-army-the-davies-report-december-1953.pdf,likely_public_domain,not checked,,,https://www.amazon.com/s?k=Organization+of+the+Army%2C+The+Davies+Report%2C+December+1953&i=stripbooks,2,https://www.army.mil/oaa,"US federal government work: not protected by copyright in the US (17 U.S.C. 105). Contractor- or grantee-written parts and third-party photos or text inside it can still be copyrighted, and the US may claim copyright in other countries, which matters when choosing sales territories."
2026-09-27,yes,"AR 870-5 - Military History: Responsibilities, Policies, And Procedures",,pdf,Army Department,federal,,army.mil,https://armypubs.army.mil/epubs/DR_pubs/DR_a/ARN40228-AR_870-5-000-WEB-1.pdf,likely_public_domain,not checked,,,https://www.amazon.com/s?k=AR+870-5+-+Military+History&i=stripbooks,2,https://www.army.mil/oaa,"US federal government work: not protected by copyright in the US (17 U.S.C. 105). Contractor- or grantee-written parts and third-party photos or text inside it can still be copyrighted, and the US may claim copyright in other countries, which matters when choosing sales territories."
2026-09-27,yes,Quiet Service - A History of the Functions of the Administrative Assistant to the Secretary of the Army 1789 - 1988,,pdf,Army Department,federal,,army.mil,https://api.army.mil/e2/c/downloads/2023/10/31/74355aba/quiet-service-a-history-of-the-functions-of-the-administrative-assistant-to-the-secretary-of-the-army-1789-1988.pdf,likely_public_domain,not checked,,,https://www.amazon.com/s?k=Quiet+Service+-+A+History+of+the+Functions+of+the+Administrative+Assistant&i=stripbooks,2,https://www.army.mil/oaa,"US federal government work: not protected by copyright in the US (17 U.S.C. 105). Contractor- or grantee-written parts and third-party photos or text inside it can still be copyrighted, and the US may claim copyright in other countries, which matters when choosing sales territories."
2026-09-27,yes,History of the War Department's Chief Clerks - Administrative Assistants to the Secretary of the Army,,pdf,Army Department,federal,,army.mil,https://api.army.mil/e2/c/downloads/2023/10/10/16c09e4b/history-of-the-war-department-s-chief-clerks-administrative-assistants-to-the-secretary-of-the-army.pdf,likely_public_domain,not checked,,,https://www.amazon.com/s?k=History+of+the+War+Department%27s+Chief+Clerks+-+Administrative+Assistants+to+the&i=stripbooks,2,https://www.army.mil/oaa,"US federal government work: not protected by copyright in the US (17 U.S.C. 105). Contractor- or grantee-written parts and third-party photos or text inside it can still be copyrighted, and the US may claim copyright in other countries, which matters when choosing sales territories."
2026-09-27,yes,A Brief History - The Office of the Administrative Assistant to the Secretary of the Army,,pdf,Army Department,federal,,army.mil,https://api.army.mil/e2/c/downloads/2024/03/29/a4442e1c/a-brief-history-the-office-of-the-administrative-assistant-to-the-secretary-of-the-army.pdf,likely_public_domain,not checked,,,https://www.amazon.com/s?k=A+Brief+History+-+The+Office+of+the+Administrative+Assistant+to+the&i=stripbooks,2,https://www.army.mil/oaa,"US federal government work: not protected by copyright in the US (17 U.S.C. 105). Contractor- or grantee-written parts and third-party photos or text inside it can still be copyrighted, and the US may claim copyright in other countries, which matters when choosing sales territories."
2026-09-27,yes,long-barracks-history,,pdf,Army Department,federal,,army.mil,https://api.army.mil/e2/c/downloads/2026/07/23/9ad54ab2/long-barracks-history.pdf,likely_public_domain,not checked,,,https://www.amazon.com/s?k=long-barracks-history&i=stripbooks,2,https://www.army.mil/micc/,"US federal government work: not protected by copyright in the US (17 U.S.C. 105). Contractor- or grantee-written parts and third-party photos or text inside it can still be copyrighted, and the US may claim copyright in other countries, which matters when choosing sales territories."
2026-09-27,yes,40th Infantry Division,,pdf,Army Department,federal,,army.mil,https://www.armyupress.army.mil/Portals/7/Hot-Spots/docs/Civil-Unrest/40th-ID-History-Rodney-King%20riot.pdf,likely_public_domain,not checked,,,https://www.amazon.com/s?k=40th+Infantry+Division&i=stripbooks,2,https://www.army.mil/koreanwar,"US federal government work: not protected by copyright in the US (17 U.S.C. 105). Contractor- or grantee-written parts and third-party photos or text inside it can still be copyrighted, and the US may claim copyright in other countries, which matters when choosing sales territories."
2026-09-27,yes,the-army-g-4-a-brief-history-2018-cmh-publication,,pdf,Army Department,federal,,army.mil,https://api.army.mil/e2/c/downloads/2026/07/28/4d0eb8a5/the-army-g-4-a-brief-history-2018-cmh-publication.pdf,likely_public_domain,not checked,,,https://www.amazon.com/s?k=the-army-g-4-a-brief-history-2018-cmh-publication&i=stripbooks,2,https://www.army.mil/g-4/,"US federal government work: not protected by copyright in the US (17 U.S.C. 105). Contractor- or grantee-written parts and third-party photos or text inside it can still be copyrighted, and the US may claim copyright in other countries, which matters when choosing sales territories."
2026-09-27,yes,Chapter 15 - Consolidated Military and Civilian Career Fields and Principal Coordination Points by Personnel Proponent,,pdf,Army Department,federal,,army.mil,https://api.army.mil/e2/c/downloads/2025/12/04/2fd39f36/chapter-15-poc-by-personnel-proponent.pdf,likely_public_domain,not checked,,,https://www.amazon.com/s?k=Chapter+15+-+Consolidated+Military+and+Civilian+Career+Fields+and+Principal+Coordination&i=stripbooks,2,https://www.army.mil/g-1,"US federal government work: not protected by copyright in the US (17 U.S.C. 105). Contractor- or grantee-written parts and third-party photos or text inside it can still be copyrighted, and the US may claim copyright in other countries, which matters when choosing sales territories."
2026-09-27,yes,"Chapter 1 - Introduction, Processes & Procedures for MOCS Revisions",,pdf,Army Department,federal,,army.mil,https://api.army.mil/e2/c/downloads/2025/12/04/f50b5603/chapter-1-introduction.pdf,likely_public_domain,not checked,,,https://www.amazon.com/s?k=Chapter+1+-+Introduction%2C+Processes+%26+Procedures+for+MOCS+Revisions&i=stripbooks,2,https://www.army.mil/g-1,"US federal government work: not protected by copyright in the US (17 U.S.C. 105). Contractor- or grantee-written parts and third-party photos or text inside it can still be copyrighted, and the US may claim copyright in other countries, which matters when choosing sales territories."
2026-09-27,yes,https://api.army.mil/e2/c/downloads/2024/04/03/1cf69906/field-artillery-da-pam-600-3,,pdf,Army Department,federal,,army.mil,https://api.army.mil/e2/c/downloads/2026/07/23/e1c05864/da-pam-600-03-fa-cao-jul-2026.pdf,likely_public_domain,not checked,,,https://www.amazon.com/s?k=https%3A%2F%2Fapi.army.mil%2Fe2%2Fc%2Fdownloads%2F2024%2F04%2F03%2F1cf69906%2Ffield-artillery-da-pam-600-3&i=stripbooks,2,https://www.army.mil/g-1,"US federal government work: not protected by copyright in the US (17 U.S.C. 105). Contractor- or grantee-written parts and third-party photos or text inside it can still be copyrighted, and the US may claim copyright in other countries, which matters when choosing sales territories."
2026-09-27,yes,FY 25 MD715 AAP Report 1,,pdf,Army Department,federal,,army.mil,https://api.army.mil/e2/c/downloads/2026/08/31/eb19318d/fy-25-md715-aap-report-1.pdf,likely_public_domain,not checked,,,https://www.amazon.com/s?k=FY+25+MD715+AAP+Report+1&i=stripbooks,2,https://www.army.mil/armyeeo-meo,"US federal government work: not protected by copyright in the US (17 U.S.C. 105). Contractor- or grantee-written parts and third-party photos or text inside it can still be copyrighted, and the US may claim copyright in other countries, which matters when choosing sales territories."
2026-09-27,yes,FY23 MD715 AAP,,pdf,Army Department,federal,,army.mil,https://api.army.mil/e2/c/downloads/2025/02/14/5871d6a9/fy23-md715-aap-report.pdf,likely_public_domain,not checked,,,https://www.amazon.com/s?k=FY23+MD715+AAP&i=stripbooks,2,https://www.army.mil/armyeeo-meo,"US federal government work: not protected by copyright in the US (17 U.S.C. 105). Contractor- or grantee-written parts and third-party photos or text inside it can still be copyrighted, and the US may claim copyright in other countries, which matters when choosing sales territories."
2026-09-27,yes,23-693_Shower and Laundry Operations Handbook_October 23 (Public Release) (Web),,pdf,Army Department,federal,,army.mil,https://api.army.mil/e2/c/downloads/2023/10/10/48b71cfb/23-693-shower-and-laundry-operations-handbook-october-23-public-release-web.pdf,likely_public_domain,not checked,,,https://www.amazon.com/s?k=23-693_Shower+and+Laundry+Operations+Handbook_October+23+%28Public+Release%29+%28Web%29&i=stripbooks,2,https://www.army.mil/article/270674/shower_and_laundry_operations_handbook,"US federal government work: not protected by copyright in the US (17 U.S.C. 105). Contractor- or grantee-written parts and third-party photos or text inside it can still be copyrighted, and the US may claim copyright in other countries, which matters when choosing sales territories."
2026-09-27,yes,Army Technology Transfer Program 2023 Annual Report FINAL (compressed). Annual Report,,pdf,Army Department,federal,,army.mil,https://api.army.mil/e2/c/downloads/2024/04/23/6d9b72bb/army-technology-transfer-program-2023-annual-report-final-compressed.pdf,likely_public_domain,not checked,,,https://www.amazon.com/s?k=Army+Technology+Transfer+Program+2023+Annual+Report+FINAL+%28compressed%29.+Annual+Report&i=stripbooks,2,https://www.army.mil/asaalt,"US federal government work: not protected by copyright in the US (17 U.S.C. 105). Contractor- or grantee-written parts and third-party photos or text inside it can still be copyrighted, and the US may claim copyright in other countries, which matters when choosing sales territories."
2026-09-27,yes,2022 Army Technology Transfer Program (T2) Annual Report,,pdf,Army Department,federal,,army.mil,https://api.army.mil/e2/c/downloads/2023/07/11/0136f109/tab-a-army-technology-transfer-program-2022-annual-report-dist-a-final.pdf,likely_public_domain,not checked,,,https://www.amazon.com/s?k=2022+Army+Technology+Transfer+Program+%28T2%29+Annual+Report&i=stripbooks,2,https://www.army.mil/asaalt,"US federal government work: not protected by copyright in the US (17 U.S.C. 105). Contractor- or grantee-written parts and third-party photos or text inside it can still be copyrighted, and the US may claim copyright in other countries, which matters when choosing sales territories."
2026-09-27,yes,2021 Army Technology Transfer (T2) Annual Report,,pdf,Army Department,federal,,army.mil,https://api.army.mil/e2/c/downloads/2022/06/24/2201062c/army-technology-transfer-program-2021-annual-report.pdf,likely_public_domain,not checked,,,https://www.amazon.com/s?k=2021+Army+Technology+Transfer+%28T2%29+Annual+Report&i=stripbooks,2,https://www.army.mil/asaalt,"US federal government work: not protected by copyright in the US (17 U.S.C. 105). Contractor- or grantee-written parts and third-party photos or text inside it can still be copyrighted, and the US may claim copyright in other countries, which matters when choosing sales territories."
2026-09-27,yes,HQDA EXORD 103-26 Combat Field Test (CFT),,pdf,Army Department,federal,,army.mil,https://api.army.mil/e2/c/downloads/2026/04/27/e7ce4a19/hqda-exord-103-26-combat-field-test-cft.pdf,likely_public_domain,not checked,,,https://www.amazon.com/s?k=HQDA+EXORD+103-26+Combat+Field+Test+%28CFT%29&i=stripbooks,2,https://www.army.mil/retention,"US federal government work: not protected by copyright in the US (17 U.S.C. 105). Contractor- or grantee-written parts and third-party photos or text inside it can still be copyrighted, and the US may claim copyright in other countries, which matters when choosing sales territories."
2026-09-27,yes,unmanned aircraft systems april 2021,,pdf,Army Department,federal,,army.mil,https://api.army.mil/e2/c/downloads/2022/03/01/7d314ddc/unmanned-aircraft-systems-april-2021.pdf,likely_public_domain,not checked,,,https://www.amazon.com/s?k=unmanned+aircraft+systems+april+2021&i=stripbooks,1,https://www.army.mil/usasac/,"US federal government work: not protected by copyright in the US (17 U.S.C. 105). Contractor- or grantee-written parts and third-party photos or text inside it can still be copyrighted, and the US may claim copyright in other countries, which matters when choosing sales territories."
2026-09-27,yes,nvd and thermal dev pd,,pdf,Army Department,federal,,army.mil,https://api.army.mil/e2/c/downloads/2022/03/01/4f7b210a/nvd-and-thermal-dev-pd.pdf,likely_public_domain,not checked,,,https://www.amazon.com/s?k=nvd+and+thermal+dev+pd&i=stripbooks,1,https://www.army.mil/usasac/,"US federal government work: not protected by copyright in the US (17 U.S.C. 105). Contractor- or grantee-written parts and third-party photos or text inside it can still be copyrighted, and the US may claim copyright in other countries, which matters when choosing sales territories."
2026-09-27,yes,army security assistance training doc 11 aug 25,,pdf,Army Department,federal,,army.mil,https://api.army.mil/e2/c/downloads/2025/09/22/b77a3a8c/army-security-assistance-training-doc-11-aug-25.pdf,likely_public_domain,not checked,,,https://www.amazon.com/s?k=army+security+assistance+training+doc+11+aug+25&i=stripbooks,1,https://www.army.mil/usasac/,"US federal government work: not protected by copyright in the US (17 U.S.C. 105). Contractor- or grantee-written parts and third-party photos or text inside it can still be copyrighted, and the US may claim copyright in other countries, which matters when choosing sales territories."
2026-09-27,yes,m113 family of vehicles,,pdf,Army Department,federal,,army.mil,https://api.army.mil/e2/c/downloads/2022/03/01/1c3a6181/m113-family-of-vehicles.pdf,likely_public_domain,not checked,,,https://www.amazon.com/s?k=m113+family+of+vehicles&i=stripbooks,1,https://www.army.mil/usasac/,"US federal government work: not protected by copyright in the US (17 U.S.C. 105). Contractor- or grantee-written parts and third-party photos or text inside it can still be copyrighted, and the US may claim copyright in other countries, which matters when choosing sales territories."
2026-09-27,yes,fire control automation pd,,pdf,Army Department,federal,,army.mil,https://api.army.mil/e2/c/downloads/2022/03/01/123aeb7a/fire-control-automation-pd.pdf,likely_public_domain,not checked,,,https://www.amazon.com/s?k=fire+control+automation+pd&i=stripbooks,1,https://www.army.mil/usasac/,"US federal government work: not protected by copyright in the US (17 U.S.C. 105). Contractor- or grantee-written parts and third-party photos or text inside it can still be copyrighted, and the US may claim copyright in other countries, which matters when choosing sales territories."
2026-09-27,yes,family of towed howitzers,,pdf,Army Department,federal,,army.mil,https://api.army.mil/e2/c/downloads/2022/03/01/57e1a613/family-of-towed-howitzers.pdf,likely_public_domain,not checked,,,https://www.amazon.com/s?k=family+of+towed+howitzers&i=stripbooks,1,https://www.army.mil/usasac/,"US federal government work: not protected by copyright in the US (17 U.S.C. 105). Contractor- or grantee-written parts and third-party photos or text inside it can still be copyrighted, and the US may claim copyright in other countries, which matters when choosing sales territories."
2026-09-27,yes,aviation and missile tpa pd,,pdf,Army Department,federal,,army.mil,https://api.army.mil/e2/c/downloads/2022/03/01/79cce65f/aviation-and-missile-tpa-pd.pdf,likely_public_domain,not checked,,,https://www.amazon.com/s?k=aviation+and+missile+tpa+pd&i=stripbooks,1,https://www.army.mil/usasac/,"US federal government work: not protected by copyright in the US (17 U.S.C. 105). Contractor- or grantee-written parts and third-party photos or text inside it can still be copyrighted, and the US may claim copyright in other countries, which matters when choosing sales territories."
2026-09-27,yes,aviation capability requirements worksheet,,pdf,Army Department,federal,,army.mil,https://api.army.mil/e2/c/downloads/2022/03/01/b47b86c1/aviation-capability-requirements-worksheet.pdf,likely_public_domain,not checked,,,https://www.amazon.com/s?k=aviation+capability+requirements+worksheet&i=stripbooks,1,https://www.army.mil/usasac/,"US federal government work: not protected by copyright in the US (17 U.S.C. 105). Contractor- or grantee-written parts and third-party photos or text inside it can still be copyrighted, and the US may claim copyright in other countries, which matters when choosing sales territories."
2026-09-27,yes,aircraft survivability equipment pd,,pdf,Army Department,federal,,army.mil,https://api.army.mil/e2/c/downloads/2022/03/01/adb3186f/aircraft-survivability-equipment-pd.pdf,likely_public_domain,not checked,,,https://www.amazon.com/s?k=aircraft+survivability+equipment+pd&i=stripbooks,1,https://www.army.mil/usasac/,"US federal government work: not protected by copyright in the US (17 U.S.C. 105). Contractor- or grantee-written parts and third-party photos or text inside it can still be copyrighted, and the US may claim copyright in other countries, which matters when choosing sales territories."
2026-09-27,yes,advanced medium mobile power sources,,pdf,Army Department,federal,,army.mil,https://api.army.mil/e2/c/downloads/2022/03/01/e53be0a4/advanced-medium-mobile-power-sources.pdf,likely_public_domain,not checked,,,https://www.amazon.com/s?k=advanced+medium+mobile+power+sources&i=stripbooks,1,https://www.army.mil/usasac/,"US federal government work: not protected by copyright in the US (17 U.S.C. 105). Contractor- or grantee-written parts and third-party photos or text inside it can still be copyrighted, and the US may claim copyright in other countries, which matters when choosing sales territories."
2026-09-27,yes,Copy of USASAC FY 2024 EEO Training Tracker-JUN 2024,,pdf,Army Department,federal,,army.mil,https://api.army.mil/e2/c/downloads/2024/06/14/62c4357b/copy-of-usasac-fy-2024-eeo-training-tracker-jun-2024.pdf,likely_public_domain,not checked,,,https://www.amazon.com/s?k=Copy+of+USASAC+FY+2024+EEO+Training+Tracker-JUN+2024&i=stripbooks,1,https://www.army.mil/usasac/,"US federal government work: not protected by copyright in the US (17 U.S.C. 105). Contractor- or grantee-written parts and third-party photos or text inside it can still be copyrighted, and the US may claim copyright in other countries, which matters when choosing sales territories."
2026-09-27,yes,USASAC DVAAP Action Plan - 2024,,pdf,Army Department,federal,,army.mil,https://api.army.mil/e2/c/downloads/2024/06/14/17ee0d25/usasac-dvaap-action-plan-2024.pdf,likely_public_domain,not checked,,,https://www.amazon.com/s?k=USASAC+DVAAP+Action+Plan+-+2024&i=stripbooks,1,https://www.army.mil/usasac/,"US federal government work: not protected by copyright in the US (17 U.S.C. 105). Contractor- or grantee-written parts and third-party photos or text inside it can still be copyrighted, and the US may claim copyright in other countries, which matters when choosing sales territories."
2026-09-27,yes,DA Reasonable Accommodation and Personal Assistance Services Procedures,,pdf,Army Department,federal,,army.mil,https://api.army.mil/e2/c/downloads/2023/09/15/1fa9ba52/army-reasonable-accommodations-and-personal-assistance-services.pdf,likely_public_domain,not checked,,,https://www.amazon.com/s?k=DA+Reasonable+Accommodation+and+Personal+Assistance+Services+Procedures&i=stripbooks,1,https://www.army.mil/usasac/,"US federal government work: not protected by copyright in the US (17 U.S.C. 105). Contractor- or grantee-written parts and third-party photos or text inside it can still be copyrighted, and the US may claim copyright in other countries, which matters when choosing sales territories."
2026-09-27,yes,"Army Regulation 600-20,",,pdf,Army Department,federal,,army.mil,https://armypubs.army.mil/epubs/DR_pubs/DR_a/ARN31651-AR_600-20-003-WEB-4.pdf,likely_public_domain,not checked,,,https://www.amazon.com/s?k=Army+Regulation+600-20%2C&i=stripbooks,1,https://www.army.mil/rhcpacific,"US federal government work: not protected by copyright in the US (17 U.S.C. 105). Contractor- or grantee-written parts and third-party photos or text inside it can still be copyrighted, and the US may claim copyright in other countries, which matters when choosing sales territories."
2026-09-27,yes,"Army Regulation 1-201,",,pdf,Army Department,federal,,army.mil,https://armypubs.army.mil/epubs/DR_pubs/DR_a/pdf/web/r1_201.pdf,likely_public_domain,not checked,,,https://www.amazon.com/s?k=Army+Regulation+1-201%2C&i=stripbooks,1,https://www.army.mil/rhcpacific,"US federal government work: not protected by copyright in the US (17 U.S.C. 105). Contractor- or grantee-written parts and third-party photos or text inside it can still be copyrighted, and the US may claim copyright in other countries, which matters when choosing sales territories."
2026-09-27,yes,FAQ Management Directive 715,,pdf,Army Department,federal,,army.mil,https://api.army.mil/e2/c/downloads/2024/08/28/2dd7a154/faq-md-715.pdf,likely_public_domain,not checked,,,https://www.amazon.com/s?k=FAQ+Management+Directive+715&i=stripbooks,1,https://www.army.mil/rhcpacific,"US federal government work: not protected by copyright in the US (17 U.S.C. 105). Contractor- or grantee-written parts and third-party photos or text inside it can still be copyrighted, and the US may claim copyright in other countries, which matters when choosing sales territories."
2026-09-27,yes,EEO Commission Management Directive 715,,pdf,Army Department,federal,,army.mil,https://api.army.mil/e2/c/downloads/2024/08/28/8fe62465/eeoc-md-715.pdf,likely_public_domain,not checked,,,https://www.amazon.com/s?k=EEO+Commission+Management+Directive+715&i=stripbooks,1,https://www.army.mil/rhcpacific,"US federal government work: not protected by copyright in the US (17 U.S.C. 105). Contractor- or grantee-written parts and third-party photos or text inside it can still be copyrighted, and the US may claim copyright in other countries, which matters when choosing sales territories."
2026-09-27,yes,WRP Federal Employer 2024 Fact Sheet,,pdf,Army Department,federal,,army.mil,https://api.army.mil/e2/c/downloads/2024/08/28/ffee13f9/wrp-federal-employer-2024-fact-sheet.pdf,likely_public_domain,not checked,,,https://www.amazon.com/s?k=WRP+Federal+Employer+2024+Fact+Sheet&i=stripbooks,1,https://www.army.mil/rhcpacific,"US federal government work: not protected by copyright in the US (17 U.S.C. 105). Contractor- or grantee-written parts and third-party photos or text inside it can still be copyrighted, and the US may claim copyright in other countries, which matters when choosing sales territories."
2026-09-27,yes,Personal Assistance Services (PAS),,pdf,Army Department,federal,,army.mil,https://api.army.mil/e2/c/downloads/2024/08/28/02cb567e/personal-assistance-services-pas.pdf,likely_public_domain,not checked,,,https://www.amazon.com/s?k=Personal+Assistance+Services+%28PAS%29&i=stripbooks,1,https://www.army.mil/rhcpacific,"US federal government work: not protected by copyright in the US (17 U.S.C. 105). Contractor- or grantee-written parts and third-party photos or text inside it can still be copyrighted, and the US may claim copyright in other countries, which matters when choosing sales territories."
2026-09-27,yes,Army Reasonable Accommodations and Personal Assistance Services,,pdf,Army Department,federal,,army.mil,https://api.army.mil/e2/c/downloads/2024/08/28/0a9f7fef/army-reasonable-accommodations-and-personal-assistance-services.pdf,likely_public_domain,not checked,,,https://www.amazon.com/s?k=Army+Reasonable+Accommodations+and+Personal+Assistance+Services&i=stripbooks,1,https://www.army.mil/rhcpacific,"US federal government work: not protected by copyright in the US (17 U.S.C. 105). Contractor- or grantee-written parts and third-party photos or text inside it can still be copyrighted, and the US may claim copyright in other countries, which matters when choosing sales territories."
2026-09-27,yes,TSG Army Medicine Transformation Initiative (AMTI) Message. Message,,pdf,Army Department,federal,,army.mil,https://api.army.mil/e2/c/downloads/2026/02/26/656f1871/tsg-army-medicine-transformation-initiative-amti-message.pdf,likely_public_domain,not checked,,,https://www.amazon.com/s?k=TSG+Army+Medicine+Transformation+Initiative+%28AMTI%29+Message.+Message&i=stripbooks,1,https://www.army.mil/armymedicine,"US federal government work: not protected by copyright in the US (17 U.S.C. 105). Contractor- or grantee-written parts and third-party photos or text inside it can still be copyrighted, and the US may claim copyright in other countries, which matters when choosing sales territories."
2026-09-27,yes,Army Medicine Decision Advantage Strategy Final MAR 25,,pdf,Army Department,federal,,army.mil,https://api.army.mil/e2/c/downloads/2026/02/26/b6c04afe/army-medicine-decision-advantage-strategy-final-mar-25.pdf,likely_public_domain,not checked,,,https://www.amazon.com/s?k=Army+Medicine+Decision+Advantage+Strategy+Final+MAR+25&i=stripbooks,1,https://www.army.mil/armymedicine,"US federal government work: not protected by copyright in the US (17 U.S.C. 105). Contractor- or grantee-written parts and third-party photos or text inside it can still be copyrighted, and the US may claim copyright in other countries, which matters when choosing sales territories."
2026-09-27,yes,★ ★ ★ TSG Sends - August 2025 ★ ★ ★,,pdf,Army Department,federal,,army.mil,https://api.army.mil/e2/c/downloads/2026/02/26/4352657b/tsg-sends-august-2025.pdf,likely_public_domain,not checked,,,https://www.amazon.com/s?k=%E2%98%85+%E2%98%85+%E2%98%85+TSG+Sends+-+August+2025+%E2%98%85+%E2%98%85+%E2%98%85&i=stripbooks,1,https://www.army.mil/armymedicine,"US federal government work: not protected by copyright in the US (17 U.S.C. 105). Contractor- or grantee-written parts and third-party photos or text inside it can still be copyrighted, and the US may claim copyright in other countries, which matters when choosing sales territories."
2026-09-27,yes,Senior Army Leaders message October 2025,,pdf,Army Department,federal,,army.mil,https://api.army.mil/e2/c/downloads/2026/02/26/cf8b7099/senior-army-leaders-message-october-2025.pdf,likely_public_domain,not checked,,,https://www.amazon.com/s?k=Senior+Army+Leaders+message+October+2025&i=stripbooks,1,https://www.army.mil/armymedicine,"US federal government work: not protected by copyright in the US (17 U.S.C. 105). Contractor- or grantee-written parts and third-party photos or text inside it can still be copyrighted, and the US may claim copyright in other countries, which matters when choosing sales territories."
2026-09-27,yes,2025-thanksgiving-message,,pdf,Army Department,federal,,army.mil,https://api.army.mil/e2/c/downloads/2026/02/26/6e63caed/2025-thanksgiving-message.pdf,likely_public_domain,not checked,,,https://www.amazon.com/s?k=2025-thanksgiving-message&i=stripbooks,1,https://www.army.mil/armymedicine,"US federal government work: not protected by copyright in the US (17 U.S.C. 105). Contractor- or grantee-written parts and third-party photos or text inside it can still be copyrighted, and the US may claim copyright in other countries, which matters when choosing sales territories."
2026-09-27,yes,2025 Holiday Message,,pdf,Army Department,federal,,army.mil,https://api.army.mil/e2/c/downloads/2026/02/26/2236f10a/2025-holiday-message.pdf,likely_public_domain,not checked,,,https://www.amazon.com/s?k=2025+Holiday+Message&i=stripbooks,1,https://www.army.mil/armymedicine,"US federal government work: not protected by copyright in the US (17 U.S.C. 105). Contractor- or grantee-written parts and third-party photos or text inside it can still be copyrighted, and the US may claim copyright in other countries, which matters when choosing sales territories."
2026-09-27,yes,2026 Army Medicine Strategic Plan,,pdf,Army Department,federal,,army.mil,https://api.army.mil/e2/c/downloads/2026/02/26/be068cec/2026-army-medicine-strategic-plan.pdf,likely_public_domain,not checked,,,https://www.amazon.com/s?k=2026+Army+Medicine+Strategic+Plan&i=stripbooks,1,https://www.army.mil/armymedicine,"US federal government work: not protected by copyright in the US (17 U.S.C. 105). Contractor- or grantee-written parts and third-party photos or text inside it can still be copyrighted, and the US may claim copyright in other countries, which matters when choosing sales territories."
2026-09-27,yes,ARMOR: Mounted Maneuver Journal,,pdf,Army Department,federal,,army.mil,https://www.benning.army.mil/armor/earmor/content/issues/2025/fall/Fall25%20eARMOR.pdf,likely_public_domain,not checked,,,https://www.amazon.com/s?k=ARMOR&i=stripbooks,1,https://www.army.mil/armymedicine,"US federal government work: not protected by copyright in the US (17 U.S.C. 105). Contractor- or grantee-written parts and third-party photos or text inside it can still be copyrighted, and the US may claim copyright in other countries, which matters when choosing sales territories."
2026-09-27,yes,"Army Regulation 25-22, The Army Privacy Program",,pdf,Army Department,federal,,army.mil,https://armypubs.army.mil/epubs/DR_pubs/DR_a/pdf/web/ARN13587_R25_22_FINAL.pdf,likely_public_domain,not checked,,,https://www.amazon.com/s?k=Army+Regulation+25-22%2C+The+Army+Privacy+Program&i=stripbooks,1,https://www.army.mil/armymedicine,"US federal government work: not protected by copyright in the US (17 U.S.C. 105). Contractor- or grantee-written parts and third-party photos or text inside it can still be copyrighted, and the US may claim copyright in other countries, which matters when choosing sales territories."
2026-09-27,yes,"Army Regulation 25-55, The Department of the Army Freedom of Information Act Program",,pdf,Army Department,federal,,army.mil,https://armypubs.army.mil/epubs/DR_pubs/DR_a/pdf/web/r25_55.pdf,likely_public_domain,not checked,,,https://www.amazon.com/s?k=Army+Regulation+25-55%2C+The+Department+of+the+Army+Freedom+of+Information+Act&i=stripbooks,1,https://www.army.mil/armymedicine,"US federal government work: not protected by copyright in the US (17 U.S.C. 105). Contractor- or grantee-written parts and third-party photos or text inside it can still be copyrighted, and the US may claim copyright in other countries, which matters when choosing sales territories."
2026-09-27,yes,MEDCOM Open Door Policy 24_010,,pdf,Army Department,federal,,army.mil,https://api.army.mil/e2/c/downloads/2025/05/12/58de766d/medcom-open-door-policy-24-010.pdf,likely_public_domain,not checked,,,https://www.amazon.com/s?k=MEDCOM+Open+Door+Policy+24_010&i=stripbooks,1,https://www.army.mil/armymedicine,"US federal government work: not protected by copyright in the US (17 U.S.C. 105). Contractor- or grantee-written parts and third-party photos or text inside it can still be copyrighted, and the US may claim copyright in other countries, which matters when choosing sales territories."
2026-09-27,yes,MEDCOM MEO Policy 24_007,,pdf,Army Department,federal,,army.mil,https://api.army.mil/e2/c/downloads/2025/05/12/b9f2ea8e/medcom-meo-policy-24-007.pdf,likely_public_domain,not checked,,,https://www.amazon.com/s?k=MEDCOM+MEO+Policy+24_007&i=stripbooks,1,https://www.army.mil/armymedicine,"US federal government work: not protected by copyright in the US (17 U.S.C. 105). Contractor- or grantee-written parts and third-party photos or text inside it can still be copyrighted, and the US may claim copyright in other countries, which matters when choosing sales territories."
2026-09-27,yes,MEDCOM MEO Policy 24_013,,pdf,Army Department,federal,,army.mil,https://api.army.mil/e2/c/downloads/2025/05/12/bc0180de/medcom-meo-policy-24-013.pdf,likely_public_domain,not checked,,,https://www.amazon.com/s?k=MEDCOM+MEO+Policy+24_013&i=stripbooks,1,https://www.army.mil/armymedicine,"US federal government work: not protected by copyright in the US (17 U.S.C. 105). Contractor- or grantee-written parts and third-party photos or text inside it can still be copyrighted, and the US may claim copyright in other countries, which matters when choosing sales territories."
2026-09-27,yes,Joint Force MEO Complaint Process,,pdf,Army Department,federal,,army.mil,https://api.army.mil/e2/c/downloads/2024/05/23/a2a0cb0b/joint-force-meo-complaint-process.pdf,likely_public_domain,not checked,,,https://www.amazon.com/s?k=Joint+Force+MEO+Complaint+Process&i=stripbooks,1,https://www.army.mil/armymedicine,"US federal government work: not protected by copyright in the US (17 U.S.C. 105). Contractor- or grantee-written parts and third-party photos or text inside it can still be copyrighted, and the US may claim copyright in other countries, which matters when choosing sales territories."
2026-09-27,yes,OTSG MEDCOM Family Readiness Resources 2025,,pdf,Army Department,federal,,army.mil,https://api.army.mil/e2/c/downloads/2025/01/21/14ee5a00/otsg-medcom-family-readiness-resources-2025.pdf,likely_public_domain,not checked,,,https://www.amazon.com/s?k=OTSG+MEDCOM+Family+Readiness+Resources+2025&i=stripbooks,1,https://www.army.mil/armymedicine,"US federal government work: not protected by copyright in the US (17 U.S.C. 105). Contractor- or grantee-written parts and third-party photos or text inside it can still be copyrighted, and the US may claim copyright in other countries, which matters when choosing sales territories."
2026-09-27,yes,AFAP Active Issues (March 2026),,pdf,Army Department,federal,,army.mil,https://api.army.mil/e2/c/downloads/2026/04/08/d1e3b91e/afap-active-issues-march-2026.pdf,likely_public_domain,not checked,,,https://www.amazon.com/s?k=AFAP+Active+Issues+%28March+2026%29&i=stripbooks,1,https://www.army.mil/armymedicine,"US federal government work: not protected by copyright in the US (17 U.S.C. 105). Contractor- or grantee-written parts and third-party photos or text inside it can still be copyrighted, and the US may claim copyright in other countries, which matters when choosing sales territories."
2026-09-27,yes,AFAP Informational Briefing Slides (March 2026),,pdf,Army Department,federal,,army.mil,https://api.army.mil/e2/c/downloads/2026/04/08/0fde8992/afap-informational-briefing-slides-march-2026.pdf,likely_public_domain,not checked,,,https://www.amazon.com/s?k=AFAP+Informational+Briefing+Slides+%28March+2026%29&i=stripbooks,1,https://www.army.mil/armymedicine,"US federal government work: not protected by copyright in the US (17 U.S.C. 105). Contractor- or grantee-written parts and third-party photos or text inside it can still be copyrighted, and the US may claim copyright in other countries, which matters when choosing sales territories."
2026-09-27,yes,HQDA EXORD 233-19 Implementation of the Soldier and Family Readiness Group,,pdf,Army Department,federal,,army.mil,https://api.army.mil/e2/c/downloads/2024/07/22/8a43e356/hqda-exord-233-19-implementation-of-the-soldier-and-family-readiness-group.pdf,likely_public_domain,not checked,,,https://www.amazon.com/s?k=HQDA+EXORD+233-19+Implementation+of+the+Soldier+and+Family+Readiness+Group&i=stripbooks,1,https://www.army.mil/armymedicine,"US federal government work: not protected by copyright in the US (17 U.S.C. 105). Contractor- or grantee-written parts and third-party photos or text inside it can still be copyrighted, and the US may claim copyright in other countries, which matters when choosing sales territories."
2026-09-27,yes,AR 1-10 Fundraising Within the Department of the Army,,pdf,Army Department,federal,,army.mil,https://api.army.mil/e2/c/downloads/2024/07/22/16731309/ar-1-10-fundraising-within-the-department-of-the-army.pdf,likely_public_domain,not checked,,,https://www.amazon.com/s?k=AR+1-10+Fundraising+Within+the+Department+of+the+Army&i=stripbooks,1,https://www.army.mil/armymedicine,"US federal government work: not protected by copyright in the US (17 U.S.C. 105). Contractor- or grantee-written parts and third-party photos or text inside it can still be copyrighted, and the US may claim copyright in other countries, which matters when choosing sales territories."
2026-09-27,yes,Click here for the NSSC Overview Booklet,,pdf,Army Department,federal,,army.mil,https://homeadmin.army.mil/natick/application/files/8316/4667/2473/NSSC_Booklet_DigitalCopy_Final.pdf,likely_public_domain,not checked,,,https://www.amazon.com/s?k=Click+here+for+the+NSSC+Overview+Booklet&i=stripbooks,1,https://www.army.mil/natick/,"US federal government work: not protected by copyright in the US (17 U.S.C. 105). Contractor- or grantee-written parts and third-party photos or text inside it can still be copyrighted, and the US may claim copyright in other countries, which matters when choosing sales territories."
2026-09-27,yes,HQDA EXORD 097-25 (FRAGO 1) ISO The MWD Partner and Wellness Program. ISO The MWD Partner and Wellness Program,,pdf,Army Department,federal,,army.mil,https://api.army.mil/e2/c/downloads/2026/07/10/96a7c940/hqda-exord-097-25-frago-1-iso-the-mwd-partner-and-wellness-program.pdf,likely_public_domain,not checked,,,https://www.amazon.com/s?k=HQDA+EXORD+097-25+%28FRAGO+1%29+ISO+The+MWD+Partner+and+Wellness+Program.&i=stripbooks,1,https://www.army.mil/opmg,"US federal government work: not protected by copyright in the US (17 U.S.C. 105). Contractor- or grantee-written parts and third-party photos or text inside it can still be copyrighted, and the US may claim copyright in other countries, which matters when choosing sales territories."
2026-09-27,yes,HQDA Executive Order 097-25,,pdf,Army Department,federal,,army.mil,https://api.army.mil/e2/c/downloads/2026/04/03/76939395/hqda-exord-097-25-mwd-partner-wellness-program.pdf,likely_public_domain,not checked,,,https://www.amazon.com/s?k=HQDA+Executive+Order+097-25&i=stripbooks,1,https://www.army.mil/opmg,"US federal government work: not protected by copyright in the US (17 U.S.C. 105). Contractor- or grantee-written parts and third-party photos or text inside it can still be copyrighted, and the US may claim copyright in other countries, which matters when choosing sales territories."
2026-09-27,yes,Air Force Instruction 31-126,,pdf,Army Department,federal,,army.mil,https://api.army.mil/e2/c/downloads/2026/04/03/9055a396/dafi-31-126-published-24apr2025.pdf,likely_public_domain,not checked,,,https://www.amazon.com/s?k=Air+Force+Instruction+31-126&i=stripbooks,1,https://www.army.mil/opmg,"US federal government work: not protected by copyright in the US (17 U.S.C. 105). Contractor- or grantee-written parts and third-party photos or text inside it can still be copyrighted, and the US may claim copyright in other countries, which matters when choosing sales territories."
2026-09-27,yes,Army Directive 2025-16,,pdf,Army Department,federal,,army.mil,https://api.army.mil/e2/c/downloads/2026/04/03/904a50f5/army-directive-2025-16-k9h2f.pdf,likely_public_domain,not checked,,,https://www.amazon.com/s?k=Army+Directive+2025-16&i=stripbooks,1,https://www.army.mil/opmg,"US federal government work: not protected by copyright in the US (17 U.S.C. 105). Contractor- or grantee-written parts and third-party photos or text inside it can still be copyrighted, and the US may claim copyright in other countries, which matters when choosing sales territories."
2026-09-27,yes,Army Regulation 190-12,,pdf,Army Department,federal,,army.mil,https://api.army.mil/e2/c/downloads/2026/04/03/8e039c1a/ar190-12-admin-final.pdf,likely_public_domain,not checked,,,https://www.amazon.com/s?k=Army+Regulation+190-12&i=stripbooks,1,https://www.army.mil/opmg,"US federal government work: not protected by copyright in the US (17 U.S.C. 105). Contractor- or grantee-written parts and third-party photos or text inside it can still be copyrighted, and the US may claim copyright in other countries, which matters when choosing sales territories."
2026-09-27,yes,MWD Enrichment Profile,,pdf,Army Department,federal,,army.mil,https://api.army.mil/e2/c/downloads/2026/07/24/e9f5ef88/mwd-enrichment-profile.pdf,likely_public_domain,not checked,,,https://www.amazon.com/s?k=MWD+Enrichment+Profile&i=stripbooks,1,https://www.army.mil/opmg,"US federal government work: not protected by copyright in the US (17 U.S.C. 105). Contractor- or grantee-written parts and third-party photos or text inside it can still be copyrighted, and the US may claim copyright in other countries, which matters when choosing sales territories."
2026-09-27,yes,Daily MWD Health Check Log,,pdf,Army Department,federal,,army.mil,https://api.army.mil/e2/c/downloads/2026/07/24/5cb8bbfc/daily-mwd-health-check-log.pdf,likely_public_domain,not checked,,,https://www.amazon.com/s?k=Daily+MWD+Health+Check+Log&i=stripbooks,1,https://www.army.mil/opmg,"US federal government work: not protected by copyright in the US (17 U.S.C. 105). Contractor- or grantee-written parts and third-party photos or text inside it can still be copyrighted, and the US may claim copyright in other countries, which matters when choosing sales territories."
2026-09-27,yes,Comprehensive MWD Profile,,pdf,Army Department,federal,,army.mil,https://api.army.mil/e2/c/downloads/2026/07/24/b86c4868/comprehensive-mwd-profile.pdf,likely_public_domain,not checked,,,https://www.amazon.com/s?k=Comprehensive+MWD+Profile&i=stripbooks,1,https://www.army.mil/opmg,"US federal government work: not protected by copyright in the US (17 U.S.C. 105). Contractor- or grantee-written parts and third-party photos or text inside it can still be copyrighted, and the US may claim copyright in other countries, which matters when choosing sales territories."
2026-09-27,yes,K9H2F IEP Products,,pdf,Army Department,federal,,army.mil,https://api.army.mil/e2/c/downloads/2026/07/21/3198866d/k9h2f-iep-products.pdf,likely_public_domain,not checked,,,https://www.amazon.com/s?k=K9H2F+IEP+Products&i=stripbooks,1,https://www.army.mil/opmg,"US federal government work: not protected by copyright in the US (17 U.S.C. 105). Contractor- or grantee-written parts and third-party photos or text inside it can still be copyrighted, and the US may claim copyright in other countries, which matters when choosing sales territories."
2026-09-27,yes,The Guidelines for Standards of Care in Animal Shelters: Sanitation,,pdf,Army Department,federal,,army.mil,https://api.army.mil/e2/c/downloads/2026/06/22/c00adfdb/the-guidelines-for-standards-of-care-in-animal-shelters-sanitation-chapter.pdf,likely_public_domain,not checked,,,https://www.amazon.com/s?k=The+Guidelines+for+Standards+of+Care+in+Animal+Shelters&i=stripbooks,1,https://www.army.mil/opmg,"US federal government work: not protected by copyright in the US (17 U.S.C. 105). Contractor- or grantee-written parts and third-party photos or text inside it can still be copyrighted, and the US may claim copyright in other countries, which matters when choosing sales territories."
2026-09-27,yes,Selected MWD Enrichment Activities: Requirements Overview,,pdf,Army Department,federal,,army.mil,https://api.army.mil/e2/c/downloads/2026/06/22/1f476a2b/selected-mwd-enrichment-activities-requirements-overview.pdf,likely_public_domain,not checked,,,https://www.amazon.com/s?k=Selected+MWD+Enrichment+Activities&i=stripbooks,1,https://www.army.mil/opmg,"US federal government work: not protected by copyright in the US (17 U.S.C. 105). Contractor- or grantee-written parts and third-party photos or text inside it can still be copyrighted, and the US may claim copyright in other countries, which matters when choosing sales territories."
2026-09-27,yes,Physical Activity: On-Leash Activities,,pdf,Army Department,federal,,army.mil,https://api.army.mil/e2/c/downloads/2026/06/22/fa74c6f7/physical-activity-on-leash-activities.pdf,likely_public_domain,not checked,,,https://www.amazon.com/s?k=Physical+Activity&i=stripbooks,1,https://www.army.mil/opmg,"US federal government work: not protected by copyright in the US (17 U.S.C. 105). Contractor- or grantee-written parts and third-party photos or text inside it can still be copyrighted, and the US may claim copyright in other countries, which matters when choosing sales territories."
2026-09-27,yes,MWD Profile and Log,,pdf,Army Department,federal,,army.mil,https://api.army.mil/e2/c/downloads/2026/06/22/d6173c7a/mwd-profile-and-log.pdf,likely_public_domain,not checked,,,https://www.amazon.com/s?k=MWD+Profile+and+Log&i=stripbooks,1,https://www.army.mil/opmg,"US federal government work: not protected by copyright in the US (17 U.S.C. 105). Contractor- or grantee-written parts and third-party photos or text inside it can still be copyrighted, and the US may claim copyright in other countries, which matters when choosing sales territories."
2026-09-27,yes,MWD Enrichment Options,,pdf,Army Department,federal,,army.mil,https://api.army.mil/e2/c/downloads/2026/06/22/4b267816/mwd-enrichment-options-handout.pdf,likely_public_domain,not checked,,,https://www.amazon.com/s?k=MWD+Enrichment+Options&i=stripbooks,1,https://www.army.mil/opmg,"US federal government work: not protected by copyright in the US (17 U.S.C. 105). Contractor- or grantee-written parts and third-party photos or text inside it can still be copyrighted, and the US may claim copyright in other countries, which matters when choosing sales territories."
2026-09-27,yes,MWD Enrichment Activity: Sensory Stimulation,,pdf,Army Department,federal,,army.mil,https://api.army.mil/e2/c/downloads/2026/06/22/0bed346e/mwd-enrichment-activity-handout-sensory-stimulation.pdf,likely_public_domain,not checked,,,https://www.amazon.com/s?k=MWD+Enrichment+Activity&i=stripbooks,1,https://www.army.mil/opmg,"US federal government work: not protected by copyright in the US (17 U.S.C. 105). Contractor- or grantee-written parts and third-party photos or text inside it can still be copyrighted, and the US may claim copyright in other countries, which matters when choosing sales territories."
2026-09-27,yes,MWD Enrichment Activity: Learning New Behaviors,,pdf,Army Department,federal,,army.mil,https://api.army.mil/e2/c/downloads/2026/06/22/1f0c0eaa/mwd-enrichment-activity-handout-learning-new-behaviors.pdf,likely_public_domain,not checked,,,https://www.amazon.com/s?k=MWD+Enrichment+Activity&i=stripbooks,1,https://www.army.mil/opmg,"US federal government work: not protected by copyright in the US (17 U.S.C. 105). Contractor- or grantee-written parts and third-party photos or text inside it can still be copyrighted, and the US may claim copyright in other countries, which matters when choosing sales territories."
2026-09-27,yes,MWD Enrichment Activity Handout - Foraging Activities,,pdf,Army Department,federal,,army.mil,https://api.army.mil/e2/c/downloads/2026/06/22/2201fd16/mwd-enrichment-activity-handout-foraging-activities.pdf,likely_public_domain,not checked,,,https://www.amazon.com/s?k=MWD+Enrichment+Activity+Handout+-+Foraging+Activities&i=stripbooks,1,https://www.army.mil/opmg,"US federal government work: not protected by copyright in the US (17 U.S.C. 105). Contractor- or grantee-written parts and third-party photos or text inside it can still be copyrighted, and the US may claim copyright in other countries, which matters when choosing sales territories."
2026-09-27,yes,MWD Care Requirements: Cooperative Care,,pdf,Army Department,federal,,army.mil,https://api.army.mil/e2/c/downloads/2026/06/22/e39b687b/mwd-cooperative-care-handout.pdf,likely_public_domain,not checked,,,https://www.amazon.com/s?k=MWD+Care+Requirements&i=stripbooks,1,https://www.army.mil/opmg,"US federal government work: not protected by copyright in the US (17 U.S.C. 105). Contractor- or grantee-written parts and third-party photos or text inside it can still be copyrighted, and the US may claim copyright in other countries, which matters when choosing sales territories."
2026-09-27,yes,MWD Care Requirements: Sanitation,,pdf,Army Department,federal,,army.mil,https://api.army.mil/e2/c/downloads/2026/06/22/15cae9bd/mwd-care-requirements-sanitation.pdf,likely_public_domain,not checked,,,https://www.amazon.com/s?k=MWD+Care+Requirements&i=stripbooks,1,https://www.army.mil/opmg,"US federal government work: not protected by copyright in the US (17 U.S.C. 105). Contractor- or grantee-written parts and third-party photos or text inside it can still be copyrighted, and the US may claim copyright in other countries, which matters when choosing sales territories."
2026-09-27,yes,Conditioning: Physical Fitness Training,,pdf,Army Department,federal,,army.mil,https://api.army.mil/e2/c/downloads/2026/06/22/6804628d/conditioning-physical-fitness-training.pdf,likely_public_domain,not checked,,,https://www.amazon.com/s?k=Conditioning&i=stripbooks,1,https://www.army.mil/opmg,"US federal government work: not protected by copyright in the US (17 U.S.C. 105). Contractor- or grantee-written parts and third-party photos or text inside it can still be copyrighted, and the US may claim copyright in other countries, which matters when choosing sales territories."
2026-09-27,yes,Conditioning: Treadmill Trotting for Fun,,pdf,Army Department,federal,,army.mil,https://api.army.mil/e2/c/downloads/2026/06/22/3af3972b/conditioning-treadmill-trotting-for-fun.pdf,likely_public_domain,not checked,,,https://www.amazon.com/s?k=Conditioning&i=stripbooks,1,https://www.army.mil/opmg,"US federal government work: not protected by copyright in the US (17 U.S.C. 105). Contractor- or grantee-written parts and third-party photos or text inside it can still be copyrighted, and the US may claim copyright in other countries, which matters when choosing sales territories."
2026-09-27,yes,Conditioning: Safer Retrieves,,pdf,Army Department,federal,,army.mil,https://api.army.mil/e2/c/downloads/2026/06/22/68cd751b/conditioning-safer-retrieves.pdf,likely_public_domain,not checked,,,https://www.amazon.com/s?k=Conditioning&i=stripbooks,1,https://www.army.mil/opmg,"US federal government work: not protected by copyright in the US (17 U.S.C. 105). Contractor- or grantee-written parts and third-party photos or text inside it can still be copyrighted, and the US may claim copyright in other countries, which matters when choosing sales territories."
2026-09-27,yes,US Army_Socialization_Trifold,,pdf,Army Department,federal,,army.mil,https://api.army.mil/e2/c/downloads/2026/06/22/3376fc74/us-army-socialization-trifold.pdf,likely_public_domain,not checked,,,https://www.amazon.com/s?k=US+Army_Socialization_Trifold&i=stripbooks,1,https://www.army.mil/opmg,"US federal government work: not protected by copyright in the US (17 U.S.C. 105). Contractor- or grantee-written parts and third-party photos or text inside it can still be copyrighted, and the US may claim copyright in other countries, which matters when choosing sales territories."
2026-09-27,yes,US Army_Socialization_Fact Sheet,,pdf,Army Department,federal,,army.mil,https://api.army.mil/e2/c/downloads/2026/06/22/43307526/us-army-socialization-fact-sheet.pdf,likely_public_domain,not checked,,,https://www.amazon.com/s?k=US+Army_Socialization_Fact+Sheet&i=stripbooks,1,https://www.army.mil/opmg,"US federal government work: not protected by copyright in the US (17 U.S.C. 105). Contractor- or grantee-written parts and third-party photos or text inside it can still be copyrighted, and the US may claim copyright in other countries, which matters when choosing sales territories."
2026-09-27,yes,US Army_Physical Conditioning_Trifold,,pdf,Army Department,federal,,army.mil,https://api.army.mil/e2/c/downloads/2026/06/22/213a44dd/us-army-physical-conditioning-trifold.pdf,likely_public_domain,not checked,,,https://www.amazon.com/s?k=US+Army_Physical+Conditioning_Trifold&i=stripbooks,1,https://www.army.mil/opmg,"US federal government work: not protected by copyright in the US (17 U.S.C. 105). Contractor- or grantee-written parts and third-party photos or text inside it can still be copyrighted, and the US may claim copyright in other countries, which matters when choosing sales territories."
2026-09-27,yes,US Army_Physical Conditioning_Fact Sheet,,pdf,Army Department,federal,,army.mil,https://api.army.mil/e2/c/downloads/2026/06/22/1fc44aa7/us-army-physical-conditioning-fact-sheet.pdf,likely_public_domain,not checked,,,https://www.amazon.com/s?k=US+Army_Physical+Conditioning_Fact+Sheet&i=stripbooks,1,https://www.army.mil/opmg,"US federal government work: not protected by copyright in the US (17 U.S.C. 105). Contractor- or grantee-written parts and third-party photos or text inside it can still be copyrighted, and the US may claim copyright in other countries, which matters when choosing sales territories."
2026-09-27,yes,US Army_Enrichment_Trifold,,pdf,Army Department,federal,,army.mil,https://api.army.mil/e2/c/downloads/2026/06/22/1177610f/us-army-enrichment-trifold.pdf,likely_public_domain,not checked,,,https://www.amazon.com/s?k=US+Army_Enrichment_Trifold&i=stripbooks,1,https://www.army.mil/opmg,"US federal government work: not protected by copyright in the US (17 U.S.C. 105). Contractor- or grantee-written parts and third-party photos or text inside it can still be copyrighted, and the US may claim copyright in other countries, which matters when choosing sales territories."
2026-09-27,yes,US Army_Enrichment_Fact Sheet,,pdf,Army Department,federal,,army.mil,https://api.army.mil/e2/c/downloads/2026/06/22/6c0eb61d/us-army-enrichment-fact-sheet.pdf,likely_public_domain,not checked,,,https://www.amazon.com/s?k=US+Army_Enrichment_Fact+Sheet&i=stripbooks,1,https://www.army.mil/opmg,"US federal government work: not protected by copyright in the US (17 U.S.C. 105). Contractor- or grantee-written parts and third-party photos or text inside it can still be copyrighted, and the US may claim copyright in other countries, which matters when choosing sales territories."
2026-09-27,yes,US Army_Co-op Care_Trifold,,pdf,Army Department,federal,,army.mil,https://api.army.mil/e2/c/downloads/2026/06/22/8bcd1d1a/us-army-co-op-care-trifold.pdf,likely_public_domain,not checked,,,https://www.amazon.com/s?k=US+Army_Co-op+Care_Trifold&i=stripbooks,1,https://www.army.mil/opmg,"US federal government work: not protected by copyright in the US (17 U.S.C. 105). Contractor- or grantee-written parts and third-party photos or text inside it can still be copyrighted, and the US may claim copyright in other countries, which matters when choosing sales territories."
2026-09-27,yes,U.S. Army Co-op Care_fact sheet Co-op Care_fact sheet,,pdf,Army Department,federal,,army.mil,https://api.army.mil/e2/c/downloads/2026/06/22/a62a9d27/us-army-co-op-care-fact-sheet.pdf,likely_public_domain,not checked,,,https://www.amazon.com/s?k=U.S.+Army+Co-op+Care_fact+sheet+Co-op+Care_fact+sheet&i=stripbooks,1,https://www.army.mil/opmg,"US federal government work: not protected by copyright in the US (17 U.S.C. 105). Contractor- or grantee-written parts and third-party photos or text inside it can still be copyrighted, and the US may claim copyright in other countries, which matters when choosing sales territories."
2026-09-27,yes,Pentagon Slick Sheet for CENTCOM TOCK and PAC (002),,pdf,Army Department,federal,,army.mil,https://api.army.mil/e2/c/downloads/2025/06/09/9f3d37ff/pentagon-slick-sheet-for-centcom-tock-and-pac-002.pdf,likely_public_domain,not checked,,,https://www.amazon.com/s?k=Pentagon+Slick+Sheet+for+CENTCOM+TOCK+and+PAC+%28002%29&i=stripbooks,1,https://www.army.mil/opmg,"US federal government work: not protected by copyright in the US (17 U.S.C. 105). Contractor- or grantee-written parts and third-party photos or text inside it can still be copyrighted, and the US may claim copyright in other countries, which matters when choosing sales territories."
2026-09-27,yes,DFBA_Tri-Fold,,pdf,Army Department,federal,,army.mil,https://api.army.mil/e2/c/downloads/2025/04/23/856c1b09/dfba-tri-fold.pdf,likely_public_domain,not checked,,,https://www.amazon.com/s?k=DFBA_Tri-Fold&i=stripbooks,1,https://www.army.mil/opmg,"US federal government work: not protected by copyright in the US (17 U.S.C. 105). Contractor- or grantee-written parts and third-party photos or text inside it can still be copyrighted, and the US may claim copyright in other countries, which matters when choosing sales territories."
2026-09-27,yes,DFBA_SOP_CCMD_Requests,,pdf,Army Department,federal,,army.mil,https://api.army.mil/e2/c/downloads/2025/04/23/0c7a8aba/dfba-sop-ccmd-requests.pdf,likely_public_domain,not checked,,,https://www.amazon.com/s?k=DFBA_SOP_CCMD_Requests&i=stripbooks,1,https://www.army.mil/opmg,"US federal government work: not protected by copyright in the US (17 U.S.C. 105). Contractor- or grantee-written parts and third-party photos or text inside it can still be copyrighted, and the US may claim copyright in other countries, which matters when choosing sales territories."
2026-09-27,yes,2008 DoD Biometrics Enterprise Strategic Plan,,pdf,Army Department,federal,,army.mil,https://api.army.mil/e2/c/downloads/2025/04/23/45525488/2008-dod-biometrics-enterprise-strategic-plan.pdf,likely_public_domain,not checked,,,https://www.amazon.com/s?k=2008+DoD+Biometrics+Enterprise+Strategic+Plan&i=stripbooks,1,https://www.army.mil/opmg,"US federal government work: not protected by copyright in the US (17 U.S.C. 105). Contractor- or grantee-written parts and third-party photos or text inside it can still be copyrighted, and the US may claim copyright in other countries, which matters when choosing sales territories."
2026-09-27,yes,DoDD_8521.01E_DoD_Biometrics,,pdf,Army Department,federal,,army.mil,https://api.army.mil/e2/c/downloads/2025/04/23/7b690050/dodd-8521-01e-dod-biometrics.pdf,likely_public_domain,not checked,,,https://www.amazon.com/s?k=DoDD_8521.01E_DoD_Biometrics&i=stripbooks,1,https://www.army.mil/opmg,"US federal government work: not protected by copyright in the US (17 U.S.C. 105). Contractor- or grantee-written parts and third-party photos or text inside it can still be copyrighted, and the US may claim copyright in other countries, which matters when choosing sales territories."
2026-09-27,yes,DoDD_5205.15E_DoD_Forensics,,pdf,Army Department,federal,,army.mil,https://api.army.mil/e2/c/downloads/2025/04/23/8f38aeee/dodd-5205-15e-dod-forensics.pdf,likely_public_domain,not checked,,,https://www.amazon.com/s?k=DoDD_5205.15E_DoD_Forensics&i=stripbooks,1,https://www.army.mil/opmg,"US federal government work: not protected by copyright in the US (17 U.S.C. 105). Contractor- or grantee-written parts and third-party photos or text inside it can still be copyrighted, and the US may claim copyright in other countries, which matters when choosing sales territories."
2026-09-27,yes,IDD_v6_amd1_AppA_19Apr17,,pdf,Army Department,federal,,army.mil,https://api.army.mil/e2/c/downloads/2025/04/23/a41c922a/idd-v6-amd1-appa-19apr17.pdf,likely_public_domain,not checked,,,https://www.amazon.com/s?k=IDD_v6_amd1_AppA_19Apr17&i=stripbooks,1,https://www.army.mil/opmg,"US federal government work: not protected by copyright in the US (17 U.S.C. 105). Contractor- or grantee-written parts and third-party photos or text inside it can still be copyrighted, and the US may claim copyright in other countries, which matters when choosing sales territories."
2026-09-27,yes,IDD_v6_amd1_26May17,,pdf,Army Department,federal,,army.mil,https://api.army.mil/e2/c/downloads/2025/04/23/2a6f8e90/idd-v6-amd1-26may17.pdf,likely_public_domain,not checked,,,https://www.amazon.com/s?k=IDD_v6_amd1_26May17&i=stripbooks,1,https://www.army.mil/opmg,"US federal government work: not protected by copyright in the US (17 U.S.C. 105). Contractor- or grantee-written parts and third-party photos or text inside it can still be copyrighted, and the US may claim copyright in other countries, which matters when choosing sales territories."
2026-09-27,yes,EBTS_v4_amd1_10Aug17,,pdf,Army Department,federal,,army.mil,https://api.army.mil/e2/c/downloads/2025/04/23/612ea2cf/ebts-v4-amd1-10aug17.pdf,likely_public_domain,not checked,,,https://www.amazon.com/s?k=EBTS_v4_amd1_10Aug17&i=stripbooks,1,https://www.army.mil/opmg,"US federal government work: not protected by copyright in the US (17 U.S.C. 105). Contractor- or grantee-written parts and third-party photos or text inside it can still be copyrighted, and the US may claim copyright in other countries, which matters when choosing sales territories."
2026-09-27,yes,DRAFT-EBTS_v4_Amd_1_26_MAY,,pdf,Army Department,federal,,army.mil,https://api.army.mil/e2/c/downloads/2025/04/23/87f295a4/draft-dod-ebtsv4.pdf,likely_public_domain,not checked,,,https://www.amazon.com/s?k=DRAFT-EBTS_v4_Amd_1_26_MAY&i=stripbooks,1,https://www.army.mil/opmg,"US federal government work: not protected by copyright in the US (17 U.S.C. 105). Contractor- or grantee-written parts and third-party photos or text inside it can still be copyrighted, and the US may claim copyright in other countries, which matters when choosing sales territories."
2026-09-27,yes,DoDEBTS_v4_1_ImplementationGuidance_Final,,pdf,Army Department,federal,,army.mil,https://api.army.mil/e2/c/downloads/2025/04/23/c0be5d4d/dodebts-v4-1-implementationguidance-final.pdf,likely_public_domain,not checked,,,https://www.amazon.com/s?k=DoDEBTS_v4_1_ImplementationGuidance_Final&i=stripbooks,1,https://www.army.mil/opmg,"US federal government work: not protected by copyright in the US (17 U.S.C. 105). Contractor- or grantee-written parts and third-party photos or text inside it can still be copyrighted, and the US may claim copyright in other countries, which matters when choosing sales territories."
2026-09-27,yes,DoD EBTS v4.1 IDD,,pdf,Army Department,federal,,army.mil,https://api.army.mil/e2/c/downloads/2025/04/23/adc671fa/dod-ebts-v4-1-idd.pdf,likely_public_domain,not checked,,,https://www.amazon.com/s?k=DoD+EBTS+v4.1+IDD&i=stripbooks,1,https://www.army.mil/opmg,"US federal government work: not protected by copyright in the US (17 U.S.C. 105). Contractor- or grantee-written parts and third-party photos or text inside it can still be copyrighted, and the US may claim copyright in other countries, which matters when choosing sales territories."
2026-09-27,yes,DoD EBTS v4.1 IDD Appendix A,,pdf,Army Department,federal,,army.mil,https://api.army.mil/e2/c/downloads/2025/04/23/584d2000/dod-ebts-v4-1-idd-appendix-a.pdf,likely_public_domain,not checked,,,https://www.amazon.com/s?k=DoD+EBTS+v4.1+IDD+Appendix+A&i=stripbooks,1,https://www.army.mil/opmg,"US federal government work: not protected by copyright in the US (17 U.S.C. 105). Contractor- or grantee-written parts and third-party photos or text inside it can still be copyrighted, and the US may claim copyright in other countries, which matters when choosing sales territories."
2026-09-27,yes,Home & Family Security tips,,pdf,Army Department,federal,,army.mil,https://api.army.mil/e2/c/downloads/2024/08/08/f2d8f876/home-and-family-security-tips-brochure-2024-webq.pdf,likely_public_domain,not checked,,,https://www.amazon.com/s?k=Home+%26+Family+Security+tips&i=stripbooks,1,https://www.army.mil/opmg,"US federal government work: not protected by copyright in the US (17 U.S.C. 105). Contractor- or grantee-written parts and third-party photos or text inside it can still be copyrighted, and the US may claim copyright in other countries, which matters when choosing sales territories."
2026-09-27,yes,Individual_Protective_Measures 6 panel_2024_2_ind panels,,pdf,Army Department,federal,,army.mil,https://api.army.mil/e2/c/downloads/2024/09/13/4d637059/individual-protective-measures-6-panel-2024-2-ind-panels.pdf,likely_public_domain,not checked,,,https://www.amazon.com/s?k=Individual_Protective_Measures+6+panel_2024_2_ind+panels&i=stripbooks,1,https://www.army.mil/opmg,"US federal government work: not protected by copyright in the US (17 U.S.C. 105). Contractor- or grantee-written parts and third-party photos or text inside it can still be copyrighted, and the US may claim copyright in other countries, which matters when choosing sales territories."
2026-09-27,yes,Operational Security guidance for family members,,pdf,Army Department,federal,,army.mil,https://api.army.mil/e2/c/downloads/2024/08/07/56a4d0e9/opsec-guidance-for-family-members.pdf,likely_public_domain,not checked,,,https://www.amazon.com/s?k=Operational+Security+guidance+for+family+members&i=stripbooks,1,https://www.army.mil/opmg,"US federal government work: not protected by copyright in the US (17 U.S.C. 105). Contractor- or grantee-written parts and third-party photos or text inside it can still be copyrighted, and the US may claim copyright in other countries, which matters when choosing sales territories."
2026-09-27,yes,Suspicious Activity Reporting Suspicious Activity Reporting card,,pdf,Army Department,federal,,army.mil,https://api.army.mil/e2/c/downloads/2024/11/19/ac446229/at-sars-card-2024.pdf,likely_public_domain,not checked,,,https://www.amazon.com/s?k=Suspicious+Activity+Reporting+Suspicious+Activity+Reporting+card&i=stripbooks,1,https://www.army.mil/opmg,"US federal government work: not protected by copyright in the US (17 U.S.C. 105). Contractor- or grantee-written parts and third-party photos or text inside it can still be copyrighted, and the US may claim copyright in other countries, which matters when choosing sales territories."
2026-09-27,yes,iWatch_Army_I_Watch_My_School_Poster_24x36_2024_webQ,,pdf,Army Department,federal,,army.mil,https://api.army.mil/e2/c/downloads/2024/08/23/eb417335/iwatch-army-i-watch-my-school-poster-24x36-2024-webq.pdf,likely_public_domain,not checked,,,https://www.amazon.com/s?k=iWatch_Army_I_Watch_My_School_Poster_24x36_2024_webQ&i=stripbooks,1,https://www.army.mil/opmg,"US federal government work: not protected by copyright in the US (17 U.S.C. 105). Contractor- or grantee-written parts and third-party photos or text inside it can still be copyrighted, and the US may claim copyright in other countries, which matters when choosing sales territories."
2026-09-27,yes,iWatch_Army_Brochure_DS_Cruz_Generic_2019_Pages_WebQ,,pdf,Army Department,federal,,army.mil,https://api.army.mil/e2/c/downloads/2024/08/07/aedc9d84/iwatch-army-brochure-ds-cruz-generic-2019-pages-webq.pdf,likely_public_domain,not checked,,,https://www.amazon.com/s?k=iWatch_Army_Brochure_DS_Cruz_Generic_2019_Pages_WebQ&i=stripbooks,1,https://www.army.mil/opmg,"US federal government work: not protected by copyright in the US (17 U.S.C. 105). Contractor- or grantee-written parts and third-party photos or text inside it can still be copyrighted, and the US may claim copyright in other countries, which matters when choosing sales territories."
2026-09-27,yes,Office of the Chief of Engineers_Final (DS),,pdf,Army Department,federal,,army.mil,https://api.army.mil/e2/c/downloads/2025/04/03/669fec2e/office-of-the-chief-of-engineers-final-ds.pdf,likely_public_domain,not checked,,,https://www.amazon.com/s?k=Office+of+the+Chief+of+Engineers_Final+%28DS%29&i=stripbooks,1,https://www.army.mil/OCE,"US federal government work: not protected by copyright in the US (17 U.S.C. 105). Contractor- or grantee-written parts and third-party photos or text inside it can still be copyrighted, and the US may claim copyright in other countries, which matters when choosing sales territories."
2026-09-27,yes,Chief of Engineers Newspaper articles,,pdf,Army Department,federal,,army.mil,https://api.army.mil/e2/c/downloads/2025/04/03/073877f4/chief-of-engineers-newspaper-articles.pdf,likely_public_domain,not checked,,,https://www.amazon.com/s?k=Chief+of+Engineers+Newspaper+articles&i=stripbooks,1,https://www.army.mil/OCE,"US federal government work: not protected by copyright in the US (17 U.S.C. 105). Contractor- or grantee-written parts and third-party photos or text inside it can still be copyrighted, and the US may claim copyright in other countries, which matters when choosing sales territories."
2026-09-27,yes,Richard Gridley Forgotten Soldier Bunker Hill,,pdf,Army Department,federal,,army.mil,https://api.army.mil/e2/c/downloads/2025/04/03/58f8053c/richard-gridley-forgotten-soldier-bunker-hill.pdf,likely_public_domain,not checked,,,https://www.amazon.com/s?k=Richard+Gridley+Forgotten+Soldier+Bunker+Hill&i=stripbooks,1,https://www.army.mil/OCE,"US federal government work: not protected by copyright in the US (17 U.S.C. 105). Contractor- or grantee-written parts and third-party photos or text inside it can still be copyrighted, and the US may claim copyright in other countries, which matters when choosing sales territories."
2026-09-27,yes,Engineer Blast - Issue 120 - Q2 FY 23,,pdf,Army Department,federal,,army.mil,https://api.army.mil/e2/c/downloads/2024/06/12/07ab7b88/engineer-blast-issue-120-q2-fy-23.pdf,likely_public_domain,not checked,,,https://www.amazon.com/s?k=Engineer+Blast+-+Issue+120+-+Q2+FY+23&i=stripbooks,1,https://www.army.mil/OCE,"US federal government work: not protected by copyright in the US (17 U.S.C. 105). Contractor- or grantee-written parts and third-party photos or text inside it can still be copyrighted, and the US may claim copyright in other countries, which matters when choosing sales territories."
2026-09-27,yes,Engineer Blast - Issue 119 - Q1 FY23,,pdf,Army Department,federal,,army.mil,https://api.army.mil/e2/c/downloads/2022/12/02/5e8556b9/engineer-blast-issue-119-q1-fy23.pdf,likely_public_domain,not checked,,,https://www.amazon.com/s?k=Engineer+Blast+-+Issue+119+-+Q1+FY23&i=stripbooks,1,https://www.army.mil/OCE,"US federal government work: not protected by copyright in the US (17 U.S.C. 105). Contractor- or grantee-written parts and third-party photos or text inside it can still be copyrighted, and the US may claim copyright in other countries, which matters when choosing sales territories."
2026-09-27,yes,AR_690-600 Equal Employment Opportunity Discrimination Complaints,,pdf,Army Department,federal,,army.mil,https://api.army.mil/e2/c/downloads/2025/02/21/4ec4d801/ar-690-600-equal-employment-opportunity-discrimination-complaints.pdf,likely_public_domain,not checked,,,https://www.amazon.com/s?k=AR_690-600+Equal+Employment+Opportunity+Discrimination+Complaints&i=stripbooks,1,https://www.army.mil/oaa,"US federal government work: not protected by copyright in the US (17 U.S.C. 105). Contractor- or grantee-written parts and third-party photos or text inside it can still be copyrighted, and the US may claim copyright in other countries, which matters when choosing sales territories."
2026-09-27,yes,AR_690-12 Civilian Personnel Equal Employment Opportunity Programs,,pdf,Army Department,federal,,army.mil,https://api.army.mil/e2/c/downloads/2025/02/21/551aeef9/ar-690-12-civilian-personnel-equal-employment-opportunity-programs.pdf,likely_public_domain,not checked,,,https://www.amazon.com/s?k=AR_690-12+Civilian+Personnel+Equal+Employment+Opportunity+Programs&i=stripbooks,1,https://www.army.mil/oaa,"US federal government work: not protected by copyright in the US (17 U.S.C. 105). Contractor- or grantee-written parts and third-party photos or text inside it can still be copyrighted, and the US may claim copyright in other countries, which matters when choosing sales territories."
2026-09-27,yes,1949 AASA Pt2,,pdf,Army Department,federal,,army.mil,https://api.army.mil/e2/c/downloads/2024/07/25/b4a3afb4/1949-aasa-pt2.pdf,likely_public_domain,not checked,,,https://www.amazon.com/s?k=1949+AASA+Pt2&i=stripbooks,1,https://www.army.mil/oaa,"US federal government work: not protected by copyright in the US (17 U.S.C. 105). Contractor- or grantee-written parts and third-party photos or text inside it can still be copyrighted, and the US may claim copyright in other countries, which matters when choosing sales territories."
2026-09-27,yes,1949 AASA Pt1,,pdf,Army Department,federal,,army.mil,https://api.army.mil/e2/c/downloads/2024/07/25/f4720bd4/1949-aasa-pt1.pdf,likely_public_domain,not checked,,,https://www.amazon.com/s?k=1949+AASA+Pt1&i=stripbooks,1,https://www.army.mil/oaa,"US federal government work: not protected by copyright in the US (17 U.S.C. 105). Contractor- or grantee-written parts and third-party photos or text inside it can still be copyrighted, and the US may claim copyright in other countries, which matters when choosing sales territories."
2026-09-27,yes,1948 AASA Pt2,,pdf,Army Department,federal,,army.mil,https://api.army.mil/e2/c/downloads/2024/07/25/10280e0f/1948-aasa-pt2.pdf,likely_public_domain,not checked,,,https://www.amazon.com/s?k=1948+AASA+Pt2&i=stripbooks,1,https://www.army.mil/oaa,"US federal government work: not protected by copyright in the US (17 U.S.C. 105). Contractor- or grantee-written parts and third-party photos or text inside it can still be copyrighted, and the US may claim copyright in other countries, which matters when choosing sales territories."
2026-09-27,yes,1948 AASA Pt1,,pdf,Army Department,federal,,army.mil,https://api.army.mil/e2/c/downloads/2024/07/25/0cfb22a2/1948-aasa-pt1.pdf,likely_public_domain,not checked,,,https://www.amazon.com/s?k=1948+AASA+Pt1&i=stripbooks,1,https://www.army.mil/oaa,"US federal government work: not protected by copyright in the US (17 U.S.C. 105). Contractor- or grantee-written parts and third-party photos or text inside it can still be copyrighted, and the US may claim copyright in other countries, which matters when choosing sales territories."
2026-09-27,yes,1947 AASW Pt2,,pdf,Army Department,federal,,army.mil,https://api.army.mil/e2/c/downloads/2024/07/25/ec9815e9/1947-aasw-pt2.pdf,likely_public_domain,not checked,,,https://www.amazon.com/s?k=1947+AASW+Pt2&i=stripbooks,1,https://www.army.mil/oaa,"US federal government work: not protected by copyright in the US (17 U.S.C. 105). Contractor- or grantee-written parts and third-party photos or text inside it can still be copyrighted, and the US may claim copyright in other countries, which matters when choosing sales territories."
2026-09-27,yes,1947 AASW Pt1,,pdf,Army Department,federal,,army.mil,https://api.army.mil/e2/c/downloads/2024/07/25/b9d10770/1947-aasw-pt1.pdf,likely_public_domain,not checked,,,https://www.amazon.com/s?k=1947+AASW+Pt1&i=stripbooks,1,https://www.army.mil/oaa,"US federal government work: not protected by copyright in the US (17 U.S.C. 105). Contractor- or grantee-written parts and third-party photos or text inside it can still be copyrighted, and the US may claim copyright in other countries, which matters when choosing sales territories."
2026-09-27,yes,1946 AASW OAA Established,,pdf,Army Department,federal,,army.mil,https://api.army.mil/e2/c/downloads/2024/07/25/d58b7004/1946-aasw-oaa-established.pdf,likely_public_domain,not checked,,,https://www.amazon.com/s?k=1946+AASW+OAA+Established&i=stripbooks,1,https://www.army.mil/oaa,"US federal government work: not protected by copyright in the US (17 U.S.C. 105). Contractor- or grantee-written parts and third-party photos or text inside it can still be copyrighted, and the US may claim copyright in other countries, which matters when choosing sales territories."
2026-09-27,yes,1905 CCWD Pt2,,pdf,Army Department,federal,,army.mil,https://api.army.mil/e2/c/downloads/2024/07/25/0914955d/1905-ccwd-pt2.pdf,likely_public_domain,not checked,,,https://www.amazon.com/s?k=1905+CCWD+Pt2&i=stripbooks,1,https://www.army.mil/oaa,"US federal government work: not protected by copyright in the US (17 U.S.C. 105). Contractor- or grantee-written parts and third-party photos or text inside it can still be copyrighted, and the US may claim copyright in other countries, which matters when choosing sales territories."
2026-09-27,yes,1905 CCWD Pt1,,pdf,Army Department,federal,,army.mil,https://api.army.mil/e2/c/downloads/2024/07/25/b8e53853/1905-ccwd-pt1.pdf,likely_public_domain,not checked,,,https://www.amazon.com/s?k=1905+CCWD+Pt1&i=stripbooks,1,https://www.army.mil/oaa,"US federal government work: not protected by copyright in the US (17 U.S.C. 105). Contractor- or grantee-written parts and third-party photos or text inside it can still be copyrighted, and the US may claim copyright in other countries, which matters when choosing sales territories."
2026-09-27,yes,1899 CCWD Pt2,,pdf,Army Department,federal,,army.mil,https://api.army.mil/e2/c/downloads/2024/07/25/e18c31ee/1899-ccwd-pt2.pdf,likely_public_domain,not checked,,,https://www.amazon.com/s?k=1899+CCWD+Pt2&i=stripbooks,1,https://www.army.mil/oaa,"US federal government work: not protected by copyright in the US (17 U.S.C. 105). Contractor- or grantee-written parts and third-party photos or text inside it can still be copyrighted, and the US may claim copyright in other countries, which matters when choosing sales territories."
2026-09-27,yes,1899 CCWD Pt1,,pdf,Army Department,federal,,army.mil,https://api.army.mil/e2/c/downloads/2024/07/25/a2745c5a/1899-ccwd-pt1.pdf,likely_public_domain,not checked,,,https://www.amazon.com/s?k=1899+CCWD+Pt1&i=stripbooks,1,https://www.army.mil/oaa,"US federal government work: not protected by copyright in the US (17 U.S.C. 105). Contractor- or grantee-written parts and third-party photos or text inside it can still be copyrighted, and the US may claim copyright in other countries, which matters when choosing sales territories."
2026-09-27,yes,1881 CCWD Pt2,,pdf,Army Department,federal,,army.mil,https://api.army.mil/e2/c/downloads/2024/07/25/81c056b8/1881-ccwd-pt2.pdf,likely_public_domain,not checked,,,https://www.amazon.com/s?k=1881+CCWD+Pt2&i=stripbooks,1,https://www.army.mil/oaa,"US federal government work: not protected by copyright in the US (17 U.S.C. 105). Contractor- or grantee-written parts and third-party photos or text inside it can still be copyrighted, and the US may claim copyright in other countries, which matters when choosing sales territories."
2026-09-27,yes,1881 CCWD Pt1,,pdf,Army Department,federal,,army.mil,https://api.army.mil/e2/c/downloads/2024/07/25/97cc8abc/1881-ccwd-pt1.pdf,likely_public_domain,not checked,,,https://www.amazon.com/s?k=1881+CCWD+Pt1&i=stripbooks,1,https://www.army.mil/oaa,"US federal government work: not protected by copyright in the US (17 U.S.C. 105). Contractor- or grantee-written parts and third-party photos or text inside it can still be copyrighted, and the US may claim copyright in other countries, which matters when choosing sales territories."
2026-09-27,yes,1877 CCWD Pt2,,pdf,Army Department,federal,,army.mil,https://api.army.mil/e2/c/downloads/2024/07/25/737d3cfd/1877-ccwd-pt2.pdf,likely_public_domain,not checked,,,https://www.amazon.com/s?k=1877+CCWD+Pt2&i=stripbooks,1,https://www.army.mil/oaa,"US federal government work: not protected by copyright in the US (17 U.S.C. 105). Contractor- or grantee-written parts and third-party photos or text inside it can still be copyrighted, and the US may claim copyright in other countries, which matters when choosing sales territories."
2026-09-27,yes,1877 CCWD Pt1,,pdf,Army Department,federal,,army.mil,https://api.army.mil/e2/c/downloads/2024/07/25/9b93c9c3/1877-ccwd-pt1.pdf,likely_public_domain,not checked,,,https://www.amazon.com/s?k=1877+CCWD+Pt1&i=stripbooks,1,https://www.army.mil/oaa,"US federal government work: not protected by copyright in the US (17 U.S.C. 105). Contractor- or grantee-written parts and third-party photos or text inside it can still be copyrighted, and the US may claim copyright in other countries, which matters when choosing sales territories."
2026-09-27,yes,1843 CCWD Pt2,,pdf,Army Department,federal,,army.mil,https://api.army.mil/e2/c/downloads/2024/07/25/aa310e44/1843-ccwd-pt2.pdf,likely_public_domain,not checked,,,https://www.amazon.com/s?k=1843+CCWD+Pt2&i=stripbooks,1,https://www.army.mil/oaa,"US federal government work: not protected by copyright in the US (17 U.S.C. 105). Contractor- or grantee-written parts and third-party photos or text inside it can still be copyrighted, and the US may claim copyright in other countries, which matters when choosing sales territories."
2026-09-27,yes,1843 CCWD Pt1,,pdf,Army Department,federal,,army.mil,https://api.army.mil/e2/c/downloads/2024/07/25/1ec23afa/1843-ccwd-pt1.pdf,likely_public_domain,not checked,,,https://www.amazon.com/s?k=1843+CCWD+Pt1&i=stripbooks,1,https://www.army.mil/oaa,"US federal government work: not protected by copyright in the US (17 U.S.C. 105). Contractor- or grantee-written parts and third-party photos or text inside it can still be copyrighted, and the US may claim copyright in other countries, which matters when choosing sales territories."
2026-09-27,yes,OAA Structure and Mission 1789-2025 Updated 20250327,,pdf,Army Department,federal,,army.mil,https://api.army.mil/e2/c/downloads/2025/03/27/f854b70c/oaa-structure-and-mission-1789-2025-updated-20250327.pdf,likely_public_domain,not checked,,,https://www.amazon.com/s?k=OAA+Structure+and+Mission+1789-2025+Updated+20250327&i=stripbooks,1,https://www.army.mil/oaa,"US federal government work: not protected by copyright in the US (17 U.S.C. 105). Contractor- or grantee-written parts and third-party photos or text inside it can still be copyrighted, and the US may claim copyright in other countries, which matters when choosing sales territories."
2026-09-27,yes,OAA Strategic Plan 2007-2011,,pdf,Army Department,federal,,army.mil,https://api.army.mil/e2/c/downloads/2025/06/27/194f5b14/oaa-strategic-plan-2007-2011.pdf,likely_public_domain,not checked,,,https://www.amazon.com/s?k=OAA+Strategic+Plan+2007-2011&i=stripbooks,1,https://www.army.mil/oaa,"US federal government work: not protected by copyright in the US (17 U.S.C. 105). Contractor- or grantee-written parts and third-party photos or text inside it can still be copyrighted, and the US may claim copyright in other countries, which matters when choosing sales territories."
2026-09-27,yes,OAA Strategic Goals and Objectives 2007-2010,,pdf,Army Department,federal,,army.mil,https://api.army.mil/e2/c/downloads/2024/07/25/59e16b2b/oaa-strategic-goals-and-objectives-2007-2010.pdf,likely_public_domain,not checked,,,https://www.amazon.com/s?k=OAA+Strategic+Goals+and+Objectives+2007-2010&i=stripbooks,1,https://www.army.mil/oaa,"US federal government work: not protected by copyright in the US (17 U.S.C. 105). Contractor- or grantee-written parts and third-party photos or text inside it can still be copyrighted, and the US may claim copyright in other countries, which matters when choosing sales territories."
2026-09-27,yes,U_SAAAIT_OAA Strategic Plan 2005-2010_20250616,,pdf,Army Department,federal,,army.mil,https://api.army.mil/e2/c/downloads/2025/06/27/839cf8b2/u-saaait-oaa-strategic-plan-2005-2010-20250616.pdf,likely_public_domain,not checked,,,https://www.amazon.com/s?k=U_SAAAIT_OAA+Strategic+Plan+2005-2010_20250616&i=stripbooks,1,https://www.army.mil/oaa,"US federal government work: not protected by copyright in the US (17 U.S.C. 105). Contractor- or grantee-written parts and third-party photos or text inside it can still be copyrighted, and the US may claim copyright in other countries, which matters when choosing sales territories."
2026-09-27,yes,OAA 2004 Organiational Assesment Survey Analysis,,pdf,Army Department,federal,,army.mil,https://api.army.mil/e2/c/downloads/2025/06/27/a234262b/oaa-2004-organiational-assesment-survey-analysis.pdf,likely_public_domain,not checked,,,https://www.amazon.com/s?k=OAA+2004+Organiational+Assesment+Survey+Analysis&i=stripbooks,1,https://www.army.mil/oaa,"US federal government work: not protected by copyright in the US (17 U.S.C. 105). Contractor- or grantee-written parts and third-party photos or text inside it can still be copyrighted, and the US may claim copyright in other countries, which matters when choosing sales territories."
2026-09-27,yes,U_SAAAIT_OAA Strategic Plan 2003-2008 Volume 2_ 20250616,,pdf,Army Department,federal,,army.mil,https://api.army.mil/e2/c/downloads/2025/06/27/a7cbf6cc/u-saaait-oaa-strategic-plan-2003-2008-volume-2-20250616.pdf,likely_public_domain,not checked,,,https://www.amazon.com/s?k=U_SAAAIT_OAA+Strategic+Plan+2003-2008+Volume+2_+20250616&i=stripbooks,1,https://www.army.mil/oaa,"US federal government work: not protected by copyright in the US (17 U.S.C. 105). Contractor- or grantee-written parts and third-party photos or text inside it can still be copyrighted, and the US may claim copyright in other countries, which matters when choosing sales territories."
2026-09-27,yes,U_SAAAIT_OAA Strategic Plan 2003-08 Volume 1_20250616,,pdf,Army Department,federal,,army.mil,https://api.army.mil/e2/c/downloads/2025/06/27/7ba6dfaf/u-saaait-oaa-strategic-plan-2003-08-volume-1-20250616.pdf,likely_public_domain,not checked,,,https://www.amazon.com/s?k=U_SAAAIT_OAA+Strategic+Plan+2003-08+Volume+1_20250616&i=stripbooks,1,https://www.army.mil/oaa,"US federal government work: not protected by copyright in the US (17 U.S.C. 105). Contractor- or grantee-written parts and third-party photos or text inside it can still be copyrighted, and the US may claim copyright in other countries, which matters when choosing sales territories."
2026-09-27,yes,OAA Organization and Functions 2000,,pdf,Army Department,federal,,army.mil,https://api.army.mil/e2/c/downloads/2025/06/27/b784fbed/oaa-organization-and-functions-2000.pdf,likely_public_domain,not checked,,,https://www.amazon.com/s?k=OAA+Organization+and+Functions+2000&i=stripbooks,1,https://www.army.mil/oaa,"US federal government work: not protected by copyright in the US (17 U.S.C. 105). Contractor- or grantee-written parts and third-party photos or text inside it can still be copyrighted, and the US may claim copyright in other countries, which matters when choosing sales territories."
2026-09-27,yes,OAA Organization and Functions 1997,,pdf,Army Department,federal,,army.mil,https://api.army.mil/e2/c/downloads/2024/07/25/b08589d0/oaa-organization-and-functions-1997.pdf,likely_public_domain,not checked,,,https://www.amazon.com/s?k=OAA+Organization+and+Functions+1997&i=stripbooks,1,https://www.army.mil/oaa,"US federal government work: not protected by copyright in the US (17 U.S.C. 105). Contractor- or grantee-written parts and third-party photos or text inside it can still be copyrighted, and the US may claim copyright in other countries, which matters when choosing sales territories."
2026-09-27,yes,OAA Organization and Functions 1995,,pdf,Army Department,federal,,army.mil,https://api.army.mil/e2/c/downloads/2024/07/25/cfb50b0f/oaa-organization-and-functions-1995.pdf,likely_public_domain,not checked,,,https://www.amazon.com/s?k=OAA+Organization+and+Functions+1995&i=stripbooks,1,https://www.army.mil/oaa,"US federal government work: not protected by copyright in the US (17 U.S.C. 105). Contractor- or grantee-written parts and third-party photos or text inside it can still be copyrighted, and the US may claim copyright in other countries, which matters when choosing sales territories."
2026-09-27,yes,OAA Organization and Functions 1984,,pdf,Army Department,federal,,army.mil,https://api.army.mil/e2/c/downloads/2024/07/25/ed95af22/oaa-organization-and-functions-1984.pdf,likely_public_domain,not checked,,,https://www.amazon.com/s?k=OAA+Organization+and+Functions+1984&i=stripbooks,1,https://www.army.mil/oaa,"US federal government work: not protected by copyright in the US (17 U.S.C. 105). Contractor- or grantee-written parts and third-party photos or text inside it can still be copyrighted, and the US may claim copyright in other countries, which matters when choosing sales territories."
2026-09-27,yes,OAA Organization and Functions 1981,,pdf,Army Department,federal,,army.mil,https://api.army.mil/e2/c/downloads/2024/07/25/fdb4b380/oaa-organization-and-functions-1981.pdf,likely_public_domain,not checked,,,https://www.amazon.com/s?k=OAA+Organization+and+Functions+1981&i=stripbooks,1,https://www.army.mil/oaa,"US federal government work: not protected by copyright in the US (17 U.S.C. 105). Contractor- or grantee-written parts and third-party photos or text inside it can still be copyrighted, and the US may claim copyright in other countries, which matters when choosing sales territories."
2026-09-27,yes,OAA 2001 Functional Integration Plan,,pdf,Army Department,federal,,army.mil,https://api.army.mil/e2/c/downloads/2024/07/25/4edbf674/oaa-2001-functional-integration-plan.pdf,likely_public_domain,not checked,,,https://www.amazon.com/s?k=OAA+2001+Functional+Integration+Plan&i=stripbooks,1,https://www.army.mil/oaa,"US federal government work: not protected by copyright in the US (17 U.S.C. 105). Contractor- or grantee-written parts and third-party photos or text inside it can still be copyrighted, and the US may claim copyright in other countries, which matters when choosing sales territories."
2026-09-27,yes,2005-06 Government Organization Maunual,,pdf,Army Department,federal,,army.mil,https://api.army.mil/e2/c/downloads/2024/07/25/a781fd42/2005-06-government-organization-maunual.pdf,likely_public_domain,not checked,,,https://www.amazon.com/s?k=2005-06+Government+Organization+Maunual&i=stripbooks,1,https://www.army.mil/oaa,"US federal government work: not protected by copyright in the US (17 U.S.C. 105). Contractor- or grantee-written parts and third-party photos or text inside it can still be copyrighted, and the US may claim copyright in other countries, which matters when choosing sales territories."
2026-09-27,yes,2000-01 Government Organization Maunual,,pdf,Army Department,federal,,army.mil,https://api.army.mil/e2/c/downloads/2024/07/25/b9ce4cea/2000-01-government-organization-maunual.pdf,likely_public_domain,not checked,,,https://www.amazon.com/s?k=2000-01+Government+Organization+Maunual&i=stripbooks,1,https://www.army.mil/oaa,"US federal government work: not protected by copyright in the US (17 U.S.C. 105). Contractor- or grantee-written parts and third-party photos or text inside it can still be copyrighted, and the US may claim copyright in other countries, which matters when choosing sales territories."
2026-09-27,yes,1995-96 Government Organization Maunual,,pdf,Army Department,federal,,army.mil,https://api.army.mil/e2/c/downloads/2024/07/25/82c6152c/1995-96-government-organization-maunual.pdf,likely_public_domain,not checked,,,https://www.amazon.com/s?k=1995-96+Government+Organization+Maunual&i=stripbooks,1,https://www.army.mil/oaa,"US federal government work: not protected by copyright in the US (17 U.S.C. 105). Contractor- or grantee-written parts and third-party photos or text inside it can still be copyrighted, and the US may claim copyright in other countries, which matters when choosing sales territories."
2026-09-27,yes,1992-93 Government Organization Maunual,,pdf,Army Department,federal,,army.mil,https://api.army.mil/e2/c/downloads/2024/07/25/6fdf9bd5/1992-93-government-organization-maunual.pdf,likely_public_domain,not checked,,,https://www.amazon.com/s?k=1992-93+Government+Organization+Maunual&i=stripbooks,1,https://www.army.mil/oaa,"US federal government work: not protected by copyright in the US (17 U.S.C. 105). Contractor- or grantee-written parts and third-party photos or text inside it can still be copyrighted, and the US may claim copyright in other countries, which matters when choosing sales territories."
2026-09-27,yes,1991-92 Government Organization Maunual,,pdf,Army Department,federal,,army.mil,https://api.army.mil/e2/c/downloads/2024/07/25/be41d90b/1991-92-government-organization-maunual.pdf,likely_public_domain,not checked,,,https://www.amazon.com/s?k=1991-92+Government+Organization+Maunual&i=stripbooks,1,https://www.army.mil/oaa,"US federal government work: not protected by copyright in the US (17 U.S.C. 105). Contractor- or grantee-written parts and third-party photos or text inside it can still be copyrighted, and the US may claim copyright in other countries, which matters when choosing sales territories."
2026-09-27,yes,1990-91 Government Organization Maunual,,pdf,Army Department,federal,,army.mil,https://api.army.mil/e2/c/downloads/2024/07/25/00b19063/1990-91-government-organization-maunual.pdf,likely_public_domain,not checked,,,https://www.amazon.com/s?k=1990-91+Government+Organization+Maunual&i=stripbooks,1,https://www.army.mil/oaa,"US federal government work: not protected by copyright in the US (17 U.S.C. 105). Contractor- or grantee-written parts and third-party photos or text inside it can still be copyrighted, and the US may claim copyright in other countries, which matters when choosing sales territories."
2026-09-27,yes,1985-86 Government Organization Maunual,,pdf,Army Department,federal,,army.mil,https://api.army.mil/e2/c/downloads/2024/07/25/e632fa61/1985-86-government-organization-maunual.pdf,likely_public_domain,not checked,,,https://www.amazon.com/s?k=1985-86+Government+Organization+Maunual&i=stripbooks,1,https://www.army.mil/oaa,"US federal government work: not protected by copyright in the US (17 U.S.C. 105). Contractor- or grantee-written parts and third-party photos or text inside it can still be copyrighted, and the US may claim copyright in other countries, which matters when choosing sales territories."
2026-09-27,yes,1980-81 Government Organization Maunual,,pdf,Army Department,federal,,army.mil,https://api.army.mil/e2/c/downloads/2024/07/25/0c1ae5b7/1980-81-government-organization-maunual.pdf,likely_public_domain,not checked,,,https://www.amazon.com/s?k=1980-81+Government+Organization+Maunual&i=stripbooks,1,https://www.army.mil/oaa,"US federal government work: not protected by copyright in the US (17 U.S.C. 105). Contractor- or grantee-written parts and third-party photos or text inside it can still be copyrighted, and the US may claim copyright in other countries, which matters when choosing sales territories."
2026-09-27,yes,1975-76 Government Organization Maunual,,pdf,Army Department,federal,,army.mil,https://api.army.mil/e2/c/downloads/2024/07/25/4724f5c7/1975-76-government-organization-maunual.pdf,likely_public_domain,not checked,,,https://www.amazon.com/s?k=1975-76+Government+Organization+Maunual&i=stripbooks,1,https://www.army.mil/oaa,"US federal government work: not protected by copyright in the US (17 U.S.C. 105). Contractor- or grantee-written parts and third-party photos or text inside it can still be copyrighted, and the US may claim copyright in other countries, which matters when choosing sales territories."
2026-09-27,yes,1970-71 Government Organization Maunual,,pdf,Army Department,federal,,army.mil,https://api.army.mil/e2/c/downloads/2024/07/25/115d373e/1970-71-government-organization-maunual.pdf,likely_public_domain,not checked,,,https://www.amazon.com/s?k=1970-71+Government+Organization+Maunual&i=stripbooks,1,https://www.army.mil/oaa,"US federal government work: not protected by copyright in the US (17 U.S.C. 105). Contractor- or grantee-written parts and third-party photos or text inside it can still be copyrighted, and the US may claim copyright in other countries, which matters when choosing sales territories."
2026-09-27,yes,1965-66 Government Organization Maunual,,pdf,Army Department,federal,,army.mil,https://api.army.mil/e2/c/downloads/2024/07/25/34d8d501/1965-66-government-organization-maunual.pdf,likely_public_domain,not checked,,,https://www.amazon.com/s?k=1965-66+Government+Organization+Maunual&i=stripbooks,1,https://www.army.mil/oaa,"US federal government work: not protected by copyright in the US (17 U.S.C. 105). Contractor- or grantee-written parts and third-party photos or text inside it can still be copyrighted, and the US may claim copyright in other countries, which matters when choosing sales territories."
2026-09-27,yes,1960-61 Government Organization Maunual,,pdf,Army Department,federal,,army.mil,https://api.army.mil/e2/c/downloads/2024/07/25/e057b782/1960-61-government-organization-maunual.pdf,likely_public_domain,not checked,,,https://www.amazon.com/s?k=1960-61+Government+Organization+Maunual&i=stripbooks,1,https://www.army.mil/oaa,"US federal government work: not protected by copyright in the US (17 U.S.C. 105). Contractor- or grantee-written parts and third-party photos or text inside it can still be copyrighted, and the US may claim copyright in other countries, which matters when choosing sales territories."
2026-09-27,yes,1955-56 Government Organization Maunual,,pdf,Army Department,federal,,army.mil,https://api.army.mil/e2/c/downloads/2024/07/25/47a82001/1955-56-government-organization-maunual.pdf,likely_public_domain,not checked,,,https://www.amazon.com/s?k=1955-56+Government+Organization+Maunual&i=stripbooks,1,https://www.army.mil/oaa,"US federal government work: not protected by copyright in the US (17 U.S.C. 105). Contractor- or grantee-written parts and third-party photos or text inside it can still be copyrighted, and the US may claim copyright in other countries, which matters when choosing sales territories."
2026-09-27,yes,1950-51 Government Organization Maunual,,pdf,Army Department,federal,,army.mil,https://api.army.mil/e2/c/downloads/2024/07/25/c07f78e7/1950-51-government-organization-maunual.pdf,likely_public_domain,not checked,,,https://www.amazon.com/s?k=1950-51+Government+Organization+Maunual&i=stripbooks,1,https://www.army.mil/oaa,"US federal government work: not protected by copyright in the US (17 U.S.C. 105). Contractor- or grantee-written parts and third-party photos or text inside it can still be copyrighted, and the US may claim copyright in other countries, which matters when choosing sales territories."
2026-09-27,yes,1946 Government Organization Maunual,,pdf,Army Department,federal,,army.mil,https://api.army.mil/e2/c/downloads/2024/07/25/2b8e9609/1946-government-organization-maunual.pdf,likely_public_domain,not checked,,,https://www.amazon.com/s?k=1946+Government+Organization+Maunual&i=stripbooks,1,https://www.army.mil/oaa,"US federal government work: not protected by copyright in the US (17 U.S.C. 105). Contractor- or grantee-written parts and third-party photos or text inside it can still be copyrighted, and the US may claim copyright in other countries, which matters when choosing sales territories."
2026-09-27,yes,1940 Government Organization Manual2,,pdf,Army Department,federal,,army.mil,https://api.army.mil/e2/c/downloads/2024/07/25/c8479c67/1940-government-organization-manual2.pdf,likely_public_domain,not checked,,,https://www.amazon.com/s?k=1940+Government+Organization+Manual2&i=stripbooks,1,https://www.army.mil/oaa,"US federal government work: not protected by copyright in the US (17 U.S.C. 105). Contractor- or grantee-written parts and third-party photos or text inside it can still be copyrighted, and the US may claim copyright in other countries, which matters when choosing sales territories."
2026-09-27,yes,2018 Department of the Army Reform Initiative Summary,,pdf,Army Department,federal,,army.mil,https://api.army.mil/e2/c/downloads/2025/04/17/b627a9ee/2018-department-of-the-army-reform-initiative-summary.pdf,likely_public_domain,not checked,,,https://www.amazon.com/s?k=2018+Department+of+the+Army+Reform+Initiative+Summary&i=stripbooks,1,https://www.army.mil/oaa,"US federal government work: not protected by copyright in the US (17 U.S.C. 105). Contractor- or grantee-written parts and third-party photos or text inside it can still be copyrighted, and the US may claim copyright in other countries, which matters when choosing sales territories."
2026-09-27,yes,2016 National Commission on the Future of the Army Summary,,pdf,Army Department,federal,,army.mil,https://api.army.mil/e2/c/downloads/2025/04/17/c6034c2e/2016-national-commission-on-the-future-of-the-army-summary.pdf,likely_public_domain,not checked,,,https://www.amazon.com/s?k=2016+National+Commission+on+the+Future+of+the+Army+Summary&i=stripbooks,1,https://www.army.mil/oaa,"US federal government work: not protected by copyright in the US (17 U.S.C. 105). Contractor- or grantee-written parts and third-party photos or text inside it can still be copyrighted, and the US may claim copyright in other countries, which matters when choosing sales territories."
2026-09-27,yes,Reducing the Size of HQDA AAR 2017,,pdf,Army Department,federal,,army.mil,https://api.army.mil/e2/c/downloads/2024/08/12/4ba2a6ce/reducing-the-size-of-hqda-aar-2017.pdf,likely_public_domain,not checked,,,https://www.amazon.com/s?k=Reducing+the+Size+of+HQDA+AAR+2017&i=stripbooks,1,https://www.army.mil/oaa,"US federal government work: not protected by copyright in the US (17 U.S.C. 105). Contractor- or grantee-written parts and third-party photos or text inside it can still be copyrighted, and the US may claim copyright in other countries, which matters when choosing sales territories."
2026-09-27,yes,Comprehensive Review and Corrective Action Plan,,pdf,Army Department,federal,,army.mil,https://api.army.mil/e2/c/downloads/2024/08/12/57b170b9/comprehensive-review-and-corrective-action-plan.pdf,likely_public_domain,not checked,,,https://www.amazon.com/s?k=Comprehensive+Review+and+Corrective+Action+Plan&i=stripbooks,1,https://www.army.mil/oaa,"US federal government work: not protected by copyright in the US (17 U.S.C. 105). Contractor- or grantee-written parts and third-party photos or text inside it can still be copyrighted, and the US may claim copyright in other countries, which matters when choosing sales territories."
2026-09-27,yes,"2014 HQDA Comprehensive Review, 2014-2015 Summary",,pdf,Army Department,federal,,army.mil,https://api.army.mil/e2/c/downloads/2025/04/17/eceeac4d/2014-hqda-comprehensive-review-2014-2015-summary.pdf,likely_public_domain,not checked,,,https://www.amazon.com/s?k=2014+HQDA+Comprehensive+Review%2C+2014-2015+Summary&i=stripbooks,1,https://www.army.mil/oaa,"US federal government work: not protected by copyright in the US (17 U.S.C. 105). Contractor- or grantee-written parts and third-party photos or text inside it can still be copyrighted, and the US may claim copyright in other countries, which matters when choosing sales territories."
2026-09-27,yes,2013 HQDA Focus Area Review Group Summary,,pdf,Army Department,federal,,army.mil,https://api.army.mil/e2/c/downloads/2025/04/17/f9b6bfa8/2013-hqda-focus-area-review-group-summary.pdf,likely_public_domain,not checked,,,https://www.amazon.com/s?k=2013+HQDA+Focus+Area+Review+Group+Summary&i=stripbooks,1,https://www.army.mil/oaa,"US federal government work: not protected by copyright in the US (17 U.S.C. 105). Contractor- or grantee-written parts and third-party photos or text inside it can still be copyrighted, and the US may claim copyright in other countries, which matters when choosing sales territories."
2026-09-27,yes,2012-08-13 Army Headquarters Transformation DAS POG,,pdf,Army Department,federal,,army.mil,https://api.army.mil/e2/c/downloads/2024/08/12/2431f7c9/2012-08-13-army-headquarters-transformation-das-pog.pdf,likely_public_domain,not checked,,,https://www.amazon.com/s?k=2012-08-13+Army+Headquarters+Transformation+DAS+POG&i=stripbooks,1,https://www.army.mil/oaa,"US federal government work: not protected by copyright in the US (17 U.S.C. 105). Contractor- or grantee-written parts and third-party photos or text inside it can still be copyrighted, and the US may claim copyright in other countries, which matters when choosing sales territories."
2026-09-27,yes,2012 Army Headquarters Transformation Summary,,pdf,Army Department,federal,,army.mil,https://api.army.mil/e2/c/downloads/2025/04/17/52fbe068/2012-army-headquarters-transformation-summary.pdf,likely_public_domain,not checked,,,https://www.amazon.com/s?k=2012+Army+Headquarters+Transformation+Summary&i=stripbooks,1,https://www.army.mil/oaa,"US federal government work: not protected by copyright in the US (17 U.S.C. 105). Contractor- or grantee-written parts and third-party photos or text inside it can still be copyrighted, and the US may claim copyright in other countries, which matters when choosing sales territories."
2026-09-27,yes,Establishment of the Institutional Army Transformation Commission,,pdf,Army Department,federal,,army.mil,https://api.army.mil/e2/c/downloads/2024/08/12/68b3422e/establishment-of-the-institutional-army-transformation-commission.pdf,likely_public_domain,not checked,,,https://www.amazon.com/s?k=Establishment+of+the+Institutional+Army+Transformation+Commission&i=stripbooks,1,https://www.army.mil/oaa,"US federal government work: not protected by copyright in the US (17 U.S.C. 105). Contractor- or grantee-written parts and third-party photos or text inside it can still be copyrighted, and the US may claim copyright in other countries, which matters when choosing sales territories."
2026-09-27,yes,Communications of Transformation and Efficiency Efforts within DA,,pdf,Army Department,federal,,army.mil,https://api.army.mil/e2/c/downloads/2024/08/12/1b3a0401/communications-of-transformation-and-efficiency-efforts-within-da.pdf,likely_public_domain,not checked,,,https://www.amazon.com/s?k=Communications+of+Transformation+and+Efficiency+Efforts+within+DA&i=stripbooks,1,https://www.army.mil/oaa,"US federal government work: not protected by copyright in the US (17 U.S.C. 105). Contractor- or grantee-written parts and third-party photos or text inside it can still be copyrighted, and the US may claim copyright in other countries, which matters when choosing sales territories."
2026-09-27,yes,2010 Implementing Army Efficiency Innitiative,,pdf,Army Department,federal,,army.mil,https://api.army.mil/e2/c/downloads/2024/08/12/bd93e234/2010-implementing-army-efficiency-innitiative.pdf,likely_public_domain,not checked,,,https://www.amazon.com/s?k=2010+Implementing+Army+Efficiency+Innitiative&i=stripbooks,1,https://www.army.mil/oaa,"US federal government work: not protected by copyright in the US (17 U.S.C. 105). Contractor- or grantee-written parts and third-party photos or text inside it can still be copyrighted, and the US may claim copyright in other countries, which matters when choosing sales territories."
2026-09-27,yes,The Secretary of the Armys Capability Portfolio Review Strategy - 22 Feb 2010,,pdf,Army Department,federal,,army.mil,https://api.army.mil/e2/c/downloads/2024/08/12/4fdd8b16/the-secretary-of-the-armys-capability-portfolio-review-strategy-22-feb-2010.pdf,likely_public_domain,not checked,,,https://www.amazon.com/s?k=The+Secretary+of+the+Armys+Capability+Portfolio+Review+Strategy+-+22+Feb&i=stripbooks,1,https://www.army.mil/oaa,"US federal government work: not protected by copyright in the US (17 U.S.C. 105). Contractor- or grantee-written parts and third-party photos or text inside it can still be copyrighted, and the US may claim copyright in other countries, which matters when choosing sales territories."
2026-09-27,yes,2009 Total Army Analysis FY10-15 Implementation in HQDA-OA-22,,pdf,Army Department,federal,,army.mil,https://api.army.mil/e2/c/downloads/2024/08/12/6775d3c8/2009-total-army-analysis-fy10-15-implementation-in-hqda-oa-22.pdf,likely_public_domain,not checked,,,https://www.amazon.com/s?k=2009+Total+Army+Analysis+FY10-15+Implementation+in+HQDA-OA-22&i=stripbooks,1,https://www.army.mil/oaa,"US federal government work: not protected by copyright in the US (17 U.S.C. 105). Contractor- or grantee-written parts and third-party photos or text inside it can still be copyrighted, and the US may claim copyright in other countries, which matters when choosing sales territories."
2026-09-27,yes,Army Military to Civilian Conversion and Divestiture Program,,pdf,Army Department,federal,,army.mil,https://api.army.mil/e2/c/downloads/2024/08/12/4945bca4/army-military-to-civilian-conversion-and-divestiture-program.pdf,likely_public_domain,not checked,,,https://www.amazon.com/s?k=Army+Military+to+Civilian+Conversion+and+Divestiture+Program&i=stripbooks,1,https://www.army.mil/oaa,"US federal government work: not protected by copyright in the US (17 U.S.C. 105). Contractor- or grantee-written parts and third-party photos or text inside it can still be copyrighted, and the US may claim copyright in other countries, which matters when choosing sales territories."
2026-09-27,yes,RTF The Realignment Review (A),,pdf,Army Department,federal,,army.mil,https://api.army.mil/e2/c/downloads/2024/08/12/796f77a4/rtf-the-realignment-review-a.pdf,likely_public_domain,not checked,,,https://www.amazon.com/s?k=RTF+The+Realignment+Review+%28A%29&i=stripbooks,1,https://www.army.mil/oaa,"US federal government work: not protected by copyright in the US (17 U.S.C. 105). Contractor- or grantee-written parts and third-party photos or text inside it can still be copyrighted, and the US may claim copyright in other countries, which matters when choosing sales territories."
2026-09-27,yes,RTF Overview Briefing,,pdf,Army Department,federal,,army.mil,https://api.army.mil/e2/c/downloads/2024/08/12/b14bccab/rtf-overview-briefing.pdf,likely_public_domain,not checked,,,https://www.amazon.com/s?k=RTF+Overview+Briefing&i=stripbooks,1,https://www.army.mil/oaa,"US federal government work: not protected by copyright in the US (17 U.S.C. 105). Contractor- or grantee-written parts and third-party photos or text inside it can still be copyrighted, and the US may claim copyright in other countries, which matters when choosing sales territories."
2026-09-27,yes,2002 Realignment Task Force Summary,,pdf,Army Department,federal,,army.mil,https://api.army.mil/e2/c/downloads/2025/04/17/df19e405/2002-realignment-task-force-summary.pdf,likely_public_domain,not checked,,,https://www.amazon.com/s?k=2002+Realignment+Task+Force+Summary&i=stripbooks,1,https://www.army.mil/oaa,"US federal government work: not protected by copyright in the US (17 U.S.C. 105). Contractor- or grantee-written parts and third-party photos or text inside it can still be copyrighted, and the US may claim copyright in other countries, which matters when choosing sales territories."
2026-09-27,yes,Phase I and Phase II Issue Briefing,,pdf,Army Department,federal,,army.mil,https://api.army.mil/e2/c/downloads/2024/08/12/7898f26b/phase-i-and-phase-ii-issue-briefing.pdf,likely_public_domain,not checked,,,https://www.amazon.com/s?k=Phase+I+and+Phase+II+Issue+Briefing&i=stripbooks,1,https://www.army.mil/oaa,"US federal government work: not protected by copyright in the US (17 U.S.C. 105). Contractor- or grantee-written parts and third-party photos or text inside it can still be copyrighted, and the US may claim copyright in other countries, which matters when choosing sales territories."
2026-09-27,yes,1998 Redesign of the Institutional Army Summary,,pdf,Army Department,federal,,army.mil,https://api.army.mil/e2/c/downloads/2025/04/17/8e5812ca/1998-redesign-of-the-institutional-army-summary.pdf,likely_public_domain,not checked,,,https://www.amazon.com/s?k=1998+Redesign+of+the+Institutional+Army+Summary&i=stripbooks,1,https://www.army.mil/oaa,"US federal government work: not protected by copyright in the US (17 U.S.C. 105). Contractor- or grantee-written parts and third-party photos or text inside it can still be copyrighted, and the US may claim copyright in other countries, which matters when choosing sales territories."
2026-09-27,yes,1995 HQDA Redesign Working Group Summary,,pdf,Army Department,federal,,army.mil,https://api.army.mil/e2/c/downloads/2025/04/17/90341a4c/1995-hqda-redesign-working-group-summary.pdf,likely_public_domain,not checked,,,https://www.amazon.com/s?k=1995+HQDA+Redesign+Working+Group+Summary&i=stripbooks,1,https://www.army.mil/oaa,"US federal government work: not protected by copyright in the US (17 U.S.C. 105). Contractor- or grantee-written parts and third-party photos or text inside it can still be copyrighted, and the US may claim copyright in other countries, which matters when choosing sales territories."
2026-09-27,yes,1994 Commission on Roles and Missions Summary,,pdf,Army Department,federal,,army.mil,https://api.army.mil/e2/c/downloads/2025/04/17/58c4ee59/1994-commission-on-roles-and-missions-summary.pdf,likely_public_domain,not checked,,,https://www.amazon.com/s?k=1994+Commission+on+Roles+and+Missions+Summary&i=stripbooks,1,https://www.army.mil/oaa,"US federal government work: not protected by copyright in the US (17 U.S.C. 105). Contractor- or grantee-written parts and third-party photos or text inside it can still be copyrighted, and the US may claim copyright in other countries, which matters when choosing sales territories."
2026-09-27,yes,1992 Headquarters Redesign Study Summary,,pdf,Army Department,federal,,army.mil,https://api.army.mil/e2/c/downloads/2025/04/17/721417c8/1992-headquarters-redesign-study-summary.pdf,likely_public_domain,not checked,,,https://www.amazon.com/s?k=1992+Headquarters+Redesign+Study+Summary&i=stripbooks,1,https://www.army.mil/oaa,"US federal government work: not protected by copyright in the US (17 U.S.C. 105). Contractor- or grantee-written parts and third-party photos or text inside it can still be copyrighted, and the US may claim copyright in other countries, which matters when choosing sales territories."
2026-09-27,yes,Evaluating Vanguard Initiatives,,pdf,Army Department,federal,,army.mil,https://api.army.mil/e2/c/downloads/2025/03/24/4dbb448e/evaluating-vanguard-initiatives.pdf,likely_public_domain,not checked,,,https://www.amazon.com/s?k=Evaluating+Vanguard+Initiatives&i=stripbooks,1,https://www.army.mil/oaa,"US federal government work: not protected by copyright in the US (17 U.S.C. 105). Contractor- or grantee-written parts and third-party photos or text inside it can still be copyrighted, and the US may claim copyright in other countries, which matters when choosing sales territories."
2026-09-27,yes,1990 Project Vanguard Volume I Part B,,pdf,Army Department,federal,,army.mil,https://api.army.mil/e2/c/downloads/2025/03/25/af52e1b0/1990-project-vanguard-volume-i-part-b.pdf,likely_public_domain,not checked,,,https://www.amazon.com/s?k=1990+Project+Vanguard+Volume+I+Part+B&i=stripbooks,1,https://www.army.mil/oaa,"US federal government work: not protected by copyright in the US (17 U.S.C. 105). Contractor- or grantee-written parts and third-party photos or text inside it can still be copyrighted, and the US may claim copyright in other countries, which matters when choosing sales territories."
2026-09-27,yes,1990 Project Vanguard Volume I Part A,,pdf,Army Department,federal,,army.mil,https://api.army.mil/e2/c/downloads/2025/03/25/8f003e2b/1990-project-vanguard-volume-i-part-a.pdf,likely_public_domain,not checked,,,https://www.amazon.com/s?k=1990+Project+Vanguard+Volume+I+Part+A&i=stripbooks,1,https://www.army.mil/oaa,"US federal government work: not protected by copyright in the US (17 U.S.C. 105). Contractor- or grantee-written parts and third-party photos or text inside it can still be copyrighted, and the US may claim copyright in other countries, which matters when choosing sales territories."
2026-09-27,yes,1990 Vanguard Summary,,pdf,Army Department,federal,,army.mil,https://api.army.mil/e2/c/downloads/2025/04/17/51dbf735/1990-vanguard-summary.pdf,likely_public_domain,not checked,,,https://www.amazon.com/s?k=1990+Vanguard+Summary&i=stripbooks,1,https://www.army.mil/oaa,"US federal government work: not protected by copyright in the US (17 U.S.C. 105). Contractor- or grantee-written parts and third-party photos or text inside it can still be copyrighted, and the US may claim copyright in other countries, which matters when choosing sales territories."
2026-09-27,yes,ROBUST Study Chp 27 HQDA FOAs and AMHA FY88,,pdf,Army Department,federal,,army.mil,https://api.army.mil/e2/c/downloads/2024/08/02/0ebc1986/robust-study-chp-27-hqda-foas-and-amha-fy88.pdf,likely_public_domain,not checked,,,https://www.amazon.com/s?k=ROBUST+Study+Chp+27+HQDA+FOAs+and+AMHA+FY88&i=stripbooks,1,https://www.army.mil/oaa,"US federal government work: not protected by copyright in the US (17 U.S.C. 105). Contractor- or grantee-written parts and third-party photos or text inside it can still be copyrighted, and the US may claim copyright in other countries, which matters when choosing sales territories."
2026-09-27,yes,ROBUST STUDY Army Manpower Authorizations FY88,,pdf,Army Department,federal,,army.mil,https://api.army.mil/e2/c/downloads/2024/08/02/a4521f51/robust-study-army-manpower-authorizations-fy88.pdf,likely_public_domain,not checked,,,https://www.amazon.com/s?k=ROBUST+STUDY+Army+Manpower+Authorizations+FY88&i=stripbooks,1,https://www.army.mil/oaa,"US federal government work: not protected by copyright in the US (17 U.S.C. 105). Contractor- or grantee-written parts and third-party photos or text inside it can still be copyrighted, and the US may claim copyright in other countries, which matters when choosing sales territories."
2026-09-27,yes,"Management of Installations, 1988 ROBUST STUDY, Chp 27 and 28",,pdf,Army Department,federal,,army.mil,https://api.army.mil/e2/c/downloads/2024/08/02/af47ff49/management-of-installations-1988-robust-study-chp-27-and-28.pdf,likely_public_domain,not checked,,,https://www.amazon.com/s?k=Management+of+Installations%2C+1988+ROBUST+STUDY%2C+Chp+27+and+28&i=stripbooks,1,https://www.army.mil/oaa,"US federal government work: not protected by copyright in the US (17 U.S.C. 105). Contractor- or grantee-written parts and third-party photos or text inside it can still be copyrighted, and the US may claim copyright in other countries, which matters when choosing sales territories."
2026-09-27,yes,GAO Defense Reorganization Act nsiad-88-157,,pdf,Army Department,federal,,army.mil,https://api.army.mil/e2/c/downloads/2024/07/31/9fbb1c4c/gao-defense-reorganization-act-nsiad-88-157.pdf,likely_public_domain,not checked,,,https://www.amazon.com/s?k=GAO+Defense+Reorganization+Act+nsiad-88-157&i=stripbooks,1,https://www.army.mil/oaa,"US federal government work: not protected by copyright in the US (17 U.S.C. 105). Contractor- or grantee-written parts and third-party photos or text inside it can still be copyrighted, and the US may claim copyright in other countries, which matters when choosing sales territories."
2026-09-27,yes,Defense Reorganization Act (Goldwater-Nichols) 1986,,pdf,Army Department,federal,,army.mil,https://api.army.mil/e2/c/downloads/2024/07/31/b0be68c9/defense-reorganization-act-goldwater-nichols-1986.pdf,likely_public_domain,not checked,,,https://www.amazon.com/s?k=Defense+Reorganization+Act+%28Goldwater-Nichols%29+1986&i=stripbooks,1,https://www.army.mil/oaa,"US federal government work: not protected by copyright in the US (17 U.S.C. 105). Contractor- or grantee-written parts and third-party photos or text inside it can still be copyrighted, and the US may claim copyright in other countries, which matters when choosing sales territories."
2026-09-27,yes,1986 Goldwater-Nichols Defense Reorganization Act Summary,,pdf,Army Department,federal,,army.mil,https://api.army.mil/e2/c/downloads/2025/04/17/32279f83/1986-goldwater-nichols-defense-reorganization-act-summary.pdf,likely_public_domain,not checked,,,https://www.amazon.com/s?k=1986+Goldwater-Nichols+Defense+Reorganization+Act+Summary&i=stripbooks,1,https://www.army.mil/oaa,"US federal government work: not protected by copyright in the US (17 U.S.C. 105). Contractor- or grantee-written parts and third-party photos or text inside it can still be copyrighted, and the US may claim copyright in other countries, which matters when choosing sales territories."
2026-09-27,yes,GAO Defense HQS Staff Reductions 1978,,pdf,Army Department,federal,,army.mil,https://api.army.mil/e2/c/downloads/2024/07/31/de36c252/gao-defense-hqs-staff-reductions-1978.pdf,likely_public_domain,not checked,,,https://www.amazon.com/s?k=GAO+Defense+HQS+Staff+Reductions+1978&i=stripbooks,1,https://www.army.mil/oaa,"US federal government work: not protected by copyright in the US (17 U.S.C. 105). Contractor- or grantee-written parts and third-party photos or text inside it can still be copyrighted, and the US may claim copyright in other countries, which matters when choosing sales territories."
2026-09-27,yes,1978 Headquarters Reductions Summary,,pdf,Army Department,federal,,army.mil,https://api.army.mil/e2/c/downloads/2025/04/17/d0ce4238/1978-headquarters-reductions-summary.pdf,likely_public_domain,not checked,,,https://www.amazon.com/s?k=1978+Headquarters+Reductions+Summary&i=stripbooks,1,https://www.army.mil/oaa,"US federal government work: not protected by copyright in the US (17 U.S.C. 105). Contractor- or grantee-written parts and third-party photos or text inside it can still be copyrighted, and the US may claim copyright in other countries, which matters when choosing sales territories."
2026-09-27,yes,Staffing Management HQs 1976 fpcd-76-35,,pdf,Army Department,federal,,army.mil,https://api.army.mil/e2/c/downloads/2024/07/31/9042bfd6/staffing-management-hqs-1976-fpcd-76-35.pdf,likely_public_domain,not checked,,,https://www.amazon.com/s?k=Staffing+Management+HQs+1976+fpcd-76-35&i=stripbooks,1,https://www.army.mil/oaa,"US federal government work: not protected by copyright in the US (17 U.S.C. 105). Contractor- or grantee-written parts and third-party photos or text inside it can still be copyrighted, and the US may claim copyright in other countries, which matters when choosing sales territories."
2026-09-27,yes,1974 Abrams Reorganization of the Army Staff Summary,,pdf,Army Department,federal,,army.mil,https://api.army.mil/e2/c/downloads/2025/04/17/bd99b5fa/1974-abrams-reorganization-of-the-army-staff-summary.pdf,likely_public_domain,not checked,,,https://www.amazon.com/s?k=1974+Abrams+Reorganization+of+the+Army+Staff+Summary&i=stripbooks,1,https://www.army.mil/oaa,"US federal government work: not protected by copyright in the US (17 U.S.C. 105). Contractor- or grantee-written parts and third-party photos or text inside it can still be copyrighted, and the US may claim copyright in other countries, which matters when choosing sales territories."
2026-09-27,yes,1971-72 Impetus for Change Summary,,pdf,Army Department,federal,,army.mil,https://api.army.mil/e2/c/downloads/2025/04/17/50297386/1971-72-impetus-for-change-summary.pdf,likely_public_domain,not checked,,,https://www.amazon.com/s?k=1971-72+Impetus+for+Change+Summary&i=stripbooks,1,https://www.army.mil/oaa,"US federal government work: not protected by copyright in the US (17 U.S.C. 105). Contractor- or grantee-written parts and third-party photos or text inside it can still be copyrighted, and the US may claim copyright in other countries, which matters when choosing sales territories."
2026-09-27,yes,"Summary of Army Organizational Changes, 1900-1962, 18 February 1970",,pdf,Army Department,federal,,army.mil,https://api.army.mil/e2/c/downloads/2025/04/17/025cea32/summary-of-army-organizational-changes-1900-1962-18-february-1970.pdf,likely_public_domain,not checked,,,https://www.amazon.com/s?k=Summary+of+Army+Organizational+Changes%2C+1900-1962%2C+18+February+1970&i=stripbooks,1,https://www.army.mil/oaa,"US federal government work: not protected by copyright in the US (17 U.S.C. 105). Contractor- or grantee-written parts and third-party photos or text inside it can still be copyrighted, and the US may claim copyright in other countries, which matters when choosing sales territories."
2026-09-27,yes,Parker Board Vol. I (Exec Summary),,pdf,Army Department,federal,,army.mil,https://api.army.mil/e2/c/downloads/2024/08/02/70c99144/parker-board-vol-i-exec-summary.pdf,likely_public_domain,not checked,,,https://www.amazon.com/s?k=Parker+Board+Vol.+I+%28Exec+Summary%29&i=stripbooks,1,https://www.army.mil/oaa,"US federal government work: not protected by copyright in the US (17 U.S.C. 105). Contractor- or grantee-written parts and third-party photos or text inside it can still be copyrighted, and the US may claim copyright in other countries, which matters when choosing sales territories."
2026-09-27,yes,HQDA Strength Data 1950-1968 (Parker Board),,pdf,Army Department,federal,,army.mil,https://api.army.mil/e2/c/downloads/2024/08/02/497fbb78/hqda-strenght-data-1950-1968-parker-board.pdf,likely_public_domain,not checked,,,https://www.amazon.com/s?k=HQDA+Strength+Data+1950-1968+%28Parker+Board%29&i=stripbooks,1,https://www.army.mil/oaa,"US federal government work: not protected by copyright in the US (17 U.S.C. 105). Contractor- or grantee-written parts and third-party photos or text inside it can still be copyrighted, and the US may claim copyright in other countries, which matters when choosing sales territories."
2026-09-27,yes,1969-71 Parker Panel Summary,,pdf,Army Department,federal,,army.mil,https://api.army.mil/e2/c/downloads/2025/04/17/8313e4dc/1969-71-parker-panel-summary.pdf,likely_public_domain,not checked,,,https://www.amazon.com/s?k=1969-71+Parker+Panel+Summary&i=stripbooks,1,https://www.army.mil/oaa,"US federal government work: not protected by copyright in the US (17 U.S.C. 105). Contractor- or grantee-written parts and third-party photos or text inside it can still be copyrighted, and the US may claim copyright in other countries, which matters when choosing sales territories."
2026-09-27,yes,1967 Assistant Vice Chief of Staff of the Army Summary,,pdf,Army Department,federal,,army.mil,https://api.army.mil/e2/c/downloads/2025/04/17/414169d0/1967-assistant-vice-chief-of-staff-of-the-army-summary.pdf,likely_public_domain,not checked,,,https://www.amazon.com/s?k=1967+Assistant+Vice+Chief+of+Staff+of+the+Army+Summary&i=stripbooks,1,https://www.army.mil/oaa,"US federal government work: not protected by copyright in the US (17 U.S.C. 105). Contractor- or grantee-written parts and third-party photos or text inside it can still be copyrighted, and the US may claim copyright in other countries, which matters when choosing sales territories."
2026-09-27,yes,Reorganization of the Army 1962,,pdf,Army Department,federal,,army.mil,https://api.army.mil/e2/c/downloads/2024/07/31/2ba10028/reorganization-of-the-army-1962.pdf,likely_public_domain,not checked,,,https://www.amazon.com/s?k=Reorganization+of+the+Army+1962&i=stripbooks,1,https://www.army.mil/oaa,"US federal government work: not protected by copyright in the US (17 U.S.C. 105). Contractor- or grantee-written parts and third-party photos or text inside it can still be copyrighted, and the US may claim copyright in other countries, which matters when choosing sales territories."
2026-09-27,yes,Highlights of Changes Resulting from Project 39a,,pdf,Army Department,federal,,army.mil,https://api.army.mil/e2/c/downloads/2024/07/31/9eb4cbe9/highlights-of-changes-resulting-from-project-39a.pdf,likely_public_domain,not checked,,,https://www.amazon.com/s?k=Highlights+of+Changes+Resulting+from+Project+39a&i=stripbooks,1,https://www.army.mil/oaa,"US federal government work: not protected by copyright in the US (17 U.S.C. 105). Contractor- or grantee-written parts and third-party photos or text inside it can still be copyrighted, and the US may claim copyright in other countries, which matters when choosing sales territories."
2026-09-27,yes,1962 Project 39a Summary,,pdf,Army Department,federal,,army.mil,https://api.army.mil/e2/c/downloads/2025/04/17/3da81399/1962-project-39a-summary.pdf,likely_public_domain,not checked,,,https://www.amazon.com/s?k=1962+Project+39a+Summary&i=stripbooks,1,https://www.army.mil/oaa,"US federal government work: not protected by copyright in the US (17 U.S.C. 105). Contractor- or grantee-written parts and third-party photos or text inside it can still be copyrighted, and the US may claim copyright in other countries, which matters when choosing sales territories."
2026-09-27,yes,Study of the Functions Organization and Procedures of the Department of the Army Part II Section H and Annexes,,pdf,Army Department,federal,,army.mil,https://api.army.mil/e2/c/downloads/2024/08/12/9487fe47/study-of-the-functions-organization-and-procedures-of-the-department-of-the-army-part-ii-section-h-and-annexes.pdf,likely_public_domain,not checked,,,https://www.amazon.com/s?k=Study+of+the+Functions+Organization+and+Procedures+of+the+Department+of+the&i=stripbooks,1,https://www.army.mil/oaa,"US federal government work: not protected by copyright in the US (17 U.S.C. 105). Contractor- or grantee-written parts and third-party photos or text inside it can still be copyrighted, and the US may claim copyright in other countries, which matters when choosing sales territories."
2026-09-27,yes,Study of the Functions Organization and Procedures of the Department of the Army Part II Section E,,pdf,Army Department,federal,,army.mil,https://api.army.mil/e2/c/downloads/2024/08/12/c1203627/study-of-the-functions-organization-and-procedures-of-the-department-of-the-army-part-ii-section-e.pdf,likely_public_domain,not checked,,,https://www.amazon.com/s?k=Study+of+the+Functions+Organization+and+Procedures+of+the+Department+of+the&i=stripbooks,1,https://www.army.mil/oaa,"US federal government work: not protected by copyright in the US (17 U.S.C. 105). Contractor- or grantee-written parts and third-party photos or text inside it can still be copyrighted, and the US may claim copyright in other countries, which matters when choosing sales territories."
2026-09-27,yes,Study of the Functions Organization and Procedures of the Department of the Army Part I Annexes,,pdf,Army Department,federal,,army.mil,https://api.army.mil/e2/c/downloads/2024/08/12/c25fe070/study-of-the-functions-organization-and-procedures-of-the-department-of-the-army-part-i-annexes.pdf,likely_public_domain,not checked,,,https://www.amazon.com/s?k=Study+of+the+Functions+Organization+and+Procedures+of+the+Department+of+the&i=stripbooks,1,https://www.army.mil/oaa,"US federal government work: not protected by copyright in the US (17 U.S.C. 105). Contractor- or grantee-written parts and third-party photos or text inside it can still be copyrighted, and the US may claim copyright in other countries, which matters when choosing sales territories."
2026-09-27,yes,Study of the Functions Organization and Procedures of the Department of the Army Part I Section G,,pdf,Army Department,federal,,army.mil,https://api.army.mil/e2/c/downloads/2024/08/12/9412fcc9/study-of-the-functions-organization-and-procedures-of-the-department-of-the-army-part-i-section-g.pdf,likely_public_domain,not checked,,,https://www.amazon.com/s?k=Study+of+the+Functions+Organization+and+Procedures+of+the+Department+of+the&i=stripbooks,1,https://www.army.mil/oaa,"US federal government work: not protected by copyright in the US (17 U.S.C. 105). Contractor- or grantee-written parts and third-party photos or text inside it can still be copyrighted, and the US may claim copyright in other countries, which matters when choosing sales territories."
2026-09-27,yes,Study of the Functions Organization and Procedures of the Department of the Army Part I Sections A through E,,pdf,Army Department,federal,,army.mil,https://api.army.mil/e2/c/downloads/2024/08/12/1169df08/study-of-the-functions-organization-and-procedures-of-the-department-of-the-army-part-i-sections-a-through-e.pdf,likely_public_domain,not checked,,,https://www.amazon.com/s?k=Study+of+the+Functions+Organization+and+Procedures+of+the+Department+of+the&i=stripbooks,1,https://www.army.mil/oaa,"US federal government work: not protected by copyright in the US (17 U.S.C. 105). Contractor- or grantee-written parts and third-party photos or text inside it can still be copyrighted, and the US may claim copyright in other countries, which matters when choosing sales territories."
2026-09-27,yes,1961 Project 80 Summary,,pdf,Army Department,federal,,army.mil,https://api.army.mil/e2/c/downloads/2025/04/17/065581c9/1961-project-80-summary.pdf,likely_public_domain,not checked,,,https://www.amazon.com/s?k=1961+Project+80+Summary&i=stripbooks,1,https://www.army.mil/oaa,"US federal government work: not protected by copyright in the US (17 U.S.C. 105). Contractor- or grantee-written parts and third-party photos or text inside it can still be copyrighted, and the US may claim copyright in other countries, which matters when choosing sales territories."
2026-09-27,yes,1955 Changes to Special Regulation 10-5-1 Summary,,pdf,Army Department,federal,,army.mil,https://api.army.mil/e2/c/downloads/2025/04/17/89bf508f/1955-changes-to-special-regulation-10-5-1-summary.pdf,likely_public_domain,not checked,,,https://www.amazon.com/s?k=1955+Changes+to+Special+Regulation+10-5-1+Summary&i=stripbooks,1,https://www.army.mil/oaa,"US federal government work: not protected by copyright in the US (17 U.S.C. 105). Contractor- or grantee-written parts and third-party photos or text inside it can still be copyrighted, and the US may claim copyright in other countries, which matters when choosing sales territories."
2026-09-27,yes,1953-1954 Davies Committee on Army Organization and the Slezak Plan Summary,,pdf,Army Department,federal,,army.mil,https://api.army.mil/e2/c/downloads/2025/04/17/21a6c5b6/1953-1954-davies-committee-on-army-organization-and-the-slezak-plan-summary.pdf,likely_public_domain,not checked,,,https://www.amazon.com/s?k=1953-1954+Davies+Committee+on+Army+Organization+and+the+Slezak+Plan+Summary&i=stripbooks,1,https://www.army.mil/oaa,"US federal government work: not protected by copyright in the US (17 U.S.C. 105). Contractor- or grantee-written parts and third-party photos or text inside it can still be copyrighted, and the US may claim copyright in other countries, which matters when choosing sales territories."
2026-09-27,yes,1952 Bendesten Plan Summary,,pdf,Army Department,federal,,army.mil,https://api.army.mil/e2/c/downloads/2025/04/17/11482f57/1952-bendesten-plan-summary.pdf,likely_public_domain,not checked,,,https://www.amazon.com/s?k=1952+Bendesten+Plan+Summary&i=stripbooks,1,https://www.army.mil/oaa,"US federal government work: not protected by copyright in the US (17 U.S.C. 105). Contractor- or grantee-written parts and third-party photos or text inside it can still be copyrighted, and the US may claim copyright in other countries, which matters when choosing sales territories."
2026-09-27,yes,The Army_Organization_Act_of_1950,,pdf,Army Department,federal,,army.mil,https://api.army.mil/e2/c/downloads/2024/07/25/28b02dc9/the-army-organization-act-of-1950.pdf,likely_public_domain,not checked,,,https://www.amazon.com/s?k=The+Army_Organization_Act_of_1950&i=stripbooks,1,https://www.army.mil/oaa,"US federal government work: not protected by copyright in the US (17 U.S.C. 105). Contractor- or grantee-written parts and third-party photos or text inside it can still be copyrighted, and the US may claim copyright in other countries, which matters when choosing sales territories."
2026-09-27,yes,DA_BUL_1950-09_-_The_Army_Organization_Act_of_1950,,pdf,Army Department,federal,,army.mil,https://api.army.mil/e2/c/downloads/2024/07/25/717ba697/da-bul-1950-09-the-army-organization-act-of-1950.pdf,likely_public_domain,not checked,,,https://www.amazon.com/s?k=DA_BUL_1950-09_-_The_Army_Organization_Act_of_1950&i=stripbooks,1,https://www.army.mil/oaa,"US federal government work: not protected by copyright in the US (17 U.S.C. 105). Contractor- or grantee-written parts and third-party photos or text inside it can still be copyrighted, and the US may claim copyright in other countries, which matters when choosing sales territories."
2026-09-27,yes,1950 The Army Reorganization Act of 1950 Summary,,pdf,Army Department,federal,,army.mil,https://api.army.mil/e2/c/downloads/2025/04/17/7bd14218/1950-the-army-reorganization-act-of-1950-summary.pdf,likely_public_domain,not checked,,,https://www.amazon.com/s?k=1950+The+Army+Reorganization+Act+of+1950+Summary&i=stripbooks,1,https://www.army.mil/oaa,"US federal government work: not protected by copyright in the US (17 U.S.C. 105). Contractor- or grantee-written parts and third-party photos or text inside it can still be copyrighted, and the US may claim copyright in other countries, which matters when choosing sales territories."
2026-09-27,yes,1950 SR 10-5-1 and SR 10-500-1 Summary,,pdf,Army Department,federal,,army.mil,https://api.army.mil/e2/c/downloads/2025/04/17/4492c935/1950-sr-10-5-1-and-sr-10-500-1-summary.pdf,likely_public_domain,not checked,,,https://www.amazon.com/s?k=1950+SR+10-5-1+and+SR+10-500-1+Summary&i=stripbooks,1,https://www.army.mil/oaa,"US federal government work: not protected by copyright in the US (17 U.S.C. 105). Contractor- or grantee-written parts and third-party photos or text inside it can still be copyrighted, and the US may claim copyright in other countries, which matters when choosing sales territories."
2026-09-27,yes,1948 Johnston Plan Summary,,pdf,Army Department,federal,,army.mil,https://api.army.mil/e2/c/downloads/2025/04/17/0d1a025a/1948-johnston-plan-summary.pdf,likely_public_domain,not checked,,,https://www.amazon.com/s?k=1948+Johnston+Plan+Summary&i=stripbooks,1,https://www.army.mil/oaa,"US federal government work: not protected by copyright in the US (17 U.S.C. 105). Contractor- or grantee-written parts and third-party photos or text inside it can still be copyrighted, and the US may claim copyright in other countries, which matters when choosing sales territories."
2026-09-27,yes,1947 Pauley Study Summary,,pdf,Army Department,federal,,army.mil,https://api.army.mil/e2/c/downloads/2025/04/17/202cc0ab/1947-pauley-study-summary.pdf,likely_public_domain,not checked,,,https://www.amazon.com/s?k=1947+Pauley+Study+Summary&i=stripbooks,1,https://www.army.mil/oaa,"US federal government work: not protected by copyright in the US (17 U.S.C. 105). Contractor- or grantee-written parts and third-party photos or text inside it can still be copyrighted, and the US may claim copyright in other countries, which matters when choosing sales territories."
2026-09-27,yes,1945-46 Patch-Simpson Board & Eisenhower Reorganization Summary,,pdf,Army Department,federal,,army.mil,https://api.army.mil/e2/c/downloads/2025/04/17/0c9282c8/1945-46-patch-simpson-board-eisenhower-reorganization-summary.pdf,likely_public_domain,not checked,,,https://www.amazon.com/s?k=1945-46+Patch-Simpson+Board+%26+Eisenhower+Reorganization+Summary&i=stripbooks,1,https://www.army.mil/oaa,"US federal government work: not protected by copyright in the US (17 U.S.C. 105). Contractor- or grantee-written parts and third-party photos or text inside it can still be copyrighted, and the US may claim copyright in other countries, which matters when choosing sales territories."
2026-09-27,yes,1941-42 McNarney Committee & Marshall Reorganization Summary,,pdf,Army Department,federal,,army.mil,https://api.army.mil/e2/c/downloads/2025/04/17/0d8c0204/1941-42-mcnarney-committee-marshall-reorganization-summary.pdf,likely_public_domain,not checked,,,https://www.amazon.com/s?k=1941-42+McNarney+Committee+%26+Marshall+Reorganization+Summary&i=stripbooks,1,https://www.army.mil/oaa,"US federal government work: not protected by copyright in the US (17 U.S.C. 105). Contractor- or grantee-written parts and third-party photos or text inside it can still be copyrighted, and the US may claim copyright in other countries, which matters when choosing sales territories."
2026-09-27,yes,1920 National Defense Act Summary,,pdf,Army Department,federal,,army.mil,https://api.army.mil/e2/c/downloads/2025/04/17/b8805073/1920-national-defense-act-summary.pdf,likely_public_domain,not checked,,,https://www.amazon.com/s?k=1920+National+Defense+Act+Summary&i=stripbooks,1,https://www.army.mil/oaa,"US federal government work: not protected by copyright in the US (17 U.S.C. 105). Contractor- or grantee-written parts and third-party photos or text inside it can still be copyrighted, and the US may claim copyright in other countries, which matters when choosing sales territories."
2026-09-27,yes,1917-18 World War I Summary,,pdf,Army Department,federal,,army.mil,https://api.army.mil/e2/c/downloads/2025/04/17/95acdf4e/1917-18-world-war-i-summary.pdf,likely_public_domain,not checked,,,https://www.amazon.com/s?k=1917-18+World+War+I+Summary&i=stripbooks,1,https://www.army.mil/oaa,"US federal government work: not protected by copyright in the US (17 U.S.C. 105). Contractor- or grantee-written parts and third-party photos or text inside it can still be copyrighted, and the US may claim copyright in other countries, which matters when choosing sales territories."
2026-09-27,yes,1916 National Defense Act Summary,,pdf,Army Department,federal,,army.mil,https://api.army.mil/e2/c/downloads/2025/04/17/65549202/1916-national-defense-act-summary.pdf,likely_public_domain,not checked,,,https://www.amazon.com/s?k=1916+National+Defense+Act+Summary&i=stripbooks,1,https://www.army.mil/oaa,"US federal government work: not protected by copyright in the US (17 U.S.C. 105). Contractor- or grantee-written parts and third-party photos or text inside it can still be copyrighted, and the US may claim copyright in other countries, which matters when choosing sales territories."
2026-09-27,yes,1898-1903 Dodge Commission Summary,,pdf,Army Department,federal,,army.mil,https://api.army.mil/e2/c/downloads/2025/04/17/96c598a5/1898-1903-dodge-commission-summary.pdf,likely_public_domain,not checked,,,https://www.amazon.com/s?k=1898-1903+Dodge+Commission+Summary&i=stripbooks,1,https://www.army.mil/oaa,"US federal government work: not protected by copyright in the US (17 U.S.C. 105). Contractor- or grantee-written parts and third-party photos or text inside it can still be copyrighted, and the US may claim copyright in other countries, which matters when choosing sales territories."
2026-09-27,yes,Clerks and Others Employed in the War Department 1893,,pdf,Army Department,federal,,army.mil,https://api.army.mil/e2/c/downloads/2024/07/25/f66054ef/clerks-and-others-employed-in-the-war-department-1893.pdf,likely_public_domain,not checked,,,https://www.amazon.com/s?k=Clerks+and+Others+Employed+in+the+War+Department+1893&i=stripbooks,1,https://www.army.mil/oaa,"US federal government work: not protected by copyright in the US (17 U.S.C. 105). Contractor- or grantee-written parts and third-party photos or text inside it can still be copyrighted, and the US may claim copyright in other countries, which matters when choosing sales territories."
2026-09-27,yes,Clerks and Others Employed in the War Department 1892,,pdf,Army Department,federal,,army.mil,https://api.army.mil/e2/c/downloads/2024/07/25/89eb3ab5/clerks-and-others-employed-in-the-war-department-1892.pdf,likely_public_domain,not checked,,,https://www.amazon.com/s?k=Clerks+and+Others+Employed+in+the+War+Department+1892&i=stripbooks,1,https://www.army.mil/oaa,"US federal government work: not protected by copyright in the US (17 U.S.C. 105). Contractor- or grantee-written parts and third-party photos or text inside it can still be copyrighted, and the US may claim copyright in other countries, which matters when choosing sales territories."
2026-09-27,yes,Clerks and Others Employed in the War Department 1880,,pdf,Army Department,federal,,army.mil,https://api.army.mil/e2/c/downloads/2024/07/25/bc20c481/clerks-and-others-employed-in-the-war-department-1880.pdf,likely_public_domain,not checked,,,https://www.amazon.com/s?k=Clerks+and+Others+Employed+in+the+War+Department+1880&i=stripbooks,1,https://www.army.mil/oaa,"US federal government work: not protected by copyright in the US (17 U.S.C. 105). Contractor- or grantee-written parts and third-party photos or text inside it can still be copyrighted, and the US may claim copyright in other countries, which matters when choosing sales territories."
2026-09-27,yes,Clerks and Others Employed in the War Department 1879,,pdf,Army Department,federal,,army.mil,https://api.army.mil/e2/c/downloads/2024/07/25/3edc1732/clerks-and-others-employed-in-the-war-department-1879.pdf,likely_public_domain,not checked,,,https://www.amazon.com/s?k=Clerks+and+Others+Employed+in+the+War+Department+1879&i=stripbooks,1,https://www.army.mil/oaa,"US federal government work: not protected by copyright in the US (17 U.S.C. 105). Contractor- or grantee-written parts and third-party photos or text inside it can still be copyrighted, and the US may claim copyright in other countries, which matters when choosing sales territories."
2026-09-27,yes,Clerks and Others Employed in the War Department 1874,,pdf,Army Department,federal,,army.mil,https://api.army.mil/e2/c/downloads/2024/07/25/0cc3043d/clerks-and-others-employed-in-the-war-department-1874.pdf,likely_public_domain,not checked,,,https://www.amazon.com/s?k=Clerks+and+Others+Employed+in+the+War+Department+1874&i=stripbooks,1,https://www.army.mil/oaa,"US federal government work: not protected by copyright in the US (17 U.S.C. 105). Contractor- or grantee-written parts and third-party photos or text inside it can still be copyrighted, and the US may claim copyright in other countries, which matters when choosing sales territories."
2026-09-27,yes,Clerks and Others Employed in the War Department 1871,,pdf,Army Department,federal,,army.mil,https://api.army.mil/e2/c/downloads/2024/07/25/aa4bd3f4/clerks-and-others-employed-in-the-war-department-1871.pdf,likely_public_domain,not checked,,,https://www.amazon.com/s?k=Clerks+and+Others+Employed+in+the+War+Department+1871&i=stripbooks,1,https://www.army.mil/oaa,"US federal government work: not protected by copyright in the US (17 U.S.C. 105). Contractor- or grantee-written parts and third-party photos or text inside it can still be copyrighted, and the US may claim copyright in other countries, which matters when choosing sales territories."
2026-09-27,yes,Clerks and Others Employed in the War Department 1860,,pdf,Army Department,federal,,army.mil,https://api.army.mil/e2/c/downloads/2024/07/25/26775bb4/clerks-and-others-employed-in-the-war-department-1860.pdf,likely_public_domain,not checked,,,https://www.amazon.com/s?k=Clerks+and+Others+Employed+in+the+War+Department+1860&i=stripbooks,1,https://www.army.mil/oaa,"US federal government work: not protected by copyright in the US (17 U.S.C. 105). Contractor- or grantee-written parts and third-party photos or text inside it can still be copyrighted, and the US may claim copyright in other countries, which matters when choosing sales territories."
2026-09-27,yes,Clerks and Others Employed in the War Department 1859,,pdf,Army Department,federal,,army.mil,https://api.army.mil/e2/c/downloads/2024/07/25/f8389b05/clerks-and-others-employed-in-the-war-department-1859.pdf,likely_public_domain,not checked,,,https://www.amazon.com/s?k=Clerks+and+Others+Employed+in+the+War+Department+1859&i=stripbooks,1,https://www.army.mil/oaa,"US federal government work: not protected by copyright in the US (17 U.S.C. 105). Contractor- or grantee-written parts and third-party photos or text inside it can still be copyrighted, and the US may claim copyright in other countries, which matters when choosing sales territories."
2026-09-27,yes,Clerks and Others Employed in the War Department 1858,,pdf,Army Department,federal,,army.mil,https://api.army.mil/e2/c/downloads/2024/07/25/3ea3766e/clerks-and-others-employed-in-the-war-department-1858.pdf,likely_public_domain,not checked,,,https://www.amazon.com/s?k=Clerks+and+Others+Employed+in+the+War+Department+1858&i=stripbooks,1,https://www.army.mil/oaa,"US federal government work: not protected by copyright in the US (17 U.S.C. 105). Contractor- or grantee-written parts and third-party photos or text inside it can still be copyrighted, and the US may claim copyright in other countries, which matters when choosing sales territories."
2026-09-27,yes,Clerks and Others Employed in the War Department 1857,,pdf,Army Department,federal,,army.mil,https://api.army.mil/e2/c/downloads/2024/07/25/cddc2040/clerks-and-others-employed-in-the-war-department-1857.pdf,likely_public_domain,not checked,,,https://www.amazon.com/s?k=Clerks+and+Others+Employed+in+the+War+Department+1857&i=stripbooks,1,https://www.army.mil/oaa,"US federal government work: not protected by copyright in the US (17 U.S.C. 105). Contractor- or grantee-written parts and third-party photos or text inside it can still be copyrighted, and the US may claim copyright in other countries, which matters when choosing sales territories."
2026-09-27,yes,Clerks and Others Employed in the War Department 1856,,pdf,Army Department,federal,,army.mil,https://api.army.mil/e2/c/downloads/2024/07/25/8dac80a9/clerks-and-others-employed-in-the-war-department-1856.pdf,likely_public_domain,not checked,,,https://www.amazon.com/s?k=Clerks+and+Others+Employed+in+the+War+Department+1856&i=stripbooks,1,https://www.army.mil/oaa,"US federal government work: not protected by copyright in the US (17 U.S.C. 105). Contractor- or grantee-written parts and third-party photos or text inside it can still be copyrighted, and the US may claim copyright in other countries, which matters when choosing sales territories."
2026-09-27,yes,Clerks and Others Employed in the War Department 1855,,pdf,Army Department,federal,,army.mil,https://api.army.mil/e2/c/downloads/2024/07/25/a8763d57/clerks-and-others-employed-in-the-war-department-1855.pdf,likely_public_domain,not checked,,,https://www.amazon.com/s?k=Clerks+and+Others+Employed+in+the+War+Department+1855&i=stripbooks,1,https://www.army.mil/oaa,"US federal government work: not protected by copyright in the US (17 U.S.C. 105). Contractor- or grantee-written parts and third-party photos or text inside it can still be copyrighted, and the US may claim copyright in other countries, which matters when choosing sales territories."
2026-09-27,yes,Clerks and Others Employed in the War Department 1854,,pdf,Army Department,federal,,army.mil,https://api.army.mil/e2/c/downloads/2024/07/25/25c1a8ea/clerks-and-others-employed-in-the-war-department-1854.pdf,likely_public_domain,not checked,,,https://www.amazon.com/s?k=Clerks+and+Others+Employed+in+the+War+Department+1854&i=stripbooks,1,https://www.army.mil/oaa,"US federal government work: not protected by copyright in the US (17 U.S.C. 105). Contractor- or grantee-written parts and third-party photos or text inside it can still be copyrighted, and the US may claim copyright in other countries, which matters when choosing sales territories."
2026-09-27,yes,Clerks and Others Employed in the War Department 1853,,pdf,Army Department,federal,,army.mil,https://api.army.mil/e2/c/downloads/2024/07/25/dfad0b0e/clerks-and-others-employed-in-the-war-department-1853.pdf,likely_public_domain,not checked,,,https://www.amazon.com/s?k=Clerks+and+Others+Employed+in+the+War+Department+1853&i=stripbooks,1,https://www.army.mil/oaa,"US federal government work: not protected by copyright in the US (17 U.S.C. 105). Contractor- or grantee-written parts and third-party photos or text inside it can still be copyrighted, and the US may claim copyright in other countries, which matters when choosing sales territories."
2026-09-27,yes,Clerks and Others Employed in the War Department 1852,,pdf,Army Department,federal,,army.mil,https://api.army.mil/e2/c/downloads/2024/07/25/d2738300/clerks-and-others-employed-in-the-war-department-1852.pdf,likely_public_domain,not checked,,,https://www.amazon.com/s?k=Clerks+and+Others+Employed+in+the+War+Department+1852&i=stripbooks,1,https://www.army.mil/oaa,"US federal government work: not protected by copyright in the US (17 U.S.C. 105). Contractor- or grantee-written parts and third-party photos or text inside it can still be copyrighted, and the US may claim copyright in other countries, which matters when choosing sales territories."
2026-09-27,yes,Clerks and Others Employed in the War Department 1851,,pdf,Army Department,federal,,army.mil,https://api.army.mil/e2/c/downloads/2024/07/25/b10086fb/clerks-and-others-employed-in-the-war-department-1851.pdf,likely_public_domain,not checked,,,https://www.amazon.com/s?k=Clerks+and+Others+Employed+in+the+War+Department+1851&i=stripbooks,1,https://www.army.mil/oaa,"US federal government work: not protected by copyright in the US (17 U.S.C. 105). Contractor- or grantee-written parts and third-party photos or text inside it can still be copyrighted, and the US may claim copyright in other countries, which matters when choosing sales territories."
2026-09-27,yes,Clerks and Others Employed in the War Department 1850,,pdf,Army Department,federal,,army.mil,https://api.army.mil/e2/c/downloads/2024/07/25/2180d161/clerks-and-others-employed-in-the-war-department-1850.pdf,likely_public_domain,not checked,,,https://www.amazon.com/s?k=Clerks+and+Others+Employed+in+the+War+Department+1850&i=stripbooks,1,https://www.army.mil/oaa,"US federal government work: not protected by copyright in the US (17 U.S.C. 105). Contractor- or grantee-written parts and third-party photos or text inside it can still be copyrighted, and the US may claim copyright in other countries, which matters when choosing sales territories."
2026-09-27,yes,Clerks and Others Employed in the War Department 1849,,pdf,Army Department,federal,,army.mil,https://api.army.mil/e2/c/downloads/2024/07/25/093343a8/clerks-and-others-employed-in-the-war-department-1849.pdf,likely_public_domain,not checked,,,https://www.amazon.com/s?k=Clerks+and+Others+Employed+in+the+War+Department+1849&i=stripbooks,1,https://www.army.mil/oaa,"US federal government work: not protected by copyright in the US (17 U.S.C. 105). Contractor- or grantee-written parts and third-party photos or text inside it can still be copyrighted, and the US may claim copyright in other countries, which matters when choosing sales territories."
2026-09-27,yes,Clerks and Others Employed in the War Department 1848,,pdf,Army Department,federal,,army.mil,https://api.army.mil/e2/c/downloads/2024/07/25/1817161d/clerks-and-others-employed-in-the-war-department-1848.pdf,likely_public_domain,not checked,,,https://www.amazon.com/s?k=Clerks+and+Others+Employed+in+the+War+Department+1848&i=stripbooks,1,https://www.army.mil/oaa,"US federal government work: not protected by copyright in the US (17 U.S.C. 105). Contractor- or grantee-written parts and third-party photos or text inside it can still be copyrighted, and the US may claim copyright in other countries, which matters when choosing sales territories."
2026-09-27,yes,Clerks and Others Employed in the War Department 1847,,pdf,Army Department,federal,,army.mil,https://api.army.mil/e2/c/downloads/2024/07/25/9d0251f8/clerks-and-others-employed-in-the-war-department-1847.pdf,likely_public_domain,not checked,,,https://www.amazon.com/s?k=Clerks+and+Others+Employed+in+the+War+Department+1847&i=stripbooks,1,https://www.army.mil/oaa,"US federal government work: not protected by copyright in the US (17 U.S.C. 105). Contractor- or grantee-written parts and third-party photos or text inside it can still be copyrighted, and the US may claim copyright in other countries, which matters when choosing sales territories."
2026-09-27,yes,Clerks and Others Employed in the War Department 1846,,pdf,Army Department,federal,,army.mil,https://api.army.mil/e2/c/downloads/2024/07/25/820857a9/clerks-and-others-employed-in-the-war-department-1846.pdf,likely_public_domain,not checked,,,https://www.amazon.com/s?k=Clerks+and+Others+Employed+in+the+War+Department+1846&i=stripbooks,1,https://www.army.mil/oaa,"US federal government work: not protected by copyright in the US (17 U.S.C. 105). Contractor- or grantee-written parts and third-party photos or text inside it can still be copyrighted, and the US may claim copyright in other countries, which matters when choosing sales territories."
2026-09-27,yes,Clerks and Others Employed in the War Department 1844,,pdf,Army Department,federal,,army.mil,https://api.army.mil/e2/c/downloads/2024/07/25/8211b3b0/clerks-and-others-employed-in-the-war-department-1844.pdf,likely_public_domain,not checked,,,https://www.amazon.com/s?k=Clerks+and+Others+Employed+in+the+War+Department+1844&i=stripbooks,1,https://www.army.mil/oaa,"US federal government work: not protected by copyright in the US (17 U.S.C. 105). Contractor- or grantee-written parts and third-party photos or text inside it can still be copyrighted, and the US may claim copyright in other countries, which matters when choosing sales territories."
2026-09-27,yes,Clerks and Others Employed in the War Department 1840,,pdf,Army Department,federal,,army.mil,https://api.army.mil/e2/c/downloads/2024/07/25/e8f7dd7b/clerks-and-others-employed-in-the-war-department-1840.pdf,likely_public_domain,not checked,,,https://www.amazon.com/s?k=Clerks+and+Others+Employed+in+the+War+Department+1840&i=stripbooks,1,https://www.army.mil/oaa,"US federal government work: not protected by copyright in the US (17 U.S.C. 105). Contractor- or grantee-written parts and third-party photos or text inside it can still be copyrighted, and the US may claim copyright in other countries, which matters when choosing sales territories."
2026-09-27,yes,Clerks and Others Employed in the War Department 1838,,pdf,Army Department,federal,,army.mil,https://api.army.mil/e2/c/downloads/2024/07/25/e814d831/clerks-and-others-employed-in-the-war-department-1838.pdf,likely_public_domain,not checked,,,https://www.amazon.com/s?k=Clerks+and+Others+Employed+in+the+War+Department+1838&i=stripbooks,1,https://www.army.mil/oaa,"US federal government work: not protected by copyright in the US (17 U.S.C. 105). Contractor- or grantee-written parts and third-party photos or text inside it can still be copyrighted, and the US may claim copyright in other countries, which matters when choosing sales territories."
2026-09-27,yes,Clerks and Others Employed in the War Department 1836,,pdf,Army Department,federal,,army.mil,https://api.army.mil/e2/c/downloads/2024/07/25/780dde01/clerks-and-others-employed-in-the-war-department-1836.pdf,likely_public_domain,not checked,,,https://www.amazon.com/s?k=Clerks+and+Others+Employed+in+the+War+Department+1836&i=stripbooks,1,https://www.army.mil/oaa,"US federal government work: not protected by copyright in the US (17 U.S.C. 105). Contractor- or grantee-written parts and third-party photos or text inside it can still be copyrighted, and the US may claim copyright in other countries, which matters when choosing sales territories."
2026-09-27,yes,Clerks and Others Employed in the War Department 1834,,pdf,Army Department,federal,,army.mil,https://api.army.mil/e2/c/downloads/2024/07/25/f46c5a60/clerks-and-others-employed-in-the-war-department-1834.pdf,likely_public_domain,not checked,,,https://www.amazon.com/s?k=Clerks+and+Others+Employed+in+the+War+Department+1834&i=stripbooks,1,https://www.army.mil/oaa,"US federal government work: not protected by copyright in the US (17 U.S.C. 105). Contractor- or grantee-written parts and third-party photos or text inside it can still be copyrighted, and the US may claim copyright in other countries, which matters when choosing sales territories."
2026-09-27,yes,Clerks and Others Employed in the War Department 1829,,pdf,Army Department,federal,,army.mil,https://api.army.mil/e2/c/downloads/2024/07/25/c8b8d602/clerks-and-others-employed-in-the-war-department-1829.pdf,likely_public_domain,not checked,,,https://www.amazon.com/s?k=Clerks+and+Others+Employed+in+the+War+Department+1829&i=stripbooks,1,https://www.army.mil/oaa,"US federal government work: not protected by copyright in the US (17 U.S.C. 105). Contractor- or grantee-written parts and third-party photos or text inside it can still be copyrighted, and the US may claim copyright in other countries, which matters when choosing sales territories."
2026-09-27,yes,Clerks and Others Employed in the War Department 1825,,pdf,Army Department,federal,,army.mil,https://api.army.mil/e2/c/downloads/2024/07/25/300dd09c/clerks-and-others-employed-in-the-war-department-1825.pdf,likely_public_domain,not checked,,,https://www.amazon.com/s?k=Clerks+and+Others+Employed+in+the+War+Department+1825&i=stripbooks,1,https://www.army.mil/oaa,"US federal government work: not protected by copyright in the US (17 U.S.C. 105). Contractor- or grantee-written parts and third-party photos or text inside it can still be copyrighted, and the US may claim copyright in other countries, which matters when choosing sales territories."
2026-09-27,yes,Clerks and Others Employed in the War Department 1822,,pdf,Army Department,federal,,army.mil,https://api.army.mil/e2/c/downloads/2024/07/25/15e68dd8/clerks-and-others-employed-in-the-war-department-1822.pdf,likely_public_domain,not checked,,,https://www.amazon.com/s?k=Clerks+and+Others+Employed+in+the+War+Department+1822&i=stripbooks,1,https://www.army.mil/oaa,"US federal government work: not protected by copyright in the US (17 U.S.C. 105). Contractor- or grantee-written parts and third-party photos or text inside it can still be copyrighted, and the US may claim copyright in other countries, which matters when choosing sales territories."
2026-09-27,yes,Clerks and Others Employed in the War Department 1818,,pdf,Army Department,federal,,army.mil,https://api.army.mil/e2/c/downloads/2024/07/26/be91a13b/clerks-and-others-employed-in-the-war-department-1818.pdf,likely_public_domain,not checked,,,https://www.amazon.com/s?k=Clerks+and+Others+Employed+in+the+War+Department+1818&i=stripbooks,1,https://www.army.mil/oaa,"US federal government work: not protected by copyright in the US (17 U.S.C. 105). Contractor- or grantee-written parts and third-party photos or text inside it can still be copyrighted, and the US may claim copyright in other countries, which matters when choosing sales territories."
2026-09-27,yes,HQDA ACOM ASCC DRU Organization Chart as of 15 July 2026,,pdf,Army Department,federal,,army.mil,https://api.army.mil/e2/c/downloads/2026/07/16/847a8f45/hqda-acom-ascc-dru-organization-chart-as-of-15-july-2026.pdf,likely_public_domain,not checked,,,https://www.amazon.com/s?k=HQDA+ACOM+ASCC+DRU+Organization+Chart+as+of+15+July+2026&i=stripbooks,1,https://www.army.mil/oaa,"US federal government work: not protected by copyright in the US (17 U.S.C. 105). Contractor- or grantee-written parts and third-party photos or text inside it can still be copyrighted, and the US may claim copyright in other countries, which matters when choosing sales territories."
2026-09-27,yes,HQDA Organization Chart as of 5 December 2025,,pdf,Army Department,federal,,army.mil,https://api.army.mil/e2/c/downloads/2025/12/08/1c9f7216/hqda-organization-chart-as-of-5-december-2025.pdf,likely_public_domain,not checked,,,https://www.amazon.com/s?k=HQDA+Organization+Chart+as+of+5+December+2025&i=stripbooks,1,https://www.army.mil/oaa,"US federal government work: not protected by copyright in the US (17 U.S.C. 105). Contractor- or grantee-written parts and third-party photos or text inside it can still be copyrighted, and the US may claim copyright in other countries, which matters when choosing sales territories."
2026-09-27,yes,HQDA Principal Officials as of 21 September 2026,,pdf,Army Department,federal,,army.mil,https://api.army.mil/e2/c/downloads/2026/09/21/d587d4f7/hqda-principal-officials-as-of-21-september-2026.pdf,likely_public_domain,not checked,,,https://www.amazon.com/s?k=HQDA+Principal+Officials+as+of+21+September+2026&i=stripbooks,1,https://www.army.mil/oaa,"US federal government work: not protected by copyright in the US (17 U.S.C. 105). Contractor- or grantee-written parts and third-party photos or text inside it can still be copyrighted, and the US may claim copyright in other countries, which matters when choosing sales territories."
2026-09-27,yes,Army Secretariat as of 21 September 2026,,pdf,Army Department,federal,,army.mil,https://api.army.mil/e2/c/downloads/2026/09/21/077ab3ad/army-secretariat-as-of-21-september-2026.pdf,likely_public_domain,not checked,,,https://www.amazon.com/s?k=Army+Secretariat+as+of+21+September+2026&i=stripbooks,1,https://www.army.mil/oaa,"US federal government work: not protected by copyright in the US (17 U.S.C. 105). Contractor- or grantee-written parts and third-party photos or text inside it can still be copyrighted, and the US may claim copyright in other countries, which matters when choosing sales territories."
2026-09-27,yes,"Headquarters, Department of the Army Pentagon Parking",,pdf,Army Department,federal,,army.mil,https://armypubs.army.mil/epubs/DR_pubs/DR_a/NOCASE-POG_216433-000-WEB-1.pdf,likely_public_domain,not checked,,,https://www.amazon.com/s?k=Headquarters%2C+Department+of+the+Army+Pentagon+Parking&i=stripbooks,1,https://www.army.mil/oaa,"US federal government work: not protected by copyright in the US (17 U.S.C. 105). Contractor- or grantee-written parts and third-party photos or text inside it can still be copyrighted, and the US may claim copyright in other countries, which matters when choosing sales territories."
2026-09-27,yes,Department of Defense Issuances Program,,pdf,Army Department,federal,,army.mil,https://armypubs.army.mil/epubs/DR_pubs/DR_a/NOCASE-POG_217333-000-WEB-1.pdf,likely_public_domain,not checked,,,https://www.amazon.com/s?k=Department+of+Defense+Issuances+Program&i=stripbooks,1,https://www.army.mil/oaa,"US federal government work: not protected by copyright in the US (17 U.S.C. 105). Contractor- or grantee-written parts and third-party photos or text inside it can still be copyrighted, and the US may claim copyright in other countries, which matters when choosing sales territories."
2026-09-27,yes,Procurement and Presentation of Coins,,pdf,Army Department,federal,,army.mil,https://armypubs.army.mil/epubs/DR_pubs/DR_a/NOCASE-POG_222779-000-WEB-1.pdf,likely_public_domain,not checked,,,https://www.amazon.com/s?k=Procurement+and+Presentation+of+Coins&i=stripbooks,1,https://www.army.mil/oaa,"US federal government work: not protected by copyright in the US (17 U.S.C. 105). Contractor- or grantee-written parts and third-party photos or text inside it can still be copyrighted, and the US may claim copyright in other countries, which matters when choosing sales territories."
2026-09-27,yes,Army Emergency & Extraordinary Expense Authority,,pdf,Army Department,federal,,army.mil,https://armypubs.army.mil/epubs/DR_pubs/DR_a/NOCASE-POG_219277-000-WEB-1.pdf,likely_public_domain,not checked,,,https://www.amazon.com/s?k=Army+Emergency+%26+Extraordinary+Expense+Authority&i=stripbooks,1,https://www.army.mil/oaa,"US federal government work: not protected by copyright in the US (17 U.S.C. 105). Contractor- or grantee-written parts and third-party photos or text inside it can still be copyrighted, and the US may claim copyright in other countries, which matters when choosing sales territories."
2026-09-27,yes,Department of the Army Travel on Government and Commercial Aircraft,,pdf,Army Department,federal,,army.mil,https://armypubs.army.mil/epubs/DR_pubs/DR_a/NOCASE-POG_219675-000-WEB-1.pdf,likely_public_domain,not checked,,,https://www.amazon.com/s?k=Department+of+the+Army+Travel+on+Government+and+Commercial+Aircraft&i=stripbooks,1,https://www.army.mil/oaa,"US federal government work: not protected by copyright in the US (17 U.S.C. 105). Contractor- or grantee-written parts and third-party photos or text inside it can still be copyrighted, and the US may claim copyright in other countries, which matters when choosing sales territories."
2026-09-27,yes,Department of the Army Welfare Fund,,pdf,Army Department,federal,,army.mil,https://armypubs.army.mil/epubs/DR_pubs/DR_c/NOCASE-POG_223673-000-WEB-1.pdf,likely_public_domain,not checked,,,https://www.amazon.com/s?k=Department+of+the+Army+Welfare+Fund&i=stripbooks,1,https://www.army.mil/oaa,"US federal government work: not protected by copyright in the US (17 U.S.C. 105). Contractor- or grantee-written parts and third-party photos or text inside it can still be copyrighted, and the US may claim copyright in other countries, which matters when choosing sales territories."
2026-09-27,yes,Army Administrative Space Management in the National Capital Region,,pdf,Army Department,federal,,army.mil,https://armypubs.army.mil/epubs/DR_pubs/DR_a/NOCASE-POG_220639-000-WEB-1.pdf,likely_public_domain,not checked,,,https://www.amazon.com/s?k=Army+Administrative+Space+Management+in+the+National+Capital+Region&i=stripbooks,1,https://www.army.mil/oaa,"US federal government work: not protected by copyright in the US (17 U.S.C. 105). Contractor- or grantee-written parts and third-party photos or text inside it can still be copyrighted, and the US may claim copyright in other countries, which matters when choosing sales territories."
2026-09-27,yes,"Headquarters, Department of the Army Safety and Occupational Health Program",,pdf,Army Department,federal,,army.mil,https://armypubs.army.mil/epubs/DR_pubs/DR_c/NOCASE-POG_220925-000-WEB-1.pdf,likely_public_domain,not checked,,,https://www.amazon.com/s?k=Headquarters%2C+Department+of+the+Army+Safety+and+Occupational+Health+Program&i=stripbooks,1,https://www.army.mil/oaa,"US federal government work: not protected by copyright in the US (17 U.S.C. 105). Contractor- or grantee-written parts and third-party photos or text inside it can still be copyrighted, and the US may claim copyright in other countries, which matters when choosing sales territories."
2026-09-27,yes,AR 870-21 - US Army Regimental System,,pdf,Army Department,federal,,army.mil,https://armypubs.army.mil/epubs/DR_pubs/DR_a/ARN40060-AR_870-21-001-WEB-2.pdf,likely_public_domain,not checked,,,https://www.amazon.com/s?k=AR+870-21+-+US+Army+Regimental+System&i=stripbooks,1,https://www.army.mil/oaa,"US federal government work: not protected by copyright in the US (17 U.S.C. 105). Contractor- or grantee-written parts and third-party photos or text inside it can still be copyrighted, and the US may claim copyright in other countries, which matters when choosing sales territories."
2026-09-27,yes,AR 870-20 - Museums And Historical Artifact,,pdf,Army Department,federal,,army.mil,https://armypubs.army.mil/epubs/DR_pubs/DR_a/ARN44274-AR_870-20-000-WEB-1.pdf,likely_public_domain,not checked,,,https://www.amazon.com/s?k=AR+870-20+-+Museums+And+Historical+Artifact&i=stripbooks,1,https://www.army.mil/oaa,"US federal government work: not protected by copyright in the US (17 U.S.C. 105). Contractor- or grantee-written parts and third-party photos or text inside it can still be copyrighted, and the US may claim copyright in other countries, which matters when choosing sales territories."
2026-09-27,yes,AR 37-47 - Official Representation Funds Of The Secretary Of The Army,,pdf,Army Department,federal,,army.mil,https://armypubs.army.mil/epubs/DR_pubs/DR_a/ARN39299-AR_37-47-000-WEB-1.pdf,likely_public_domain,not checked,,,https://www.amazon.com/s?k=AR+37-47+-+Official+Representation+Funds+Of+The+Secretary+Of+The+Army&i=stripbooks,1,https://www.army.mil/oaa,"US federal government work: not protected by copyright in the US (17 U.S.C. 105). Contractor- or grantee-written parts and third-party photos or text inside it can still be copyrighted, and the US may claim copyright in other countries, which matters when choosing sales territories."
2026-09-27,yes,AR 15-1 - Department Of The Army Federal Advisory Committee and Intergovernmental and Intragovernmental Management Program,,pdf,Army Department,federal,,army.mil,https://armypubs.army.mil/epubs/DR_pubs/DR_a/ARN43985-AR_15-1-000-WEB-1.pdf,likely_public_domain,not checked,,,https://www.amazon.com/s?k=AR+15-1+-+Department+Of+The+Army+Federal+Advisory+Committee+and+Intergovernmental&i=stripbooks,1,https://www.army.mil/oaa,"US federal government work: not protected by copyright in the US (17 U.S.C. 105). Contractor- or grantee-written parts and third-party photos or text inside it can still be copyrighted, and the US may claim copyright in other countries, which matters when choosing sales territories."
2026-09-27,yes,AR 1-50 - Army Conference Policy,,pdf,Army Department,federal,,army.mil,https://armypubs.army.mil/epubs/DR_pubs/DR_a/ARN41652-AR_1-50-000-WEB-1.pdf,likely_public_domain,not checked,,,https://www.amazon.com/s?k=AR+1-50+-+Army+Conference+Policy&i=stripbooks,1,https://www.army.mil/oaa,"US federal government work: not protected by copyright in the US (17 U.S.C. 105). Contractor- or grantee-written parts and third-party photos or text inside it can still be copyrighted, and the US may claim copyright in other countries, which matters when choosing sales territories."
2026-09-27,yes,AR 1-19 - Secretary of the Army Delegations of Authority,,pdf,Army Department,federal,,army.mil,https://armypubs.army.mil/epubs/DR_pubs/DR_a/ARN40043-AR_1-19-000-WEB-1.pdf,likely_public_domain,not checked,,,https://www.amazon.com/s?k=AR+1-19+-+Secretary+of+the+Army+Delegations+of+Authority&i=stripbooks,1,https://www.army.mil/oaa,"US federal government work: not protected by copyright in the US (17 U.S.C. 105). Contractor- or grantee-written parts and third-party photos or text inside it can still be copyrighted, and the US may claim copyright in other countries, which matters when choosing sales territories."
2026-09-27,yes,AR 1-10 - Fundraising Within The Department Of The Army,,pdf,Army Department,federal,,army.mil,https://armypubs.army.mil/epubs/DR_pubs/DR_a/ARN43758-AR_1-10-000-WEB-1.pdf,likely_public_domain,not checked,,,https://www.amazon.com/s?k=AR+1-10+-+Fundraising+Within+The+Department+Of+The+Army&i=stripbooks,1,https://www.army.mil/oaa,"US federal government work: not protected by copyright in the US (17 U.S.C. 105). Contractor- or grantee-written parts and third-party photos or text inside it can still be copyrighted, and the US may claim copyright in other countries, which matters when choosing sales territories."
2026-09-27,yes,OAA-HRMD Customer Feedback Survey,,pdf,Army Department,federal,,army.mil,https://api.army.mil/e2/c/downloads/2025/12/08/eaea8d3c/oaa-hrmd.pdf,likely_public_domain,not checked,,,https://www.amazon.com/s?k=OAA-HRMD+Customer+Feedback+Survey&i=stripbooks,1,https://www.army.mil/oaa,"US federal government work: not protected by copyright in the US (17 U.S.C. 105). Contractor- or grantee-written parts and third-party photos or text inside it can still be copyrighted, and the US may claim copyright in other countries, which matters when choosing sales territories."
2026-09-27,yes,Former Administrative Assistants to the Secretary of the Army as of 12 March 2026,,pdf,Army Department,federal,,army.mil,https://api.army.mil/e2/c/downloads/2026/03/13/ed5ce8ca/former-administrative-assistants-to-the-secretary-of-the-army-as-of-12-march-2026.pdf,likely_public_domain,not checked,,,https://www.amazon.com/s?k=Former+Administrative+Assistants+to+the+Secretary+of+the+Army+as+of+12&i=stripbooks,1,https://www.army.mil/oaa,"US federal government work: not protected by copyright in the US (17 U.S.C. 105). Contractor- or grantee-written parts and third-party photos or text inside it can still be copyrighted, and the US may claim copyright in other countries, which matters when choosing sales territories."
2026-09-27,yes,The Evolution of the Office of the Administrative Assistant to the Secretary of the Army (OAA) 1985-2014. 1985-2014,,pdf,Army Department,federal,,army.mil,https://api.army.mil/e2/c/downloads/2023/10/03/cfc46d5c/the-evolution-of-the-office-of-the-administrative-assistant-to-the-secretary-of-the-army-oaa-1985-2014.pdf,likely_public_domain,not checked,,,https://www.amazon.com/s?k=The+Evolution+of+the+Office+of+the+Administrative+Assistant+to+the+Secretary&i=stripbooks,1,https://www.army.mil/oaa,"US federal government work: not protected by copyright in the US (17 U.S.C. 105). Contractor- or grantee-written parts and third-party photos or text inside it can still be copyrighted, and the US may claim copyright in other countries, which matters when choosing sales territories."
2026-09-27,yes,FY23 APBI Requirements - 418th CSB,,pdf,Army Department,federal,,army.mil,https://api.army.mil/e2/c/downloads/2023/04/05/bc6c50a0/fy23-apbi-requirements-418th-csb.pdf,likely_public_domain,not checked,,,https://www.amazon.com/s?k=FY23+APBI+Requirements+-+418th+CSB&i=stripbooks,1,https://www.army.mil/micc/,"US federal government work: not protected by copyright in the US (17 U.S.C. 105). Contractor- or grantee-written parts and third-party photos or text inside it can still be copyrighted, and the US may claim copyright in other countries, which matters when choosing sales territories."
2026-09-27,yes,FY23 APBI Requirements - FDO Fort Sam Houston,,pdf,Army Department,federal,,army.mil,https://api.army.mil/e2/c/downloads/2023/04/05/174e3650/fy23-apbi-requirements-fdo-fort-sam-houston.pdf,likely_public_domain,not checked,,,https://www.amazon.com/s?k=FY23+APBI+Requirements+-+FDO+Fort+Sam+Houston&i=stripbooks,1,https://www.army.mil/micc/,"US federal government work: not protected by copyright in the US (17 U.S.C. 105). Contractor- or grantee-written parts and third-party photos or text inside it can still be copyrighted, and the US may claim copyright in other countries, which matters when choosing sales territories."
2026-09-27,yes,FY23 APBI Requirements - FDO Fort Eustis,,pdf,Army Department,federal,,army.mil,https://api.army.mil/e2/c/downloads/2023/04/05/1b44a9f8/fy23-apbi-requirements-fdo-fort-eustis.pdf,likely_public_domain,not checked,,,https://www.amazon.com/s?k=FY23+APBI+Requirements+-+FDO+Fort+Eustis&i=stripbooks,1,https://www.army.mil/micc/,"US federal government work: not protected by copyright in the US (17 U.S.C. 105). Contractor- or grantee-written parts and third-party photos or text inside it can still be copyrighted, and the US may claim copyright in other countries, which matters when choosing sales territories."
2026-09-27,yes,FY23 APBI Requirements - 419th CSB,,pdf,Army Department,federal,,army.mil,https://api.army.mil/e2/c/downloads/2023/04/05/a33e08bc/fy23-apbi-requirements-419th-csb.pdf,likely_public_domain,not checked,,,https://www.amazon.com/s?k=FY23+APBI+Requirements+-+419th+CSB&i=stripbooks,1,https://www.army.mil/micc/,"US federal government work: not protected by copyright in the US (17 U.S.C. 105). Contractor- or grantee-written parts and third-party photos or text inside it can still be copyrighted, and the US may claim copyright in other countries, which matters when choosing sales territories."
2026-09-27,yes,FY26 APBI BRIEFING Slides Day 1,,pdf,Army Department,federal,,army.mil,https://api.army.mil/e2/c/downloads/2026/05/18/012bb470/fy26-apbi-briefing-slides-day-1-only-15may2026-final3-1.pdf,likely_public_domain,not checked,,,https://www.amazon.com/s?k=FY26+APBI+BRIEFING+Slides+Day+1&i=stripbooks,1,https://www.army.mil/micc/,"US federal government work: not protected by copyright in the US (17 U.S.C. 105). Contractor- or grantee-written parts and third-party photos or text inside it can still be copyrighted, and the US may claim copyright in other countries, which matters when choosing sales territories."
2026-09-27,yes,Maneuver Support Center of Excellence,,pdf,Army Department,federal,,army.mil,https://home.army.mil/wood/application/files/9415/8134/8187/Fact_Sheet_2020_v2.PDF,likely_public_domain,not checked,,,https://www.amazon.com/s?k=Maneuver+Support+Center+of+Excellence&i=stripbooks,1,https://www.army.mil/micc/,"US federal government work: not protected by copyright in the US (17 U.S.C. 105). Contractor- or grantee-written parts and third-party photos or text inside it can still be copyrighted, and the US may claim copyright in other countries, which matters when choosing sales territories."
2026-09-27,yes,Long_Barracks_Fact_Sheet,,pdf,Army Department,federal,,army.mil,https://api.army.mil/e2/c/downloads/2026/06/30/97dd5287/long-barracks-fact-sheet.pdf,likely_public_domain,not checked,,,https://www.amazon.com/s?k=Long_Barracks_Fact_Sheet&i=stripbooks,1,https://www.army.mil/micc/,"US federal government work: not protected by copyright in the US (17 U.S.C. 105). Contractor- or grantee-written parts and third-party photos or text inside it can still be copyrighted, and the US may claim copyright in other countries, which matters when choosing sales territories."
2026-09-27,yes,LMP WPR Fact Sheet (March 2018),,pdf,Army Department,federal,,army.mil,https://api.army.mil/e2/c/downloads/513180.pdf,likely_public_domain,not checked,,,https://www.amazon.com/s?k=LMP+WPR+Fact+Sheet+%28March+2018%29&i=stripbooks,1,https://www.army.mil/article/110935/lmp_publications,"US federal government work: not protected by copyright in the US (17 U.S.C. 105). Contractor- or grantee-written parts and third-party photos or text inside it can still be copyrighted, and the US may claim copyright in other countries, which matters when choosing sales territories."
2026-09-27,yes,LMP TAV-C Fact Sheet (March 2018),,pdf,Army Department,federal,,army.mil,https://api.army.mil/e2/c/downloads/513179.pdf,likely_public_domain,not checked,,,https://www.amazon.com/s?k=LMP+TAV-C+Fact+Sheet+%28March+2018%29&i=stripbooks,1,https://www.army.mil/article/110935/lmp_publications,"US federal government work: not protected by copyright in the US (17 U.S.C. 105). Contractor- or grantee-written parts and third-party photos or text inside it can still be copyrighted, and the US may claim copyright in other countries, which matters when choosing sales territories."
2026-09-27,yes,LMP Supporting Soldiers Fact Sheet (March 2018),,pdf,Army Department,federal,,army.mil,https://api.army.mil/e2/c/downloads/513178.pdf,likely_public_domain,not checked,,,https://www.amazon.com/s?k=LMP+Supporting+Soldiers+Fact+Sheet+%28March+2018%29&i=stripbooks,1,https://www.army.mil/article/110935/lmp_publications,"US federal government work: not protected by copyright in the US (17 U.S.C. 105). Contractor- or grantee-written parts and third-party photos or text inside it can still be copyrighted, and the US may claim copyright in other countries, which matters when choosing sales territories."
2026-09-27,yes,LMP Overview Fact Sheet (March 2018),,pdf,Army Department,federal,,army.mil,https://api.army.mil/e2/c/downloads/513177.pdf,likely_public_domain,not checked,,,https://www.amazon.com/s?k=LMP+Overview+Fact+Sheet+%28March+2018%29&i=stripbooks,1,https://www.army.mil/article/110935/lmp_publications,"US federal government work: not protected by copyright in the US (17 U.S.C. 105). Contractor- or grantee-written parts and third-party photos or text inside it can still be copyrighted, and the US may claim copyright in other countries, which matters when choosing sales territories."
2026-09-27,yes,LMPExpress - May 2017,,pdf,Army Department,federal,,army.mil,https://api.army.mil/e2/c/downloads/480401.pdf,likely_public_domain,not checked,,,https://www.amazon.com/s?k=LMPExpress+-+May+2017&i=stripbooks,1,https://www.army.mil/article/110935/lmp_publications,"US federal government work: not protected by copyright in the US (17 U.S.C. 105). Contractor- or grantee-written parts and third-party photos or text inside it can still be copyrighted, and the US may claim copyright in other countries, which matters when choosing sales territories."
2026-09-27,yes,2016-09 LMP Express,,pdf,Army Department,federal,,army.mil,https://api.army.mil/e2/c/downloads/532015.pdf,likely_public_domain,not checked,,,https://www.amazon.com/s?k=2016-09+LMP+Express&i=stripbooks,1,https://www.army.mil/article/211991/publications_archive,"US federal government work: not protected by copyright in the US (17 U.S.C. 105). Contractor- or grantee-written parts and third-party photos or text inside it can still be copyrighted, and the US may claim copyright in other countries, which matters when choosing sales territories."
2026-09-27,yes,2016-05 LMP Express,,pdf,Army Department,federal,,army.mil,https://api.army.mil/e2/c/downloads/532016.pdf,likely_public_domain,not checked,,,https://www.amazon.com/s?k=2016-05+LMP+Express&i=stripbooks,1,https://www.army.mil/article/211991/publications_archive,"US federal government work: not protected by copyright in the US (17 U.S.C. 105). Contractor- or grantee-written parts and third-party photos or text inside it can still be copyrighted, and the US may claim copyright in other countries, which matters when choosing sales territories."
2026-09-27,yes,2015-10 LMP Express,,pdf,Army Department,federal,,army.mil,https://api.army.mil/e2/c/downloads/532017.pdf,likely_public_domain,not checked,,,https://www.amazon.com/s?k=2015-10+LMP+Express&i=stripbooks,1,https://www.army.mil/article/211991/publications_archive,"US federal government work: not protected by copyright in the US (17 U.S.C. 105). Contractor- or grantee-written parts and third-party photos or text inside it can still be copyrighted, and the US may claim copyright in other countries, which matters when choosing sales territories."
2026-09-27,yes,2015-07 LMP Express,,pdf,Army Department,federal,,army.mil,https://api.army.mil/e2/c/downloads/532018.pdf,likely_public_domain,not checked,,,https://www.amazon.com/s?k=2015-07+LMP+Express&i=stripbooks,1,https://www.army.mil/article/211991/publications_archive,"US federal government work: not protected by copyright in the US (17 U.S.C. 105). Contractor- or grantee-written parts and third-party photos or text inside it can still be copyrighted, and the US may claim copyright in other countries, which matters when choosing sales territories."
2026-09-27,yes,2014-10 LMP Express,,pdf,Army Department,federal,,army.mil,https://api.army.mil/e2/c/downloads/532019.pdf,likely_public_domain,not checked,,,https://www.amazon.com/s?k=2014-10+LMP+Express&i=stripbooks,1,https://www.army.mil/article/211991/publications_archive,"US federal government work: not protected by copyright in the US (17 U.S.C. 105). Contractor- or grantee-written parts and third-party photos or text inside it can still be copyrighted, and the US may claim copyright in other countries, which matters when choosing sales territories."
2026-09-27,yes,2014-05 LMP Express,,pdf,Army Department,federal,,army.mil,https://api.army.mil/e2/c/downloads/532020.pdf,likely_public_domain,not checked,,,https://www.amazon.com/s?k=2014-05+LMP+Express&i=stripbooks,1,https://www.army.mil/article/211991/publications_archive,"US federal government work: not protected by copyright in the US (17 U.S.C. 105). Contractor- or grantee-written parts and third-party photos or text inside it can still be copyrighted, and the US may claim copyright in other countries, which matters when choosing sales territories."
2026-09-27,yes,2014-01 LMP Express,,pdf,Army Department,federal,,army.mil,https://api.army.mil/e2/c/downloads/532023.pdf,likely_public_domain,not checked,,,https://www.amazon.com/s?k=2014-01+LMP+Express&i=stripbooks,1,https://www.army.mil/article/211991/publications_archive,"US federal government work: not protected by copyright in the US (17 U.S.C. 105). Contractor- or grantee-written parts and third-party photos or text inside it can still be copyrighted, and the US may claim copyright in other countries, which matters when choosing sales territories."
2026-09-27,yes,2013-09 LMP Express,,pdf,Army Department,federal,,army.mil,https://api.army.mil/e2/c/downloads/532034.pdf,likely_public_domain,not checked,,,https://www.amazon.com/s?k=2013-09+LMP+Express&i=stripbooks,1,https://www.army.mil/article/211991/publications_archive,"US federal government work: not protected by copyright in the US (17 U.S.C. 105). Contractor- or grantee-written parts and third-party photos or text inside it can still be copyrighted, and the US may claim copyright in other countries, which matters when choosing sales territories."
2026-09-27,yes,2013-03 LMP Express,,pdf,Army Department,federal,,army.mil,https://api.army.mil/e2/c/downloads/532035.pdf,likely_public_domain,not checked,,,https://www.amazon.com/s?k=2013-03+LMP+Express&i=stripbooks,1,https://www.army.mil/article/211991/publications_archive,"US federal government work: not protected by copyright in the US (17 U.S.C. 105). Contractor- or grantee-written parts and third-party photos or text inside it can still be copyrighted, and the US may claim copyright in other countries, which matters when choosing sales territories."
2026-09-27,yes,2012-12 LMP Express,,pdf,Army Department,federal,,army.mil,https://api.army.mil/e2/c/downloads/532036.pdf,likely_public_domain,not checked,,,https://www.amazon.com/s?k=2012-12+LMP+Express&i=stripbooks,1,https://www.army.mil/article/211991/publications_archive,"US federal government work: not protected by copyright in the US (17 U.S.C. 105). Contractor- or grantee-written parts and third-party photos or text inside it can still be copyrighted, and the US may claim copyright in other countries, which matters when choosing sales territories."
2026-09-27,yes,2012-08 LMP Express,,pdf,Army Department,federal,,army.mil,https://api.army.mil/e2/c/downloads/532037.pdf,likely_public_domain,not checked,,,https://www.amazon.com/s?k=2012-08+LMP+Express&i=stripbooks,1,https://www.army.mil/article/211991/publications_archive,"US federal government work: not protected by copyright in the US (17 U.S.C. 105). Contractor- or grantee-written parts and third-party photos or text inside it can still be copyrighted, and the US may claim copyright in other countries, which matters when choosing sales territories."
2026-09-27,yes,2017-05 LMP Express,,pdf,Army Department,federal,,army.mil,https://api.army.mil/e2/c/downloads/532014.pdf,likely_public_domain,not checked,,,https://www.amazon.com/s?k=2017-05+LMP+Express&i=stripbooks,1,https://www.army.mil/article/211991/publications_archive,"US federal government work: not protected by copyright in the US (17 U.S.C. 105). Contractor- or grantee-written parts and third-party photos or text inside it can still be copyrighted, and the US may claim copyright in other countries, which matters when choosing sales territories."
2026-09-27,yes,2012-02 LMP Express,,pdf,Army Department,federal,,army.mil,https://api.army.mil/e2/c/downloads/532039.pdf,likely_public_domain,not checked,,,https://www.amazon.com/s?k=2012-02+LMP+Express&i=stripbooks,1,https://www.army.mil/article/211991/publications_archive,"US federal government work: not protected by copyright in the US (17 U.S.C. 105). Contractor- or grantee-written parts and third-party photos or text inside it can still be copyrighted, and the US may claim copyright in other countries, which matters when choosing sales territories."
2026-09-27,yes,2011-10 LMP Express,,pdf,Army Department,federal,,army.mil,https://api.army.mil/e2/c/downloads/532040.pdf,likely_public_domain,not checked,,,https://www.amazon.com/s?k=2011-10+LMP+Express&i=stripbooks,1,https://www.army.mil/article/211991/publications_archive,"US federal government work: not protected by copyright in the US (17 U.S.C. 105). Contractor- or grantee-written parts and third-party photos or text inside it can still be copyrighted, and the US may claim copyright in other countries, which matters when choosing sales territories."
2026-09-27,yes,2011-06 LMP Express,,pdf,Army Department,federal,,army.mil,https://api.army.mil/e2/c/downloads/532041.pdf,likely_public_domain,not checked,,,https://www.amazon.com/s?k=2011-06+LMP+Express&i=stripbooks,1,https://www.army.mil/article/211991/publications_archive,"US federal government work: not protected by copyright in the US (17 U.S.C. 105). Contractor- or grantee-written parts and third-party photos or text inside it can still be copyrighted, and the US may claim copyright in other countries, which matters when choosing sales territories."
2026-09-27,yes,2011-03 LMP Express,,pdf,Army Department,federal,,army.mil,https://api.army.mil/e2/c/downloads/532042.pdf,likely_public_domain,not checked,,,https://www.amazon.com/s?k=2011-03+LMP+Express&i=stripbooks,1,https://www.army.mil/article/211991/publications_archive,"US federal government work: not protected by copyright in the US (17 U.S.C. 105). Contractor- or grantee-written parts and third-party photos or text inside it can still be copyrighted, and the US may claim copyright in other countries, which matters when choosing sales territories."
2026-09-27,yes,2017-05-11 Increment 2 Overview Fact Sheet,,pdf,Army Department,federal,,army.mil,https://api.army.mil/e2/c/downloads/533130.pdf,likely_public_domain,not checked,,,https://www.amazon.com/s?k=2017-05-11+Increment+2+Overview+Fact+Sheet&i=stripbooks,1,https://www.army.mil/article/211991/publications_archive,"US federal government work: not protected by copyright in the US (17 U.S.C. 105). Contractor- or grantee-written parts and third-party photos or text inside it can still be copyrighted, and the US may claim copyright in other countries, which matters when choosing sales territories."
2026-09-27,yes,2015-12-10 Increment 2 APS Fact Sheet,,pdf,Army Department,federal,,army.mil,https://api.army.mil/e2/c/downloads/533131.pdf,likely_public_domain,not checked,,,https://www.amazon.com/s?k=2015-12-10+Increment+2+APS+Fact+Sheet&i=stripbooks,1,https://www.army.mil/article/211991/publications_archive,"US federal government work: not protected by copyright in the US (17 U.S.C. 105). Contractor- or grantee-written parts and third-party photos or text inside it can still be copyrighted, and the US may claim copyright in other countries, which matters when choosing sales territories."
2026-09-27,yes,2015-12-10 Increment 2 ERP Integration Fact Sheet,,pdf,Army Department,federal,,army.mil,https://api.army.mil/e2/c/downloads/533132.pdf,likely_public_domain,not checked,,,https://www.amazon.com/s?k=2015-12-10+Increment+2+ERP+Integration+Fact+Sheet&i=stripbooks,1,https://www.army.mil/article/211991/publications_archive,"US federal government work: not protected by copyright in the US (17 U.S.C. 105). Contractor- or grantee-written parts and third-party photos or text inside it can still be copyrighted, and the US may claim copyright in other countries, which matters when choosing sales territories."
2026-09-27,yes,2015-12-10 Increment 2 NAMI Fact Sheet,,pdf,Army Department,federal,,army.mil,https://api.army.mil/e2/c/downloads/533133.pdf,likely_public_domain,not checked,,,https://www.amazon.com/s?k=2015-12-10+Increment+2+NAMI+Fact+Sheet&i=stripbooks,1,https://www.army.mil/article/211991/publications_archive,"US federal government work: not protected by copyright in the US (17 U.S.C. 105). Contractor- or grantee-written parts and third-party photos or text inside it can still be copyrighted, and the US may claim copyright in other countries, which matters when choosing sales territories."
2026-09-27,yes,2015-12-10 Increment 2 AMMO Fact Sheet,,pdf,Army Department,federal,,army.mil,https://api.army.mil/e2/c/downloads/533134.pdf,likely_public_domain,not checked,,,https://www.amazon.com/s?k=2015-12-10+Increment+2+AMMO+Fact+Sheet&i=stripbooks,1,https://www.army.mil/article/211991/publications_archive,"US federal government work: not protected by copyright in the US (17 U.S.C. 105). Contractor- or grantee-written parts and third-party photos or text inside it can still be copyrighted, and the US may claim copyright in other countries, which matters when choosing sales territories."
2026-09-27,yes,2015-12-14 Increment 2 EIB Fact Sheet,,pdf,Army Department,federal,,army.mil,https://api.army.mil/e2/c/downloads/533135.pdf,likely_public_domain,not checked,,,https://www.amazon.com/s?k=2015-12-14+Increment+2+EIB+Fact+Sheet&i=stripbooks,1,https://www.army.mil/article/211991/publications_archive,"US federal government work: not protected by copyright in the US (17 U.S.C. 105). Contractor- or grantee-written parts and third-party photos or text inside it can still be copyrighted, and the US may claim copyright in other countries, which matters when choosing sales territories."
2026-09-27,yes,2015-12-10 Increment 2 NAMI LR GIM Fact Sheet,,pdf,Army Department,federal,,army.mil,https://api.army.mil/e2/c/downloads/533136.pdf,likely_public_domain,not checked,,,https://www.amazon.com/s?k=2015-12-10+Increment+2+NAMI+LR+GIM+Fact+Sheet&i=stripbooks,1,https://www.army.mil/article/211991/publications_archive,"US federal government work: not protected by copyright in the US (17 U.S.C. 105). Contractor- or grantee-written parts and third-party photos or text inside it can still be copyrighted, and the US may claim copyright in other countries, which matters when choosing sales territories."
2026-09-27,yes,2015-12-10 Increment 2 NMP Fact Sheet,,pdf,Army Department,federal,,army.mil,https://api.army.mil/e2/c/downloads/533137.pdf,likely_public_domain,not checked,,,https://www.amazon.com/s?k=2015-12-10+Increment+2+NMP+Fact+Sheet&i=stripbooks,1,https://www.army.mil/article/211991/publications_archive,"US federal government work: not protected by copyright in the US (17 U.S.C. 105). Contractor- or grantee-written parts and third-party photos or text inside it can still be copyrighted, and the US may claim copyright in other countries, which matters when choosing sales territories."
2026-09-27,yes,2012-05 LMP Express,,pdf,Army Department,federal,,army.mil,https://api.army.mil/e2/c/downloads/532038.pdf,likely_public_domain,not checked,,,https://www.amazon.com/s?k=2012-05+LMP+Express&i=stripbooks,1,https://www.army.mil/article/211991/publications_archive,"US federal government work: not protected by copyright in the US (17 U.S.C. 105). Contractor- or grantee-written parts and third-party photos or text inside it can still be copyrighted, and the US may claim copyright in other countries, which matters when choosing sales territories."
2026-09-27,yes,LMP Team Express January 2019,,pdf,Army Department,federal,,army.mil,https://api.army.mil/e2/c/downloads/577637.pdf,likely_public_domain,not checked,,,https://www.amazon.com/s?k=LMP+Team+Express+January+2019&i=stripbooks,1,https://www.army.mil/lmp,"US federal government work: not protected by copyright in the US (17 U.S.C. 105). Contractor- or grantee-written parts and third-party photos or text inside it can still be copyrighted, and the US may claim copyright in other countries, which matters when choosing sales territories."
2026-09-27,yes,LMP Express – April 2020 – 20th Anniversary,,pdf,Army Department,federal,,army.mil,https://api.army.mil/e2/c/downloads/2021/03/05/e353f31a/lmp-team-express-april-2020-final-2-apr-20.pdf,likely_public_domain,not checked,,,https://www.amazon.com/s?k=LMP+Express+%E2%80%93+April+2020+%E2%80%93+20th+Anniversary&i=stripbooks,1,https://www.army.mil/lmp,"US federal government work: not protected by copyright in the US (17 U.S.C. 105). Contractor- or grantee-written parts and third-party photos or text inside it can still be copyrighted, and the US may claim copyright in other countries, which matters when choosing sales territories."
2026-09-27,yes,LMP ACWS Capabilities Fact Sheet,,pdf,Army Department,federal,,army.mil,https://api.army.mil/e2/c/downloads/577636.pdf,likely_public_domain,not checked,,,https://www.amazon.com/s?k=LMP+ACWS+Capabilities+Fact+Sheet&i=stripbooks,1,https://www.army.mil/lmp,"US federal government work: not protected by copyright in the US (17 U.S.C. 105). Contractor- or grantee-written parts and third-party photos or text inside it can still be copyrighted, and the US may claim copyright in other countries, which matters when choosing sales territories."
2026-09-27,yes,LMP WPR Capabilities Fact Sheet,,pdf,Army Department,federal,,army.mil,https://api.army.mil/e2/c/downloads/577635.pdf,likely_public_domain,not checked,,,https://www.amazon.com/s?k=LMP+WPR+Capabilities+Fact+Sheet&i=stripbooks,1,https://www.army.mil/lmp,"US federal government work: not protected by copyright in the US (17 U.S.C. 105). Contractor- or grantee-written parts and third-party photos or text inside it can still be copyrighted, and the US may claim copyright in other countries, which matters when choosing sales territories."
2026-09-27,yes,LMP TAV-C Capabilities Fact Sheet,,pdf,Army Department,federal,,army.mil,https://api.army.mil/e2/c/downloads/577634.pdf,likely_public_domain,not checked,,,https://www.amazon.com/s?k=LMP+TAV-C+Capabilities+Fact+Sheet&i=stripbooks,1,https://www.army.mil/lmp,"US federal government work: not protected by copyright in the US (17 U.S.C. 105). Contractor- or grantee-written parts and third-party photos or text inside it can still be copyrighted, and the US may claim copyright in other countries, which matters when choosing sales territories."
2026-09-27,yes,LMP Supporting Soldiers Fact Sheet,,pdf,Army Department,federal,,army.mil,https://api.army.mil/e2/c/downloads/577633.pdf,likely_public_domain,not checked,,,https://www.amazon.com/s?k=LMP+Supporting+Soldiers+Fact+Sheet&i=stripbooks,1,https://www.army.mil/lmp,"US federal government work: not protected by copyright in the US (17 U.S.C. 105). Contractor- or grantee-written parts and third-party photos or text inside it can still be copyrighted, and the US may claim copyright in other countries, which matters when choosing sales territories."
2026-09-27,yes,LMP 101 Fact Sheet,,pdf,Army Department,federal,,army.mil,https://api.army.mil/e2/c/downloads/577632.pdf,likely_public_domain,not checked,,,https://www.amazon.com/s?k=LMP+101+Fact+Sheet&i=stripbooks,1,https://www.army.mil/lmp,"US federal government work: not protected by copyright in the US (17 U.S.C. 105). Contractor- or grantee-written parts and third-party photos or text inside it can still be copyrighted, and the US may claim copyright in other countries, which matters when choosing sales territories."
2026-09-27,yes,G-Invoicing Fact Sheet (May 2023),,pdf,Army Department,federal,,army.mil,https://api.army.mil/e2/c/downloads/2023/05/22/7038cc72/g-invoicing-fact-sheet-final-4-may-23.pdf,likely_public_domain,not checked,,,https://www.amazon.com/s?k=G-Invoicing+Fact+Sheet+%28May+2023%29&i=stripbooks,1,https://www.army.mil/lmp,"US federal government work: not protected by copyright in the US (17 U.S.C. 105). Contractor- or grantee-written parts and third-party photos or text inside it can still be copyrighted, and the US may claim copyright in other countries, which matters when choosing sales territories."
2026-09-27,yes,Phantom Family Open House 27,,pdf,Army Department,federal,,army.mil,https://api.army.mil/e2/c/downloads/2026/04/22/dd8e2c3c/phantom-family-open-house-27.pdf,likely_public_domain,not checked,,,https://www.amazon.com/s?k=Phantom+Family+Open+House+27&i=stripbooks,1,https://www.army.mil/IIICorps,"US federal government work: not protected by copyright in the US (17 U.S.C. 105). Contractor- or grantee-written parts and third-party photos or text inside it can still be copyrighted, and the US may claim copyright in other countries, which matters when choosing sales territories."
2026-09-27,yes,Industry Engagement Standards MFR,,pdf,Army Department,federal,,army.mil,https://api.army.mil/e2/c/downloads/2026/02/24/a5ad1285/industry-engagement-standards-mfr.pdf,likely_public_domain,not checked,,,https://www.amazon.com/s?k=Industry+Engagement+Standards+MFR&i=stripbooks,1,https://www.army.mil/icorps,"US federal government work: not protected by copyright in the US (17 U.S.C. 105). Contractor- or grantee-written parts and third-party photos or text inside it can still be copyrighted, and the US may claim copyright in other countries, which matters when choosing sales territories."
2026-09-27,yes,SEAM OCIE Example w Images,,pdf,Army Department,federal,,army.mil,https://api.army.mil/e2/c/downloads/2026/01/12/56683d6e/seam-ocie-example-w-images.pdf,likely_public_domain,not checked,,,https://www.amazon.com/s?k=SEAM+OCIE+Example+w+Images&i=stripbooks,1,https://www.army.mil/icorps,"US federal government work: not protected by copyright in the US (17 U.S.C. 105). Contractor- or grantee-written parts and third-party photos or text inside it can still be copyrighted, and the US may claim copyright in other countries, which matters when choosing sales territories."
2026-09-27,yes,Replacing Fire Extinguishers,,pdf,Army Department,federal,,army.mil,https://api.army.mil/e2/c/downloads/2025/03/13/3cba66f1/replacing-fire-extinguishers.pdf,likely_public_domain,not checked,,,https://www.amazon.com/s?k=Replacing+Fire+Extinguishers&i=stripbooks,1,https://www.army.mil/icorps,"US federal government work: not protected by copyright in the US (17 U.S.C. 105). Contractor- or grantee-written parts and third-party photos or text inside it can still be copyrighted, and the US may claim copyright in other countries, which matters when choosing sales territories."
2026-09-27,yes,Funeral Detail SOP.docx,,docx,Army Department,federal,,army.mil,https://api.army.mil/e2/c/downloads/2025/03/02/cab3d31f/funeral-detail-sop.docx,likely_public_domain,not checked,,,https://www.amazon.com/s?k=Funeral+Detail+SOP.docx&i=stripbooks,1,https://www.army.mil/icorps,"US federal government work: not protected by copyright in the US (17 U.S.C. 105). Contractor- or grantee-written parts and third-party photos or text inside it can still be copyrighted, and the US may claim copyright in other countries, which matters when choosing sales territories."
2026-09-27,yes,Army Benefits at Separation,,pdf,Army Department,federal,,army.mil,https://api.army.mil/e2/c/downloads/2025/03/14/b2a82443/army-benefits-at-separation.pdf,likely_public_domain,not checked,,,https://www.amazon.com/s?k=Army+Benefits+at+Separation&i=stripbooks,1,https://www.army.mil/icorps,"US federal government work: not protected by copyright in the US (17 U.S.C. 105). Contractor- or grantee-written parts and third-party photos or text inside it can still be copyrighted, and the US may claim copyright in other countries, which matters when choosing sales territories."
2026-09-27,yes,20250730_DRAFT_TRADOC_example_shaving_reference_and_handout,,pdf,Army Department,federal,,army.mil,https://api.army.mil/e2/c/downloads/2025/09/29/cf4237e7/20250730-draft-tradoc-example-shaving-reference-and-handout.pdf,likely_public_domain,not checked,,,https://www.amazon.com/s?k=20250730_DRAFT_TRADOC_example_shaving_reference_and_handout&i=stripbooks,1,https://www.army.mil/icorps,"US federal government work: not protected by copyright in the US (17 U.S.C. 105). Contractor- or grantee-written parts and third-party photos or text inside it can still be copyrighted, and the US may claim copyright in other countries, which matters when choosing sales territories."
2026-09-27,yes,TB MED 287 JUL2025,,pdf,Army Department,federal,,army.mil,https://api.army.mil/e2/c/downloads/2025/09/29/89dfa985/tb-med-287-jul2025.pdf,likely_public_domain,not checked,,,https://www.amazon.com/s?k=TB+MED+287+JUL2025&i=stripbooks,1,https://www.army.mil/icorps,"US federal government work: not protected by copyright in the US (17 U.S.C. 105). Contractor- or grantee-written parts and third-party photos or text inside it can still be copyrighted, and the US may claim copyright in other countries, which matters when choosing sales territories."
2026-09-27,yes,Patriot School of Standards.docx,,docx,Army Department,federal,,army.mil,https://api.army.mil/e2/c/downloads/2025/03/20/0a9cab97/patriot-school-of-standards.docx,likely_public_domain,not checked,,,https://www.amazon.com/s?k=Patriot+School+of+Standards.docx&i=stripbooks,1,https://www.army.mil/icorps,"US federal government work: not protected by copyright in the US (17 U.S.C. 105). Contractor- or grantee-written parts and third-party photos or text inside it can still be copyrighted, and the US may claim copyright in other countries, which matters when choosing sales territories."
2026-09-27,yes,Appendix L - TAP Waiver Request.docx,,docx,Army Department,federal,,army.mil,https://api.army.mil/e2/c/downloads/2025/03/02/e42d83da/appendix-l-tap-waiver-request.docx,likely_public_domain,not checked,,,https://www.amazon.com/s?k=Appendix+L+-+TAP+Waiver+Request.docx&i=stripbooks,1,https://www.army.mil/icorps,"US federal government work: not protected by copyright in the US (17 U.S.C. 105). Contractor- or grantee-written parts and third-party photos or text inside it can still be copyrighted, and the US may claim copyright in other countries, which matters when choosing sales territories."
2026-09-27,yes,Appendix L - Commander Request to Expedite the TAP process.docx,,docx,Army Department,federal,,army.mil,https://api.army.mil/e2/c/downloads/2025/03/02/e49de385/appendix-l-commander-request-to-expedite-the-tap-process.docx,likely_public_domain,not checked,,,https://www.amazon.com/s?k=Appendix+L+-+Commander+Request+to+Expedite+the+TAP+process.docx&i=stripbooks,1,https://www.army.mil/icorps,"US federal government work: not protected by copyright in the US (17 U.S.C. 105). Contractor- or grantee-written parts and third-party photos or text inside it can still be copyrighted, and the US may claim copyright in other countries, which matters when choosing sales territories."
2026-09-27,yes,Appendix I - FLAG Counseling,,pdf,Army Department,federal,,army.mil,https://api.army.mil/e2/c/downloads/2025/03/02/c3f837ee/appendix-i-flag-counseling.pdf,likely_public_domain,not checked,,,https://www.amazon.com/s?k=Appendix+I+-+FLAG+Counseling&i=stripbooks,1,https://www.army.mil/icorps,"US federal government work: not protected by copyright in the US (17 U.S.C. 105). Contractor- or grantee-written parts and third-party photos or text inside it can still be copyrighted, and the US may claim copyright in other countries, which matters when choosing sales territories."
2026-09-27,yes,Appendix B - Chapter 14-12 Separation Counseling,,pdf,Army Department,federal,,army.mil,https://api.army.mil/e2/c/downloads/2025/03/02/b78e673a/appendix-b-chapter-14-12-separation-counseling.pdf,likely_public_domain,not checked,,,https://www.amazon.com/s?k=Appendix+B+-+Chapter+14-12+Separation+Counseling&i=stripbooks,1,https://www.army.mil/icorps,"US federal government work: not protected by copyright in the US (17 U.S.C. 105). Contractor- or grantee-written parts and third-party photos or text inside it can still be copyrighted, and the US may claim copyright in other countries, which matters when choosing sales territories."
2026-09-27,yes,Appendix B - Chapter 13 Separation Counseling,,pdf,Army Department,federal,,army.mil,https://api.army.mil/e2/c/downloads/2025/03/02/8917b7c6/appendix-b-chapter-13-separation-counseling.pdf,likely_public_domain,not checked,,,https://www.amazon.com/s?k=Appendix+B+-+Chapter+13+Separation+Counseling&i=stripbooks,1,https://www.army.mil/icorps,"US federal government work: not protected by copyright in the US (17 U.S.C. 105). Contractor- or grantee-written parts and third-party photos or text inside it can still be copyrighted, and the US may claim copyright in other countries, which matters when choosing sales territories."
2026-09-27,yes,Appendix B - Chapter 5-14 Separation Counseling,,pdf,Army Department,federal,,army.mil,https://api.army.mil/e2/c/downloads/2025/03/02/9c02557f/appendix-b-chapter-5-14-separation-counseling.pdf,likely_public_domain,not checked,,,https://www.amazon.com/s?k=Appendix+B+-+Chapter+5-14+Separation+Counseling&i=stripbooks,1,https://www.army.mil/icorps,"US federal government work: not protected by copyright in the US (17 U.S.C. 105). Contractor- or grantee-written parts and third-party photos or text inside it can still be copyrighted, and the US may claim copyright in other countries, which matters when choosing sales territories."
2026-09-27,yes,LIFE CYCLE LAPTOP.docx,,docx,Army Department,federal,,army.mil,https://api.army.mil/e2/c/downloads/2025/03/02/7a0264c8/life-cycle-laptop.docx,likely_public_domain,not checked,,,https://www.amazon.com/s?k=LIFE+CYCLE+LAPTOP.docx&i=stripbooks,1,https://www.army.mil/icorps,"US federal government work: not protected by copyright in the US (17 U.S.C. 105). Contractor- or grantee-written parts and third-party photos or text inside it can still be copyrighted, and the US may claim copyright in other countries, which matters when choosing sales territories."
2026-09-27,yes,HDD Destruction SOP.docx,,docx,Army Department,federal,,army.mil,https://api.army.mil/e2/c/downloads/2025/03/02/2678a803/hdd-destruction-sop.docx,likely_public_domain,not checked,,,https://www.amazon.com/s?k=HDD+Destruction+SOP.docx&i=stripbooks,1,https://www.army.mil/icorps,"US federal government work: not protected by copyright in the US (17 U.S.C. 105). Contractor- or grantee-written parts and third-party photos or text inside it can still be copyrighted, and the US may claim copyright in other countries, which matters when choosing sales territories."
2026-09-27,yes,BN Barracks Management Deck,,pdf,Army Department,federal,,army.mil,https://api.army.mil/e2/c/downloads/2025/03/13/f5ec8571/bn-barracks-management-deck.pdf,likely_public_domain,not checked,,,https://www.amazon.com/s?k=BN+Barracks+Management+Deck&i=stripbooks,1,https://www.army.mil/icorps,"US federal government work: not protected by copyright in the US (17 U.S.C. 105). Contractor- or grantee-written parts and third-party photos or text inside it can still be copyrighted, and the US may claim copyright in other countries, which matters when choosing sales territories."
2026-09-27,yes,ALARACT 062_2025,,pdf,Army Department,federal,,army.mil,https://api.army.mil/e2/c/downloads/2026/07/28/d221cfaa/alaract-062-2025.pdf,likely_public_domain,not checked,,,https://www.amazon.com/s?k=ALARACT+062_2025&i=stripbooks,1,https://www.army.mil/g-4/,"US federal government work: not protected by copyright in the US (17 U.S.C. 105). Contractor- or grantee-written parts and third-party photos or text inside it can still be copyrighted, and the US may claim copyright in other countries, which matters when choosing sales territories."
2026-09-27,yes,Mr. Daniel W. Lewis Biography,,pdf,Army Department,federal,,army.mil,https://api.army.mil/e2/c/downloads/2025/01/05/259e476a/biography-mr-lewis-rmo.pdf,likely_public_domain,not checked,,,https://www.amazon.com/s?k=Mr.+Daniel+W.+Lewis+Biography&i=stripbooks,1,https://www.army.mil/g-1pr,"US federal government work: not protected by copyright in the US (17 U.S.C. 105). Contractor- or grantee-written parts and third-party photos or text inside it can still be copyrighted, and the US may claim copyright in other countries, which matters when choosing sales territories."
2026-09-27,yes,COL Scott B. Seidel Biography,,pdf,Army Department,federal,,army.mil,https://api.army.mil/e2/c/downloads/2024/12/18/76974e3d/col-seidel-bio.pdf,likely_public_domain,not checked,,,https://www.amazon.com/s?k=COL+Scott+B.+Seidel+Biography&i=stripbooks,1,https://www.army.mil/g-1pr,"US federal government work: not protected by copyright in the US (17 U.S.C. 105). Contractor- or grantee-written parts and third-party photos or text inside it can still be copyrighted, and the US may claim copyright in other countries, which matters when choosing sales territories."
2026-09-27,yes,Mr. Geoffrey F. Carpenter Biography,,pdf,Army Department,federal,,army.mil,https://api.army.mil/e2/c/downloads/2024/12/18/0c5e1b27/biography-mr-carpenter-pra.pdf,likely_public_domain,not checked,,,https://www.amazon.com/s?k=Mr.+Geoffrey+F.+Carpenter+Biography&i=stripbooks,1,https://www.army.mil/g-1pr,"US federal government work: not protected by copyright in the US (17 U.S.C. 105). Contractor- or grantee-written parts and third-party photos or text inside it can still be copyrighted, and the US may claim copyright in other countries, which matters when choosing sales territories."
2026-09-27,yes,LTC SCOTT D. HOOGLAND BIOGRAPHY,,pdf,Army Department,federal,,army.mil,https://api.army.mil/e2/c/downloads/2026/09/23/2433b198/ltc-hoogland-bio.pdf,likely_public_domain,not checked,,,https://www.amazon.com/s?k=LTC+SCOTT+D.+HOOGLAND+BIOGRAPHY&i=stripbooks,1,https://www.army.mil/g-1pr,"US federal government work: not protected by copyright in the US (17 U.S.C. 105). Contractor- or grantee-written parts and third-party photos or text inside it can still be copyrighted, and the US may claim copyright in other countries, which matters when choosing sales territories."
2026-09-27,yes,Dr. Robert L. Steinrauf Biography,,pdf,Army Department,federal,,army.mil,https://api.army.mil/e2/c/downloads/2024/12/17/1222cde2/biography-dr-steinrauf-rl.pdf,likely_public_domain,not checked,,,https://www.amazon.com/s?k=Dr.+Robert+L.+Steinrauf+Biography&i=stripbooks,1,https://www.army.mil/g-1pr,"US federal government work: not protected by copyright in the US (17 U.S.C. 105). Contractor- or grantee-written parts and third-party photos or text inside it can still be copyrighted, and the US may claim copyright in other countries, which matters when choosing sales territories."
2026-09-27,yes,Smartbook DA PAM 601-280_Effective 31 August 2026,,pdf,Army Department,federal,,army.mil,https://api.army.mil/e2/c/downloads/2026/09/08/47d2705b/smartbook-da-pam-601-280-effective-31-august-2026.pdf,likely_public_domain,not checked,,,https://www.amazon.com/s?k=Smartbook+DA+PAM+601-280_Effective+31+August+2026&i=stripbooks,1,https://www.army.mil/g-1,"US federal government work: not protected by copyright in the US (17 U.S.C. 105). Contractor- or grantee-written parts and third-party photos or text inside it can still be copyrighted, and the US may claim copyright in other countries, which matters when choosing sales territories."
2026-09-27,yes,Board Brief; NCO Evaluation Board Supplement,,pdf,Army Department,federal,,army.mil,https://api.army.mil/e2/c/downloads/2025/08/21/10d80bde/cmf-94-board-products-20-aug-25.pdf,likely_public_domain,not checked,,,https://www.amazon.com/s?k=Board+Brief&i=stripbooks,1,https://www.army.mil/g-1,"US federal government work: not protected by copyright in the US (17 U.S.C. 105). Contractor- or grantee-written parts and third-party photos or text inside it can still be copyrighted, and the US may claim copyright in other countries, which matters when choosing sales territories."
2026-09-27,yes,DA Pam 600-25; NCO Evaluation Board Supplement,,pdf,Army Department,federal,,army.mil,https://api.army.mil/e2/c/downloads/2024/08/09/9848aa94/cmf-94-da-pam-600-25-9-aug-24.pdf,likely_public_domain,not checked,,,https://www.amazon.com/s?k=DA+Pam+600-25&i=stripbooks,1,https://www.army.mil/g-1,"US federal government work: not protected by copyright in the US (17 U.S.C. 105). Contractor- or grantee-written parts and third-party photos or text inside it can still be copyrighted, and the US may claim copyright in other countries, which matters when choosing sales territories."
2026-09-27,yes,CMF 11 – Board Brief; NCO Evaluation Board Supplement,,pdf,Army Department,federal,,army.mil,https://api.army.mil/e2/c/downloads/2025/08/26/8f971eaa/cmf-11-board-products-25-aug-25.pdf,likely_public_domain,not checked,,,https://www.amazon.com/s?k=CMF+11+%E2%80%93+Board+Brief&i=stripbooks,1,https://www.army.mil/g-1,"US federal government work: not protected by copyright in the US (17 U.S.C. 105). Contractor- or grantee-written parts and third-party photos or text inside it can still be copyrighted, and the US may claim copyright in other countries, which matters when choosing sales territories."
2026-09-27,yes,CMF 11 – DA Pam 600-25; NCO Evaluation Board Supplement,,pdf,Army Department,federal,,army.mil,https://api.army.mil/e2/c/downloads/2022/10/19/0c4aa606/cmf-11-final-18-oct-22.pdf,likely_public_domain,not checked,,,https://www.amazon.com/s?k=CMF+11+%E2%80%93+DA+Pam+600-25&i=stripbooks,1,https://www.army.mil/g-1,"US federal government work: not protected by copyright in the US (17 U.S.C. 105). Contractor- or grantee-written parts and third-party photos or text inside it can still be copyrighted, and the US may claim copyright in other countries, which matters when choosing sales territories."
2026-09-27,yes,MOS 00Z - DA Pam 600-25; NCO Evaluation Board Supplement,,pdf,Army Department,federal,,army.mil,https://api.army.mil/e2/c/downloads/2022/07/12/a7e6965d/mos-00z.pdf,likely_public_domain,not checked,,,https://www.amazon.com/s?k=MOS+00Z+-+DA+Pam+600-25&i=stripbooks,1,https://www.army.mil/g-1,"US federal government work: not protected by copyright in the US (17 U.S.C. 105). Contractor- or grantee-written parts and third-party photos or text inside it can still be copyrighted, and the US may claim copyright in other countries, which matters when choosing sales territories."
2026-09-27,yes,Chapter 14 - Enlisted Special Reporting Codes,,pdf,Army Department,federal,,army.mil,https://api.army.mil/e2/c/downloads/2025/12/04/38a5875f/chapter-14-enlisted-special-reporting-codes.pdf,likely_public_domain,not checked,,,https://www.amazon.com/s?k=Chapter+14+-+Enlisted+Special+Reporting+Codes&i=stripbooks,1,https://www.army.mil/g-1,"US federal government work: not protected by copyright in the US (17 U.S.C. 105). Contractor- or grantee-written parts and third-party photos or text inside it can still be copyrighted, and the US may claim copyright in other countries, which matters when choosing sales territories."
2026-09-27,yes,Chapter 12 - Enlisted Special Qualification Identifiers and Additional Skill Identifiers,,pdf,Army Department,federal,,army.mil,https://api.army.mil/e2/c/downloads/2025/12/04/1b53beff/chapter-12-enlisted-identifiers.pdf,likely_public_domain,not checked,,,https://www.amazon.com/s?k=Chapter+12+-+Enlisted+Special+Qualification+Identifiers+and+Additional+Skill+Identifiers&i=stripbooks,1,https://www.army.mil/g-1,"US federal government work: not protected by copyright in the US (17 U.S.C. 105). Contractor- or grantee-written parts and third-party photos or text inside it can still be copyrighted, and the US may claim copyright in other countries, which matters when choosing sales territories."
2026-09-27,yes,Chapter 11 - Standards of Grade (SG) for Specialized Duty Functions,,pdf,Army Department,federal,,army.mil,https://api.army.mil/e2/c/downloads/2025/12/04/16bde318/chapter-11-sg-for-specialized-duty-functions.pdf,likely_public_domain,not checked,,,https://www.amazon.com/s?k=Chapter+11+-+Standards+of+Grade+%28SG%29+for+Specialized+Duty+Functions&i=stripbooks,1,https://www.army.mil/g-1,"US federal government work: not protected by copyright in the US (17 U.S.C. 105). Contractor- or grantee-written parts and third-party photos or text inside it can still be copyrighted, and the US may claim copyright in other countries, which matters when choosing sales territories."
2026-09-27,yes,Chapter 10D - Enlisted MOS Standards of Grade,,pdf,Army Department,federal,,army.mil,https://api.army.mil/e2/c/downloads/2025/12/04/ebe85274/chapter-10d-enlisted-sg-tables.pdf,likely_public_domain,not checked,,,https://www.amazon.com/s?k=Chapter+10D+-+Enlisted+MOS+Standards+of+Grade&i=stripbooks,1,https://www.army.mil/g-1,"US federal government work: not protected by copyright in the US (17 U.S.C. 105). Contractor- or grantee-written parts and third-party photos or text inside it can still be copyrighted, and the US may claim copyright in other countries, which matters when choosing sales territories."
2026-09-27,yes,Chapter 10C - Enlisted MOS Specifications,,pdf,Army Department,federal,,army.mil,https://api.army.mil/e2/c/downloads/2025/12/04/20612de5/chapter-10c-enlisted-mos-specifications.pdf,likely_public_domain,not checked,,,https://www.amazon.com/s?k=Chapter+10C+-+Enlisted+MOS+Specifications&i=stripbooks,1,https://www.army.mil/g-1,"US federal government work: not protected by copyright in the US (17 U.S.C. 105). Contractor- or grantee-written parts and third-party photos or text inside it can still be copyrighted, and the US may claim copyright in other countries, which matters when choosing sales territories."
2026-09-27,yes,Chapter 10B - Enlisted MOS Physical Requirements,,pdf,Army Department,federal,,army.mil,https://api.army.mil/e2/c/downloads/2025/12/04/a4b0fcd2/chapter-10b-enlisted-physical-requirements.pdf,likely_public_domain,not checked,,,https://www.amazon.com/s?k=Chapter+10B+-+Enlisted+MOS+Physical+Requirements&i=stripbooks,1,https://www.army.mil/g-1,"US federal government work: not protected by copyright in the US (17 U.S.C. 105). Contractor- or grantee-written parts and third-party photos or text inside it can still be copyrighted, and the US may claim copyright in other countries, which matters when choosing sales territories."
2026-09-27,yes,Chapter 10A - CMF Career Progression Charts,,pdf,Army Department,federal,,army.mil,https://api.army.mil/e2/c/downloads/2025/12/04/87d16c15/chapter-10a-enlisted-career-progression-charts.pdf,likely_public_domain,not checked,,,https://www.amazon.com/s?k=Chapter+10A+-+CMF+Career+Progression+Charts&i=stripbooks,1,https://www.army.mil/g-1,"US federal government work: not protected by copyright in the US (17 U.S.C. 105). Contractor- or grantee-written parts and third-party photos or text inside it can still be copyrighted, and the US may claim copyright in other countries, which matters when choosing sales territories."
2026-09-27,yes,"Chapter 10 - Enlisted MOS, Specifications, Standards of Grade, Physical Demands, and Career Charts",,pdf,Army Department,federal,,army.mil,https://api.army.mil/e2/c/downloads/2025/12/04/7573670f/chapter-10-enlisted-base-chapter.pdf,likely_public_domain,not checked,,,https://www.amazon.com/s?k=Chapter+10+-+Enlisted+MOS%2C+Specifications%2C+Standards+of+Grade%2C+Physical+Demands%2C+and&i=stripbooks,1,https://www.army.mil/g-1,"US federal government work: not protected by copyright in the US (17 U.S.C. 105). Contractor- or grantee-written parts and third-party photos or text inside it can still be copyrighted, and the US may claim copyright in other countries, which matters when choosing sales territories."
2026-09-27,yes,Chapter 9 - Enlisted Classification System,,pdf,Army Department,federal,,army.mil,https://api.army.mil/e2/c/downloads/2025/12/04/8f9be702/chapter-9-enlisted-classification-system.pdf,likely_public_domain,not checked,,,https://www.amazon.com/s?k=Chapter+9+-+Enlisted+Classification+System&i=stripbooks,1,https://www.army.mil/g-1,"US federal government work: not protected by copyright in the US (17 U.S.C. 105). Contractor- or grantee-written parts and third-party photos or text inside it can still be copyrighted, and the US may claim copyright in other countries, which matters when choosing sales territories."
2026-09-27,yes,Chapter 8D - Warrant Officer Physical Requirements,,pdf,Army Department,federal,,army.mil,https://api.army.mil/e2/c/downloads/2025/12/04/ae0ca0ab/chapter-8d-wo-rehyical-requirements.pdf,likely_public_domain,not checked,,,https://www.amazon.com/s?k=Chapter+8D+-+Warrant+Officer+Physical+Requirements&i=stripbooks,1,https://www.army.mil/g-1,"US federal government work: not protected by copyright in the US (17 U.S.C. 105). Contractor- or grantee-written parts and third-party photos or text inside it can still be copyrighted, and the US may claim copyright in other countries, which matters when choosing sales territories."
2026-09-27,yes,Chapter 8C - Warrant Officer MOS Standards of Grade,,pdf,Army Department,federal,,army.mil,https://api.army.mil/e2/c/downloads/2025/12/04/eb610960/chapter-8c-wo-sg-tables.pdf,likely_public_domain,not checked,,,https://www.amazon.com/s?k=Chapter+8C+-+Warrant+Officer+MOS+Standards+of+Grade&i=stripbooks,1,https://www.army.mil/g-1,"US federal government work: not protected by copyright in the US (17 U.S.C. 105). Contractor- or grantee-written parts and third-party photos or text inside it can still be copyrighted, and the US may claim copyright in other countries, which matters when choosing sales territories."
2026-09-27,yes,Chapter 8B - Warrant Officer MOS Specifications,,pdf,Army Department,federal,,army.mil,https://api.army.mil/e2/c/downloads/2025/12/04/720183c2/chapter-8b-wo-specifications.pdf,likely_public_domain,not checked,,,https://www.amazon.com/s?k=Chapter+8B+-+Warrant+Officer+MOS+Specifications&i=stripbooks,1,https://www.army.mil/g-1,"US federal government work: not protected by copyright in the US (17 U.S.C. 105). Contractor- or grantee-written parts and third-party photos or text inside it can still be copyrighted, and the US may claim copyright in other countries, which matters when choosing sales territories."
2026-09-27,yes,Chapter 8A - Warrant Officer Branch and Area of Concentration Specifications,,pdf,Army Department,federal,,army.mil,https://api.army.mil/e2/c/downloads/2025/12/04/5aecaa39/chapter-8a-wo-branches-and-aocs.pdf,likely_public_domain,not checked,,,https://www.amazon.com/s?k=Chapter+8A+-+Warrant+Officer+Branch+and+Area+of+Concentration+Specifications&i=stripbooks,1,https://www.army.mil/g-1,"US federal government work: not protected by copyright in the US (17 U.S.C. 105). Contractor- or grantee-written parts and third-party photos or text inside it can still be copyrighted, and the US may claim copyright in other countries, which matters when choosing sales territories."
2026-09-27,yes,Chapter 8 - Warrant Officer MOS Specifications and Standards of Grade,,pdf,Army Department,federal,,army.mil,https://api.army.mil/e2/c/downloads/2025/12/04/eed6f526/chapter-8-wo-base-chapter.pdf,likely_public_domain,not checked,,,https://www.amazon.com/s?k=Chapter+8+-+Warrant+Officer+MOS+Specifications+and+Standards+of+Grade&i=stripbooks,1,https://www.army.mil/g-1,"US federal government work: not protected by copyright in the US (17 U.S.C. 105). Contractor- or grantee-written parts and third-party photos or text inside it can still be copyrighted, and the US may claim copyright in other countries, which matters when choosing sales territories."
2026-09-27,yes,Chapter 7 - Warrant Officer Reporting Codes,,pdf,Army Department,federal,,army.mil,https://api.army.mil/e2/c/downloads/2025/12/04/7311c2d8/chapter-7-wo-special-reporting-codes.pdf,likely_public_domain,not checked,,,https://www.amazon.com/s?k=Chapter+7+-+Warrant+Officer+Reporting+Codes&i=stripbooks,1,https://www.army.mil/g-1,"US federal government work: not protected by copyright in the US (17 U.S.C. 105). Contractor- or grantee-written parts and third-party photos or text inside it can still be copyrighted, and the US may claim copyright in other countries, which matters when choosing sales territories."
2026-09-27,yes,Chapter 6 - Warrant Officer Classification System,,pdf,Army Department,federal,,army.mil,https://api.army.mil/e2/c/downloads/2025/12/04/cc5052d4/chapter-6-wo-classification.pdf,likely_public_domain,not checked,,,https://www.amazon.com/s?k=Chapter+6+-+Warrant+Officer+Classification+System&i=stripbooks,1,https://www.army.mil/g-1,"US federal government work: not protected by copyright in the US (17 U.S.C. 105). Contractor- or grantee-written parts and third-party photos or text inside it can still be copyrighted, and the US may claim copyright in other countries, which matters when choosing sales territories."
2026-09-27,yes,Chapter 5B - Standards of Grade For Unique Organizations,,pdf,Army Department,federal,,army.mil,https://api.army.mil/e2/c/downloads/2025/12/04/1f7767a5/chapter-5b-officer-sg-exception-tables.pdf,likely_public_domain,not checked,,,https://www.amazon.com/s?k=Chapter+5B+-+Standards+of+Grade+For+Unique+Organizations&i=stripbooks,1,https://www.army.mil/g-1,"US federal government work: not protected by copyright in the US (17 U.S.C. 105). Contractor- or grantee-written parts and third-party photos or text inside it can still be copyrighted, and the US may claim copyright in other countries, which matters when choosing sales territories."
2026-09-27,yes,Chapter 5A - Specific Officer AOC Grading Tables,,pdf,Army Department,federal,,army.mil,https://api.army.mil/e2/c/downloads/2025/12/04/1ad80d17/chapter-5a-officer-sg-table.pdf,likely_public_domain,not checked,,,https://www.amazon.com/s?k=Chapter+5A+-+Specific+Officer+AOC+Grading+Tables&i=stripbooks,1,https://www.army.mil/g-1,"US federal government work: not protected by copyright in the US (17 U.S.C. 105). Contractor- or grantee-written parts and third-party photos or text inside it can still be copyrighted, and the US may claim copyright in other countries, which matters when choosing sales territories."
2026-09-27,yes,Chapter 5 - Grade Structure for Officer Positions,,pdf,Army Department,federal,,army.mil,https://api.army.mil/e2/c/downloads/2025/12/04/12845918/chapter-5-officer-standards-of-grade.pdf,likely_public_domain,not checked,,,https://www.amazon.com/s?k=Chapter+5+-+Grade+Structure+for+Officer+Positions&i=stripbooks,1,https://www.army.mil/g-1,"US federal government work: not protected by copyright in the US (17 U.S.C. 105). Contractor- or grantee-written parts and third-party photos or text inside it can still be copyrighted, and the US may claim copyright in other countries, which matters when choosing sales territories."
2026-09-27,yes,Chapter 4 - Officer Skill Identifiers,,pdf,Army Department,federal,,army.mil,https://api.army.mil/e2/c/downloads/2025/12/04/91054acc/chapter-4-officer-skill-identifiers.pdf,likely_public_domain,not checked,,,https://www.amazon.com/s?k=Chapter+4+-+Officer+Skill+Identifiers&i=stripbooks,1,https://www.army.mil/g-1,"US federal government work: not protected by copyright in the US (17 U.S.C. 105). Contractor- or grantee-written parts and third-party photos or text inside it can still be copyrighted, and the US may claim copyright in other countries, which matters when choosing sales territories."
2026-09-27,yes,Chapter 3A - Officer Physical Requirements,,pdf,Army Department,federal,,army.mil,https://api.army.mil/e2/c/downloads/2025/12/04/71204dfa/chapter-3a-officer-physical-requirements.pdf,likely_public_domain,not checked,,,https://www.amazon.com/s?k=Chapter+3A+-+Officer+Physical+Requirements&i=stripbooks,1,https://www.army.mil/g-1,"US federal government work: not protected by copyright in the US (17 U.S.C. 105). Contractor- or grantee-written parts and third-party photos or text inside it can still be copyrighted, and the US may claim copyright in other countries, which matters when choosing sales territories."
2026-09-27,yes,Chapter 3 - Specifications for Branches and Functional Areas,,pdf,Army Department,federal,,army.mil,https://api.army.mil/e2/c/downloads/2025/12/04/e1190672/chapter-3-officer-branches-and-fas.pdf,likely_public_domain,not checked,,,https://www.amazon.com/s?k=Chapter+3+-+Specifications+for+Branches+and+Functional+Areas&i=stripbooks,1,https://www.army.mil/g-1,"US federal government work: not protected by copyright in the US (17 U.S.C. 105). Contractor- or grantee-written parts and third-party photos or text inside it can still be copyrighted, and the US may claim copyright in other countries, which matters when choosing sales territories."
2026-09-27,yes,Chapter 2 - Officer Classification System,,pdf,Army Department,federal,,army.mil,https://api.army.mil/e2/c/downloads/2025/12/04/0edb0454/chapter-2-officer-classification.pdf,likely_public_domain,not checked,,,https://www.amazon.com/s?k=Chapter+2+-+Officer+Classification+System&i=stripbooks,1,https://www.army.mil/g-1,"US federal government work: not protected by copyright in the US (17 U.S.C. 105). Contractor- or grantee-written parts and third-party photos or text inside it can still be copyrighted, and the US may claim copyright in other countries, which matters when choosing sales territories."
2026-09-27,yes,FA_46_Public_Affairs_Oct 23,,pdf,Army Department,federal,,army.mil,https://api.army.mil/e2/c/downloads/2023/10/04/ada78422/fa-46-public-affairs-oct-23.pdf,likely_public_domain,not checked,,,https://www.amazon.com/s?k=FA_46_Public_Affairs_Oct+23&i=stripbooks,1,https://www.army.mil/g-1,"US federal government work: not protected by copyright in the US (17 U.S.C. 105). Contractor- or grantee-written parts and third-party photos or text inside it can still be copyrighted, and the US may claim copyright in other countries, which matters when choosing sales territories."
2026-09-27,yes,UNITED STATES MILITARY ACADEMY PROFESSOR FA,,pdf,Army Department,federal,,army.mil,https://api.army.mil/e2/c/downloads/2022/08/03/88eab9c6/usma-professor-fa-47-da-pam-600-3-as-of-200413.pdf,likely_public_domain,not checked,,,https://www.amazon.com/s?k=UNITED+STATES+MILITARY+ACADEMY+PROFESSOR+FA&i=stripbooks,1,https://www.army.mil/g-1,"US federal government work: not protected by copyright in the US (17 U.S.C. 105). Contractor- or grantee-written parts and third-party photos or text inside it can still be copyrighted, and the US may claim copyright in other countries, which matters when choosing sales territories."
2026-09-27,yes,SIGNAL CORPS BRANCH,,pdf,Army Department,federal,,army.mil,https://api.army.mil/e2/c/downloads/2026/07/24/c2a48f36/da-pam-600-3-fy25-signal-final.pdf,likely_public_domain,not checked,,,https://www.amazon.com/s?k=SIGNAL+CORPS+BRANCH&i=stripbooks,1,https://www.army.mil/g-1,"US federal government work: not protected by copyright in the US (17 U.S.C. 105). Contractor- or grantee-written parts and third-party photos or text inside it can still be copyrighted, and the US may claim copyright in other countries, which matters when choosing sales territories."
2026-09-27,yes,OPERATIONS RESEARCH/SYSTEMS ANALYSIS FA,,pdf,Army Department,federal,,army.mil,https://api.army.mil/e2/c/downloads/2022/08/03/c783e672/fa-49-orsa-da-pam-600-3-as-of-20210601.pdf,likely_public_domain,not checked,,,https://www.amazon.com/s?k=OPERATIONS+RESEARCH%2FSYSTEMS+ANALYSIS+FA&i=stripbooks,1,https://www.army.mil/g-1,"US federal government work: not protected by copyright in the US (17 U.S.C. 105). Contractor- or grantee-written parts and third-party photos or text inside it can still be copyrighted, and the US may claim copyright in other countries, which matters when choosing sales territories."
2026-09-27,yes,NUCLEAR AND CWMD OFFICER FA,,pdf,Army Department,federal,,army.mil,https://api.army.mil/e2/c/downloads/2022/08/03/d4618526/fa-52-pam-600-3-update-as-of-13-apr-20.pdf,likely_public_domain,not checked,,,https://www.amazon.com/s?k=NUCLEAR+AND+CWMD+OFFICER+FA&i=stripbooks,1,https://www.army.mil/g-1,"US federal government work: not protected by copyright in the US (17 U.S.C. 105). Contractor- or grantee-written parts and third-party photos or text inside it can still be copyrighted, and the US may claim copyright in other countries, which matters when choosing sales territories."
2026-09-27,yes,https://api.army.mil/e2/c/downloads/2026/08/06/98b2fc5d/mi-da-pam-600-3-aug2026,,pdf,Army Department,federal,,army.mil,https://api.army.mil/e2/c/downloads/2026/08/06/98b2fc5d/mi-da-pam-600-3-aug2026.pdf,likely_public_domain,not checked,,,https://www.amazon.com/s?k=https%3A%2F%2Fapi.army.mil%2Fe2%2Fc%2Fdownloads%2F2026%2F08%2F06%2F98b2fc5d%2Fmi-da-pam-600-3-aug2026&i=stripbooks,1,https://www.army.mil/g-1,"US federal government work: not protected by copyright in the US (17 U.S.C. 105). Contractor- or grantee-written parts and third-party photos or text inside it can still be copyrighted, and the US may claim copyright in other countries, which matters when choosing sales territories."
2026-09-27,yes,DATA NETWORK ENGINEERING FA,,pdf,Army Department,federal,,army.mil,https://api.army.mil/e2/c/downloads/2026/07/24/29779a99/da-pam-600-3-fy25-fa26-data-network-engineering-final.pdf,likely_public_domain,not checked,,,https://www.amazon.com/s?k=DATA+NETWORK+ENGINEERING+FA&i=stripbooks,1,https://www.army.mil/g-1,"US federal government work: not protected by copyright in the US (17 U.S.C. 105). Contractor- or grantee-written parts and third-party photos or text inside it can still be copyrighted, and the US may claim copyright in other countries, which matters when choosing sales territories."
2026-09-27,yes,FOREIGN AREA OFFICER FA,,pdf,Army Department,federal,,army.mil,https://api.army.mil/e2/c/downloads/2022/08/03/8dc3f824/1-fa-48-foreign-area-officer-da-pam-600-3-as-of-23-apr-21.pdf,likely_public_domain,not checked,,,https://www.amazon.com/s?k=FOREIGN+AREA+OFFICER+FA&i=stripbooks,1,https://www.army.mil/g-1,"US federal government work: not protected by copyright in the US (17 U.S.C. 105). Contractor- or grantee-written parts and third-party photos or text inside it can still be copyrighted, and the US may claim copyright in other countries, which matters when choosing sales territories."
2026-09-27,yes,FA 50 DA PAM 600-3 25 Apr 24,,pdf,Army Department,federal,,army.mil,https://api.army.mil/e2/c/downloads/2024/04/25/5a97d084/fa-50-da-pam-600-3-25-apr-24.pdf,likely_public_domain,not checked,,,https://www.amazon.com/s?k=FA+50+DA+PAM+600-3+25+Apr+24&i=stripbooks,1,https://www.army.mil/g-1,"US federal government work: not protected by copyright in the US (17 U.S.C. 105). Contractor- or grantee-written parts and third-party photos or text inside it can still be copyrighted, and the US may claim copyright in other countries, which matters when choosing sales territories."
2026-09-27,yes,ENTERPRISE MARKETING & BEHAVIORAL ECONOMICS FA,,pdf,Army Department,federal,,army.mil,https://api.army.mil/e2/c/downloads/2023/10/25/d534e64a/fa-58-da-pam-600-3-25-oct-23.pdf,likely_public_domain,not checked,,,https://www.amazon.com/s?k=ENTERPRISE+MARKETING+%26+BEHAVIORAL+ECONOMICS+FA&i=stripbooks,1,https://www.army.mil/g-1,"US federal government work: not protected by copyright in the US (17 U.S.C. 105). Contractor- or grantee-written parts and third-party photos or text inside it can still be copyrighted, and the US may claim copyright in other countries, which matters when choosing sales territories."
2026-09-27,yes,JUDGE ADVOCATE GENERAL'S CORP,,pdf,Army Department,federal,,army.mil,https://api.army.mil/e2/c/downloads/2022/08/08/4cbca29d/2-jag-corps-da-pam-600-3.pdf,likely_public_domain,not checked,,,https://www.amazon.com/s?k=JUDGE+ADVOCATE+GENERAL%27S+CORP&i=stripbooks,1,https://www.army.mil/g-1,"US federal government work: not protected by copyright in the US (17 U.S.C. 105). Contractor- or grantee-written parts and third-party photos or text inside it can still be copyrighted, and the US may claim copyright in other countries, which matters when choosing sales territories."
2026-09-27,yes,ARMY MEDICAL DEPARTMENT,,pdf,Army Department,federal,,army.mil,https://api.army.mil/e2/c/downloads/2022/08/08/6ef1bd02/1-amedd-da-pam-600-3.pdf,likely_public_domain,not checked,,,https://www.amazon.com/s?k=ARMY+MEDICAL+DEPARTMENT&i=stripbooks,1,https://www.army.mil/g-1,"US federal government work: not protected by copyright in the US (17 U.S.C. 105). Contractor- or grantee-written parts and third-party photos or text inside it can still be copyrighted, and the US may claim copyright in other countries, which matters when choosing sales territories."
2026-09-27,yes,DA Pam 600-3 Cyber Branch (FY25),,pdf,Army Department,federal,,army.mil,https://api.army.mil/e2/c/downloads/2025/02/19/9304a0aa/da-pam-600-3-cyber-branch-fy25.pdf,likely_public_domain,not checked,,,https://www.amazon.com/s?k=DA+Pam+600-3+Cyber+Branch+%28FY25%29&i=stripbooks,1,https://www.army.mil/g-1,"US federal government work: not protected by copyright in the US (17 U.S.C. 105). Contractor- or grantee-written parts and third-party photos or text inside it can still be copyrighted, and the US may claim copyright in other countries, which matters when choosing sales territories."
2026-09-27,yes,https://api.army.mil/e2/c/downloads/2024/04/03/cbe6e8c9/finance-and-comptroller-branch-da-pam-600-3,,pdf,Army Department,federal,,army.mil,https://api.army.mil/e2/c/downloads/2025/09/10/640a0b16/fc-10sep25.pdf,likely_public_domain,not checked,,,https://www.amazon.com/s?k=https%3A%2F%2Fapi.army.mil%2Fe2%2Fc%2Fdownloads%2F2024%2F04%2F03%2Fcbe6e8c9%2Ffinance-and-comptroller-branch-da-pam-600-3&i=stripbooks,1,https://www.army.mil/g-1,"US federal government work: not protected by copyright in the US (17 U.S.C. 105). Contractor- or grantee-written parts and third-party photos or text inside it can still be copyrighted, and the US may claim copyright in other countries, which matters when choosing sales territories."
2026-09-27,yes,h DA PAM 600-3 19Aug25,,pdf,Army Department,federal,,army.mil,https://api.army.mil/e2/c/downloads/2025/08/19/cf5cbaaf/tc-branch-19-aug-25.pdf,likely_public_domain,not checked,,,https://www.amazon.com/s?k=h+DA+PAM+600-3+19Aug25&i=stripbooks,1,https://www.army.mil/g-1,"US federal government work: not protected by copyright in the US (17 U.S.C. 105). Contractor- or grantee-written parts and third-party photos or text inside it can still be copyrighted, and the US may claim copyright in other countries, which matters when choosing sales territories."
2026-09-27,yes,DA PAM 600-3 Career Charts WO OD (FY25),,pdf,Army Department,federal,,army.mil,https://api.army.mil/e2/c/downloads/2025/02/19/4298ce45/da-pam-600-3-career-charts-wo-od-fy25.pdf,likely_public_domain,not checked,,,https://www.amazon.com/s?k=DA+PAM+600-3+Career+Charts+WO+OD+%28FY25%29&i=stripbooks,1,https://www.army.mil/g-1,"US federal government work: not protected by copyright in the US (17 U.S.C. 105). Contractor- or grantee-written parts and third-party photos or text inside it can still be copyrighted, and the US may claim copyright in other countries, which matters when choosing sales territories."
2026-09-27,yes,LOGISTICS CORPS OFFICER BRANCH,,pdf,Army Department,federal,,army.mil,https://api.army.mil/e2/c/downloads/2025/08/19/5d3af5ba/lg-da-19-aug-25.pdf,likely_public_domain,not checked,,,https://www.amazon.com/s?k=LOGISTICS+CORPS+OFFICER+BRANCH&i=stripbooks,1,https://www.army.mil/g-1,"US federal government work: not protected by copyright in the US (17 U.S.C. 105). Contractor- or grantee-written parts and third-party photos or text inside it can still be copyrighted, and the US may claim copyright in other countries, which matters when choosing sales territories."
2026-09-27,yes,ARMY ACQUISITION CORPS,,pdf,Army Department,federal,,army.mil,https://api.army.mil/e2/c/downloads/2022/11/07/2f1cfc35/acquisition-branch-7-nov-22.pdf,likely_public_domain,not checked,,,https://www.amazon.com/s?k=ARMY+ACQUISITION+CORPS&i=stripbooks,1,https://www.army.mil/g-1,"US federal government work: not protected by copyright in the US (17 U.S.C. 105). Contractor- or grantee-written parts and third-party photos or text inside it can still be copyrighted, and the US may claim copyright in other countries, which matters when choosing sales territories."
2026-09-27,yes,https://api.army.mil/e2/c/downloads/2026/01/26/5a16bee1/cmf42-slides-jan-26,,pdf,Army Department,federal,,army.mil,https://api.army.mil/e2/c/downloads/2026/01/26/5a16bee1/cmf42-slides-jan-26.pdf,likely_public_domain,not checked,,,https://www.amazon.com/s?k=https%3A%2F%2Fapi.army.mil%2Fe2%2Fc%2Fdownloads%2F2026%2F01%2F26%2F5a16bee1%2Fcmf42-slides-jan-26&i=stripbooks,1,https://www.army.mil/g-1,"US federal government work: not protected by copyright in the US (17 U.S.C. 105). Contractor- or grantee-written parts and third-party photos or text inside it can still be copyrighted, and the US may claim copyright in other countries, which matters when choosing sales territories."
2026-09-27,yes,ADJUTANT GENERAL BRANCH,,pdf,Army Department,federal,,army.mil,https://api.army.mil/e2/c/downloads/2024/04/25/0910cfc6/ag-da-pam-600-3-25-apr-2024.pdf,likely_public_domain,not checked,,,https://www.amazon.com/s?k=ADJUTANT+GENERAL+BRANCH&i=stripbooks,1,https://www.army.mil/g-1,"US federal government work: not protected by copyright in the US (17 U.S.C. 105). Contractor- or grantee-written parts and third-party photos or text inside it can still be copyrighted, and the US may claim copyright in other countries, which matters when choosing sales territories."
2026-09-27,yes,AG DA PAM 600-3_26 JAN 26,,pdf,Army Department,federal,,army.mil,https://api.army.mil/e2/c/downloads/2026/01/26/6d0dfce5/ag-da-pam-600-3-26-jan-26.pdf,likely_public_domain,not checked,,,https://www.amazon.com/s?k=AG+DA+PAM+600-3_26+JAN+26&i=stripbooks,1,https://www.army.mil/g-1,"US federal government work: not protected by copyright in the US (17 U.S.C. 105). Contractor- or grantee-written parts and third-party photos or text inside it can still be copyrighted, and the US may claim copyright in other countries, which matters when choosing sales territories."
2026-09-27,yes,https://api.army.mil/e2/c/downloads/2026/08/04/c760f4ce/swcs-cg-approved-ca-chapter-da-pam-600-03-effective-fy27-15jul2026-grp-s9-added-v2,,pdf,Army Department,federal,,army.mil,https://api.army.mil/e2/c/downloads/2026/08/04/c760f4ce/swcs-cg-approved-ca-chapter-da-pam-600-03-effective-fy27-15jul2026-grp-s9-added-v2.pdf,likely_public_domain,not checked,,,https://www.amazon.com/s?k=https%3A%2F%2Fapi.army.mil%2Fe2%2Fc%2Fdownloads%2F2026%2F08%2F04%2Fc760f4ce%2Fswcs-cg-approved-ca-chapter-da-pam-600-03-effective-fy27-15jul2026-grp-s9-added-v2&i=stripbooks,1,https://www.army.mil/g-1,"US federal government work: not protected by copyright in the US (17 U.S.C. 105). Contractor- or grantee-written parts and third-party photos or text inside it can still be copyrighted, and the US may claim copyright in other countries, which matters when choosing sales territories."
2026-09-27,yes,SPECIAL FORCES BRANCH,,pdf,Army Department,federal,,army.mil,https://api.army.mil/e2/c/downloads/2026/03/02/de4dcb29/sf-da-pam-600-3-draft-dtd-2mar26-pdf.pdf,likely_public_domain,not checked,,,https://www.amazon.com/s?k=SPECIAL+FORCES+BRANCH&i=stripbooks,1,https://www.army.mil/g-1,"US federal government work: not protected by copyright in the US (17 U.S.C. 105). Contractor- or grantee-written parts and third-party photos or text inside it can still be copyrighted, and the US may claim copyright in other countries, which matters when choosing sales territories."
2026-09-27,yes,PSYCHOLOGICAL OPERATIONS BRANCH,,pdf,Army Department,federal,,army.mil,https://api.army.mil/e2/c/downloads/2024/11/19/78647da6/po-da-pam-600-3-dtd-19-nov-24.pdf,likely_public_domain,not checked,,,https://www.amazon.com/s?k=PSYCHOLOGICAL+OPERATIONS+BRANCH&i=stripbooks,1,https://www.army.mil/g-1,"US federal government work: not protected by copyright in the US (17 U.S.C. 105). Contractor- or grantee-written parts and third-party photos or text inside it can still be copyrighted, and the US may claim copyright in other countries, which matters when choosing sales territories."
2026-09-27,yes,Military Police DA PAM 600-3 June 2024,,pdf,Army Department,federal,,army.mil,https://api.army.mil/e2/c/downloads/2024/06/20/137dd689/military-police-da-pam-600-3-june-2024.pdf,likely_public_domain,not checked,,,https://www.amazon.com/s?k=Military+Police+DA+PAM+600-3+June+2024&i=stripbooks,1,https://www.army.mil/g-1,"US federal government work: not protected by copyright in the US (17 U.S.C. 105). Contractor- or grantee-written parts and third-party photos or text inside it can still be copyrighted, and the US may claim copyright in other countries, which matters when choosing sales territories."
2026-09-27,yes,EN DA PAM 600-3 9 June 2026,,pdf,Army Department,federal,,army.mil,https://api.army.mil/e2/c/downloads/2026/06/09/d9a900fa/en-br-9-june-2026.pdf,likely_public_domain,not checked,,,https://www.amazon.com/s?k=EN+DA+PAM+600-3+9+June+2026&i=stripbooks,1,https://www.army.mil/g-1,"US federal government work: not protected by copyright in the US (17 U.S.C. 105). Contractor- or grantee-written parts and third-party photos or text inside it can still be copyrighted, and the US may claim copyright in other countries, which matters when choosing sales territories."
2026-09-27,yes,Air Defense Artillery Branch,,pdf,Army Department,federal,,army.mil,https://api.army.mil/e2/c/downloads/2026/06/11/00ebfede/ada-11-june-2026.pdf,likely_public_domain,not checked,,,https://www.amazon.com/s?k=Air+Defense+Artillery+Branch&i=stripbooks,1,https://www.army.mil/g-1,"US federal government work: not protected by copyright in the US (17 U.S.C. 105). Contractor- or grantee-written parts and third-party photos or text inside it can still be copyrighted, and the US may claim copyright in other countries, which matters when choosing sales territories."
2026-09-27,yes,Navigating Civilian Employment,,pdf,Army Department,federal,,army.mil,https://api.army.mil/e2/c/downloads/2022/09/29/bd7cb845/navigating-civilian-employment-dtd-21sep2022.pdf,likely_public_domain,not checked,,,https://www.amazon.com/s?k=Navigating+Civilian+Employment&i=stripbooks,1,https://www.army.mil/g-1,"US federal government work: not protected by copyright in the US (17 U.S.C. 105). Contractor- or grantee-written parts and third-party photos or text inside it can still be copyrighted, and the US may claim copyright in other countries, which matters when choosing sales territories."
2026-09-27,yes,HURRICANE BRIEFING UPDATE,,pdf,Army Department,federal,,army.mil,https://api.army.mil/e2/c/downloads/2025/09/23/042bf9c3/wxcop.pdf,likely_public_domain,not checked,,,https://www.amazon.com/s?k=HURRICANE+BRIEFING+UPDATE&i=stripbooks,1,https://www.army.mil/rucker/,"US federal government work: not protected by copyright in the US (17 U.S.C. 105). Contractor- or grantee-written parts and third-party photos or text inside it can still be copyrighted, and the US may claim copyright in other countries, which matters when choosing sales territories."
2026-09-27,yes,"WEATHER WATCH, WARNING, AND ADVISORY CRITERIA",,docx,Army Department,federal,,army.mil,https://api.army.mil/e2/c/downloads/2025/09/23/663c5c63/wwa.docx,likely_public_domain,not checked,,,https://www.amazon.com/s?k=WEATHER+WATCH%2C+WARNING%2C+AND+ADVISORY+CRITERIA&i=stripbooks,1,https://www.army.mil/rucker/,"US federal government work: not protected by copyright in the US (17 U.S.C. 105). Contractor- or grantee-written parts and third-party photos or text inside it can still be copyrighted, and the US may claim copyright in other countries, which matters when choosing sales territories."
2026-09-27,yes,AIRCRAFT TYPE VS. TURBULENCE INTENSITY CHART,,pdf,Army Department,federal,,army.mil,https://api.army.mil/e2/c/downloads/2025/09/23/23f38fad/turbcat.pdf,likely_public_domain,not checked,,,https://www.amazon.com/s?k=AIRCRAFT+TYPE+VS.+TURBULENCE+INTENSITY+CHART&i=stripbooks,1,https://www.army.mil/rucker/,"US federal government work: not protected by copyright in the US (17 U.S.C. 105). Contractor- or grantee-written parts and third-party photos or text inside it can still be copyrighted, and the US may claim copyright in other countries, which matters when choosing sales territories."
2026-09-27,yes,Army 2025 Accessibility Statement,,pdf,Army Department,federal,,army.mil,https://api.army.mil/e2/c/downloads/2025/02/14/eff9e8a2/army-2025-accessibility-statement.pdf,likely_public_domain,not checked,,,https://www.amazon.com/s?k=Army+2025+Accessibility+Statement&i=stripbooks,1,https://www.army.mil/armyeeo-meo,"US federal government work: not protected by copyright in the US (17 U.S.C. 105). Contractor- or grantee-written parts and third-party photos or text inside it can still be copyrighted, and the US may claim copyright in other countries, which matters when choosing sales territories."
2026-09-27,yes,army-policy-and-procedures-for-reasonable-accommodation,,pdf,Army Department,federal,,army.mil,https://api.army.mil/e2/c/downloads/2026/05/01/03997156/army-policy-and-procedures-for-reasonable-accommodation.pdf,likely_public_domain,not checked,,,https://www.amazon.com/s?k=army-policy-and-procedures-for-reasonable-accommodation&i=stripbooks,1,https://www.army.mil/armyeeo-meo,"US federal government work: not protected by copyright in the US (17 U.S.C. 105). Contractor- or grantee-written parts and third-party photos or text inside it can still be copyrighted, and the US may claim copyright in other countries, which matters when choosing sales territories."
2026-09-27,yes,DA PWFA Policy Guidance,,pdf,Army Department,federal,,army.mil,https://api.army.mil/e2/c/downloads/2025/03/06/0c0b592b/da-pwfa-policy-guidance.pdf,likely_public_domain,not checked,,,https://www.amazon.com/s?k=DA+PWFA+Policy+Guidance&i=stripbooks,1,https://www.army.mil/armyeeo-meo,"US federal government work: not protected by copyright in the US (17 U.S.C. 105). Contractor- or grantee-written parts and third-party photos or text inside it can still be copyrighted, and the US may claim copyright in other countries, which matters when choosing sales territories."
2026-09-27,yes,pwfa-healthcare-poster,,pdf,Army Department,federal,,army.mil,https://api.army.mil/e2/c/downloads/2025/02/14/a239a4dd/pwfa-healthcare-poster.pdf,likely_public_domain,not checked,,,https://www.amazon.com/s?k=pwfa-healthcare-poster&i=stripbooks,1,https://www.army.mil/armyeeo-meo,"US federal government work: not protected by copyright in the US (17 U.S.C. 105). Contractor- or grantee-written parts and third-party photos or text inside it can still be copyrighted, and the US may claim copyright in other countries, which matters when choosing sales territories."
2026-09-27,yes,MND2 - SA DA Annual Secretary of the Army EEO Policy Statement FY26,,pdf,Army Department,federal,,army.mil,https://api.army.mil/e2/c/downloads/2026/05/01/272c5ff1/mnd2-sa-da-annual-secretary-of-the-army-eeo-policy-statement-fy26.pdf,likely_public_domain,not checked,,,https://www.amazon.com/s?k=MND2+-+SA+DA+Annual+Secretary+of+the+Army+EEO+Policy+Statement&i=stripbooks,1,https://www.army.mil/armyeeo-meo,"US federal government work: not protected by copyright in the US (17 U.S.C. 105). Contractor- or grantee-written parts and third-party photos or text inside it can still be copyrighted, and the US may claim copyright in other countries, which matters when choosing sales territories."
2026-09-27,yes,https://armypubs.army.mil/epubs/DR_pubs/DR_a/ARN43046-AR_690-600-001-WEB-2,,pdf,Army Department,federal,,army.mil,https://armypubs.army.mil/epubs/DR_pubs/DR_a/ARN43046-AR_690-600-001-WEB-2.pdf,likely_public_domain,not checked,,,https://www.amazon.com/s?k=https%3A%2F%2Farmypubs.army.mil%2Fepubs%2FDR_pubs%2FDR_a%2FARN43046-AR_690-600-001-WEB-2&i=stripbooks,1,https://www.army.mil/armyeeo-meo,"US federal government work: not protected by copyright in the US (17 U.S.C. 105). Contractor- or grantee-written parts and third-party photos or text inside it can still be copyrighted, and the US may claim copyright in other countries, which matters when choosing sales territories."
2026-09-27,yes,https://armypubs.army.mil/epubs/DR_pubs/DR_a/ARN42973-AR_690-12-000-WEB-1,,pdf,Army Department,federal,,army.mil,https://armypubs.army.mil/epubs/DR_pubs/DR_a/ARN42973-AR_690-12-000-WEB-1.pdf,likely_public_domain,not checked,,,https://www.amazon.com/s?k=https%3A%2F%2Farmypubs.army.mil%2Fepubs%2FDR_pubs%2FDR_a%2FARN42973-AR_690-12-000-WEB-1&i=stripbooks,1,https://www.army.mil/armyeeo-meo,"US federal government work: not protected by copyright in the US (17 U.S.C. 105). Contractor- or grantee-written parts and third-party photos or text inside it can still be copyrighted, and the US may claim copyright in other countries, which matters when choosing sales territories."
2026-09-27,yes,TRADOC Regulation 350-16,,pdf,Army Department,federal,,army.mil,https://adminpubs.tradoc.army.mil/regulations/TR350-16.pdf,likely_public_domain,not checked,,,https://www.amazon.com/s?k=TRADOC+Regulation+350-16&i=stripbooks,1,https://www.army.mil/drillsergeant/,"US federal government work: not protected by copyright in the US (17 U.S.C. 105). Contractor- or grantee-written parts and third-party photos or text inside it can still be copyrighted, and the US may claim copyright in other countries, which matters when choosing sales territories."
2026-09-27,yes,Army Unified Network Plan_2.0,,pdf,Army Department,federal,,army.mil,https://api.army.mil/e2/c/downloads/2025/03/04/0b7f95c5/army-unified-network-plan-2-0.pdf,likely_public_domain,not checked,,,https://www.amazon.com/s?k=Army+Unified+Network+Plan_2.0&i=stripbooks,1,https://www.army.mil/g6,"US federal government work: not protected by copyright in the US (17 U.S.C. 105). Contractor- or grantee-written parts and third-party photos or text inside it can still be copyrighted, and the US may claim copyright in other countries, which matters when choosing sales territories."
2026-09-27,yes,"Chief of Staff of the Army White Paper #1: ""Army Multi-Domain Transformation Ready to Win in Competition and Conflict""",,pdf,Army Department,federal,,army.mil,https://api.army.mil/e2/c/downloads/2021/03/23/eeac3d01/20210319-csa-paper-1-signed-print-version.pdf,likely_public_domain,not checked,,,https://www.amazon.com/s?k=Chief+of+Staff+of+the+Army+White+Paper+%231&i=stripbooks,1,https://www.army.mil/g6,"US federal government work: not protected by copyright in the US (17 U.S.C. 105). Contractor- or grantee-written parts and third-party photos or text inside it can still be copyrighted, and the US may claim copyright in other countries, which matters when choosing sales territories."
2026-09-27,yes,Army Cloud Plan,,pdf,Army Department,federal,,army.mil,https://api.army.mil/e2/c/downloads/2020/09/11/81bb912e/the-army-cloud-plan-2020-final2.pdf,likely_public_domain,not checked,,,https://www.amazon.com/s?k=Army+Cloud+Plan&i=stripbooks,1,https://www.army.mil/g6,"US federal government work: not protected by copyright in the US (17 U.S.C. 105). Contractor- or grantee-written parts and third-party photos or text inside it can still be copyrighted, and the US may claim copyright in other countries, which matters when choosing sales territories."
2026-09-27,yes,"Army Regulation 25-2, Army Cybersecurity",,pdf,Army Department,federal,,army.mil,https://armypubs.army.mil/epubs/DR_pubs/DR_a/pdf/web/ARN17503_AR25_2_Admin_FINAL.pdf,likely_public_domain,not checked,,,https://www.amazon.com/s?k=Army+Regulation+25-2%2C+Army+Cybersecurity&i=stripbooks,1,https://www.army.mil/g6,"US federal government work: not protected by copyright in the US (17 U.S.C. 105). Contractor- or grantee-written parts and third-party photos or text inside it can still be copyrighted, and the US may claim copyright in other countries, which matters when choosing sales territories."
2026-09-27,yes,"Army Regulation 25-1, Army Information Technology",,pdf,Army Department,federal,,army.mil,https://armypubs.army.mil/epubs/DR_pubs/DR_a/pdf/web/ARN18191_R25_1_FINAL.pdf,likely_public_domain,not checked,,,https://www.amazon.com/s?k=Army+Regulation+25-1%2C+Army+Information+Technology&i=stripbooks,1,https://www.army.mil/g6,"US federal government work: not protected by copyright in the US (17 U.S.C. 105). Contractor- or grantee-written parts and third-party photos or text inside it can still be copyrighted, and the US may claim copyright in other countries, which matters when choosing sales territories."
2026-09-27,yes,23-08 (682)_Annex A Example Unit Maintenance SOP (Aug 23) (Public),,pdf,Army Department,federal,,army.mil,https://api.army.mil/e2/c/downloads/2023/09/12/a6d74542/23-08-682-annex-a-example-unit-maintenance-sop-aug-23-public.pdf,likely_public_domain,not checked,,,https://www.amazon.com/s?k=23-08+%28682%29_Annex+A+Example+Unit+Maintenance+SOP+%28Aug+23%29+%28Public%29&i=stripbooks,1,https://www.army.mil/article/269881/leaders_guide_to_maintenance_and_services,"US federal government work: not protected by copyright in the US (17 U.S.C. 105). Contractor- or grantee-written parts and third-party photos or text inside it can still be copyrighted, and the US may claim copyright in other countries, which matters when choosing sales territories."
2026-09-27,yes,2021 Army Modernization Strategy,,pdf,Army Department,federal,,army.mil,https://www.army.mil/e2/downloads/rv7/about/2021_army_modernization_strategy.pdf,likely_public_domain,not checked,,,https://www.amazon.com/s?k=2021+Army+Modernization+Strategy&i=stripbooks,1,https://www.army.mil/cio,"US federal government work: not protected by copyright in the US (17 U.S.C. 105). Contractor- or grantee-written parts and third-party photos or text inside it can still be copyrighted, and the US may claim copyright in other countries, which matters when choosing sales territories."
2026-09-27,yes,Army Data Plan,,pdf,Army Department,federal,,army.mil,https://api.army.mil/e2/c/downloads/2022/10/13/16061cab/army-data-plan-final.pdf,likely_public_domain,not checked,,,https://www.amazon.com/s?k=Army+Data+Plan&i=stripbooks,1,https://www.army.mil/cio,"US federal government work: not protected by copyright in the US (17 U.S.C. 105). Contractor- or grantee-written parts and third-party photos or text inside it can still be copyrighted, and the US may claim copyright in other countries, which matters when choosing sales territories."
2026-09-27,yes,Unified Network Plan,,pdf,Army Department,federal,,army.mil,https://api.army.mil/e2/c/downloads/2021/10/07/d43180cc/army-unified-network-plan-2021.pdf,likely_public_domain,not checked,,,https://www.amazon.com/s?k=Unified+Network+Plan&i=stripbooks,1,https://www.army.mil/cio,"US federal government work: not protected by copyright in the US (17 U.S.C. 105). Contractor- or grantee-written parts and third-party photos or text inside it can still be copyrighted, and the US may claim copyright in other countries, which matters when choosing sales territories."
2026-09-27,yes,Army Digital Transformation Strategy,,pdf,Army Department,federal,,army.mil,https://api.army.mil/e2/c/downloads/2021/10/20/3b64248b/army-digital-transformation-strategy.pdf,likely_public_domain,not checked,,,https://www.amazon.com/s?k=Army+Digital+Transformation+Strategy&i=stripbooks,1,https://www.army.mil/cio,"US federal government work: not protected by copyright in the US (17 U.S.C. 105). Contractor- or grantee-written parts and third-party photos or text inside it can still be copyrighted, and the US may claim copyright in other countries, which matters when choosing sales territories."
2026-09-27,yes,CP-34 Information Technology Management Career Models (December 2019),,pdf,Army Department,federal,,army.mil,https://core.us.army.mil/e2/c/downloads/2020/03/31/e79f7ab2/cp-34-career-model-information-technology.pdf,likely_public_domain,not checked,,,https://www.amazon.com/s?k=CP-34+Information+Technology+Management+Career+Models+%28December+2019%29&i=stripbooks,1,https://www.army.mil/cio,"US federal government work: not protected by copyright in the US (17 U.S.C. 105). Contractor- or grantee-written parts and third-party photos or text inside it can still be copyrighted, and the US may claim copyright in other countries, which matters when choosing sales territories."
2026-09-27,yes,DA Pam 25-91: Visual Information Procedures,,pdf,Army Department,federal,,army.mil,https://armypubs.army.mil/epubs/DR_pubs/DR_a/ARN36834-PAM_25-91-001-WEB-3.pdf,likely_public_domain,not checked,,,https://www.amazon.com/s?k=DA+Pam+25-91&i=stripbooks,1,https://www.army.mil/cio,"US federal government work: not protected by copyright in the US (17 U.S.C. 105). Contractor- or grantee-written parts and third-party photos or text inside it can still be copyrighted, and the US may claim copyright in other countries, which matters when choosing sales territories."
2026-09-27,yes,DA Pam 25-2-18: Foreign Personnel Access to Information Systems,,pdf,Army Department,federal,,army.mil,https://armypubs.army.mil/epubs/DR_pubs/DR_a/ARN36788-PAM_25-2-18-001-WEB-1.pdf,likely_public_domain,not checked,,,https://www.amazon.com/s?k=DA+Pam+25-2-18&i=stripbooks,1,https://www.army.mil/cio,"US federal government work: not protected by copyright in the US (17 U.S.C. 105). Contractor- or grantee-written parts and third-party photos or text inside it can still be copyrighted, and the US may claim copyright in other countries, which matters when choosing sales territories."
2026-09-27,yes,DA Pam 25-2-17: Incident Reporting,,pdf,Army Department,federal,,army.mil,https://armypubs.army.mil/epubs/DR_pubs/DR_a/ARN36786-PAM_25-2-17-001-WEB-1.pdf,likely_public_domain,not checked,,,https://www.amazon.com/s?k=DA+Pam+25-2-17&i=stripbooks,1,https://www.army.mil/cio,"US federal government work: not protected by copyright in the US (17 U.S.C. 105). Contractor- or grantee-written parts and third-party photos or text inside it can still be copyrighted, and the US may claim copyright in other countries, which matters when choosing sales territories."
2026-09-27,yes,DA Pam 25-2-16: Communications Security (COMSEC),,pdf,Army Department,federal,,army.mil,https://armypubs.army.mil/epubs/DR_pubs/DR_a/ARN36815-PAM_25-2-16-001-WEB-3.pdf,likely_public_domain,not checked,,,https://www.amazon.com/s?k=DA+Pam+25-2-16&i=stripbooks,1,https://www.army.mil/cio,"US federal government work: not protected by copyright in the US (17 U.S.C. 105). Contractor- or grantee-written parts and third-party photos or text inside it can still be copyrighted, and the US may claim copyright in other countries, which matters when choosing sales territories."
2026-09-27,yes,DA Pam 25-2-14: Risk Management Framework for Army Information Technology,,pdf,Army Department,federal,,army.mil,https://armypubs.army.mil/epubs/DR_pubs/DR_a/ARN36811-PAM_25-2-14-001-WEB-3.pdf,likely_public_domain,not checked,,,https://www.amazon.com/s?k=DA+Pam+25-2-14&i=stripbooks,1,https://www.army.mil/cio,"US federal government work: not protected by copyright in the US (17 U.S.C. 105). Contractor- or grantee-written parts and third-party photos or text inside it can still be copyrighted, and the US may claim copyright in other countries, which matters when choosing sales territories."
2026-09-27,yes,"DA Pam 25-2-13: Army Identity, Credential, and Access Management and PKI Implementing Instructions",,pdf,Army Department,federal,,army.mil,https://armypubs.army.mil/epubs/DR_pubs/DR_a/ARN33388-PAM_25-2-13-000-WEB-1.pdf,likely_public_domain,not checked,,,https://www.amazon.com/s?k=DA+Pam+25-2-13&i=stripbooks,1,https://www.army.mil/cio,"US federal government work: not protected by copyright in the US (17 U.S.C. 105). Contractor- or grantee-written parts and third-party photos or text inside it can still be copyrighted, and the US may claim copyright in other countries, which matters when choosing sales territories."
2026-09-27,yes,DA Pam 25-2-12: Authorizing Official,,pdf,Army Department,federal,,army.mil,https://armypubs.army.mil/epubs/DR_pubs/DR_a/ARN36810-PAM_25-2-12-001-WEB-3.pdf,likely_public_domain,not checked,,,https://www.amazon.com/s?k=DA+Pam+25-2-12&i=stripbooks,1,https://www.army.mil/cio,"US federal government work: not protected by copyright in the US (17 U.S.C. 105). Contractor- or grantee-written parts and third-party photos or text inside it can still be copyrighted, and the US may claim copyright in other countries, which matters when choosing sales territories."
2026-09-27,yes,DA Pam 25-2-11: Cybersecurity Strategy for Programs of Record,,pdf,Army Department,federal,,army.mil,https://armypubs.army.mil/epubs/DR_pubs/DR_a/ARN36818-PAM_25-2-11-001-WEB-3.pdf,likely_public_domain,not checked,,,https://www.amazon.com/s?k=DA+Pam+25-2-11&i=stripbooks,1,https://www.army.mil/cio,"US federal government work: not protected by copyright in the US (17 U.S.C. 105). Contractor- or grantee-written parts and third-party photos or text inside it can still be copyrighted, and the US may claim copyright in other countries, which matters when choosing sales territories."
2026-09-27,yes,DA Pam 25-2-9: Wireless Security Standards,,pdf,Army Department,federal,,army.mil,https://armypubs.army.mil/epubs/DR_pubs/DR_a/ARN36792-PAM_25-2-9-001-WEB-3.pdf,likely_public_domain,not checked,,,https://www.amazon.com/s?k=DA+Pam+25-2-9&i=stripbooks,1,https://www.army.mil/cio,"US federal government work: not protected by copyright in the US (17 U.S.C. 105). Contractor- or grantee-written parts and third-party photos or text inside it can still be copyrighted, and the US may claim copyright in other countries, which matters when choosing sales territories."
2026-09-27,yes,DA Pam 25-2-8: Cybersecurity: Sanitization of Media,,pdf,Army Department,federal,,army.mil,https://armypubs.army.mil/epubs/DR_pubs/DR_a/ARN37512-PAM_25-2-8-001-WEB-3.pdf,likely_public_domain,not checked,,,https://www.amazon.com/s?k=DA+Pam+25-2-8&i=stripbooks,1,https://www.army.mil/cio,"US federal government work: not protected by copyright in the US (17 U.S.C. 105). Contractor- or grantee-written parts and third-party photos or text inside it can still be copyrighted, and the US may claim copyright in other countries, which matters when choosing sales territories."
2026-09-27,yes,DA Pam 25-2-7: Army Information System Privileged Access,,pdf,Army Department,federal,,army.mil,https://armypubs.army.mil/epubs/DR_pubs/DR_a/ARN36789-PAM_25-2-7-002-WEB-4.pdf,likely_public_domain,not checked,,,https://www.amazon.com/s?k=DA+Pam+25-2-7&i=stripbooks,1,https://www.army.mil/cio,"US federal government work: not protected by copyright in the US (17 U.S.C. 105). Contractor- or grantee-written parts and third-party photos or text inside it can still be copyrighted, and the US may claim copyright in other countries, which matters when choosing sales territories."
2026-09-27,yes,DA Pam 25-2-6: Cybersecurity Training and Certification Program,,pdf,Army Department,federal,,army.mil,https://armypubs.army.mil/epubs/DR_pubs/DR_a/ARN36793-PAM_25-2-6-001-WEB-3.pdf,likely_public_domain,not checked,,,https://www.amazon.com/s?k=DA+Pam+25-2-6&i=stripbooks,1,https://www.army.mil/cio,"US federal government work: not protected by copyright in the US (17 U.S.C. 105). Contractor- or grantee-written parts and third-party photos or text inside it can still be copyrighted, and the US may claim copyright in other countries, which matters when choosing sales territories."
2026-09-27,yes,DA Pam 25-2-5: Software Assurance,,pdf,Army Department,federal,,army.mil,https://armypubs.army.mil/epubs/DR_pubs/DR_a/ARN36807-PAM_25-2-5-001-WEB-2.pdf,likely_public_domain,not checked,,,https://www.amazon.com/s?k=DA+Pam+25-2-5&i=stripbooks,1,https://www.army.mil/cio,"US federal government work: not protected by copyright in the US (17 U.S.C. 105). Contractor- or grantee-written parts and third-party photos or text inside it can still be copyrighted, and the US may claim copyright in other countries, which matters when choosing sales territories."
2026-09-27,yes,DA Pam 25-2-3: Reuse of Army Computer Hard Disk Drives,,pdf,Army Department,federal,,army.mil,https://armypubs.army.mil/epubs/DR_pubs/DR_a/ARN36785-PAM_25-2-3-001-WEB-3.pdf,likely_public_domain,not checked,,,https://www.amazon.com/s?k=DA+Pam+25-2-3&i=stripbooks,1,https://www.army.mil/cio,"US federal government work: not protected by copyright in the US (17 U.S.C. 105). Contractor- or grantee-written parts and third-party photos or text inside it can still be copyrighted, and the US may claim copyright in other countries, which matters when choosing sales territories."
2026-09-27,yes,DA Pam 25-2-2: Cybersecurity Tools Unified Capabilities Approved Products List Process,,pdf,Army Department,federal,,army.mil,https://armypubs.army.mil/epubs/DR_pubs/DR_a/ARN36799-PAM_25-2-2-001-WEB-3.pdf,likely_public_domain,not checked,,,https://www.amazon.com/s?k=DA+Pam+25-2-2&i=stripbooks,1,https://www.army.mil/cio,"US federal government work: not protected by copyright in the US (17 U.S.C. 105). Contractor- or grantee-written parts and third-party photos or text inside it can still be copyrighted, and the US may claim copyright in other countries, which matters when choosing sales territories."
2026-09-27,yes,DA Pam 25-2-1: Army Cross Domain Solution and Data Transfer Management,,pdf,Army Department,federal,,army.mil,https://armypubs.army.mil/epubs/DR_pubs/DR_a/ARN36794-PAM_25-2-1-002-WEB-4.pdf,likely_public_domain,not checked,,,https://www.amazon.com/s?k=DA+Pam+25-2-1&i=stripbooks,1,https://www.army.mil/cio,"US federal government work: not protected by copyright in the US (17 U.S.C. 105). Contractor- or grantee-written parts and third-party photos or text inside it can still be copyrighted, and the US may claim copyright in other countries, which matters when choosing sales territories."
2026-09-27,yes,DA Pam 25-1-1: Army Information Technology Implementation Instructions,,pdf,Army Department,federal,,army.mil,https://armypubs.army.mil/epubs/DR_pubs/DR_a/ARN36806-PAM_25-1-1-001-WEB-3.pdf,likely_public_domain,not checked,,,https://www.amazon.com/s?k=DA+Pam+25-1-1&i=stripbooks,1,https://www.army.mil/cio,"US federal government work: not protected by copyright in the US (17 U.S.C. 105). Contractor- or grantee-written parts and third-party photos or text inside it can still be copyrighted, and the US may claim copyright in other countries, which matters when choosing sales territories."
2026-09-27,yes,DA Pam 25-40: Army Publishing Program Procedures,,pdf,Army Department,federal,,army.mil,https://armypubs.army.mil/epubs/DR_pubs/DR_a/ARN38439-PAM_25-40-003-WEB-6.pdf,likely_public_domain,not checked,,,https://www.amazon.com/s?k=DA+Pam+25-40&i=stripbooks,1,https://www.army.mil/cio,"US federal government work: not protected by copyright in the US (17 U.S.C. 105). Contractor- or grantee-written parts and third-party photos or text inside it can still be copyrighted, and the US may claim copyright in other countries, which matters when choosing sales territories."
2026-09-27,yes,DA Pam 25-38: Army Printing and Distribution Procedures,,pdf,Army Department,federal,,army.mil,https://armypubs.army.mil/epubs/DR_pubs/DR_a/ARN38444-PAM_25-38-001-WEB-3.pdf,likely_public_domain,not checked,,,https://www.amazon.com/s?k=DA+Pam+25-38&i=stripbooks,1,https://www.army.mil/cio,"US federal government work: not protected by copyright in the US (17 U.S.C. 105). Contractor- or grantee-written parts and third-party photos or text inside it can still be copyrighted, and the US may claim copyright in other countries, which matters when choosing sales territories."
2026-09-27,yes,AR 25-400-2: Army Records Management Program,,pdf,Army Department,federal,,army.mil,https://armypubs.army.mil/epubs/DR_pubs/DR_a/ARN38446-AR_25-400-2-001-WEB-2.pdf,likely_public_domain,not checked,,,https://www.amazon.com/s?k=AR+25-400-2&i=stripbooks,1,https://www.army.mil/cio,"US federal government work: not protected by copyright in the US (17 U.S.C. 105). Contractor- or grantee-written parts and third-party photos or text inside it can still be copyrighted, and the US may claim copyright in other countries, which matters when choosing sales territories."
2026-09-27,yes,AR 25-98: Information Management Control Requirements Program,,pdf,Army Department,federal,,army.mil,https://armypubs.army.mil/epubs/DR_pubs/DR_a/ARN38440-AR_25-98-002-WEB-4.pdf,likely_public_domain,not checked,,,https://www.amazon.com/s?k=AR+25-98&i=stripbooks,1,https://www.army.mil/cio,"US federal government work: not protected by copyright in the US (17 U.S.C. 105). Contractor- or grantee-written parts and third-party photos or text inside it can still be copyrighted, and the US may claim copyright in other countries, which matters when choosing sales territories."
2026-09-27,yes,AR 25-58: Publishing in the Federal Register,,pdf,Army Department,federal,,army.mil,https://armypubs.army.mil/epubs/DR_pubs/DR_a/ARN38449-AR_25-58-001-WEB-2.pdf,likely_public_domain,not checked,,,https://www.amazon.com/s?k=AR+25-58&i=stripbooks,1,https://www.army.mil/cio,"US federal government work: not protected by copyright in the US (17 U.S.C. 105). Contractor- or grantee-written parts and third-party photos or text inside it can still be copyrighted, and the US may claim copyright in other countries, which matters when choosing sales territories."
2026-09-27,yes,AR 25-55: The Department of the Army Freedom of Information Act Program,,pdf,Army Department,federal,,army.mil,https://armypubs.army.mil/epubs/DR_pubs/DR_a/ARN38447-AR_25-55-001-WEB-3.pdf,likely_public_domain,not checked,,,https://www.amazon.com/s?k=AR+25-55&i=stripbooks,1,https://www.army.mil/cio,"US federal government work: not protected by copyright in the US (17 U.S.C. 105). Contractor- or grantee-written parts and third-party photos or text inside it can still be copyrighted, and the US may claim copyright in other countries, which matters when choosing sales territories."
2026-09-27,yes,AR 25-50: Preparing and Managing Correspondence,,pdf,Army Department,federal,,army.mil,https://armypubs.army.mil/epubs/DR_pubs/DR_a/ARN38642-AR_25-50-006-WEB-12.pdf,likely_public_domain,not checked,,,https://www.amazon.com/s?k=AR+25-50&i=stripbooks,1,https://www.army.mil/cio,"US federal government work: not protected by copyright in the US (17 U.S.C. 105). Contractor- or grantee-written parts and third-party photos or text inside it can still be copyrighted, and the US may claim copyright in other countries, which matters when choosing sales territories."
2026-09-27,yes,AR 25-38: Army Printing and Distribution Program,,pdf,Army Department,federal,,army.mil,https://armypubs.army.mil/epubs/DR_pubs/DR_a/ARN38443-AR_25-38-001-WEB-2.pdf,likely_public_domain,not checked,,,https://www.amazon.com/s?k=AR+25-38&i=stripbooks,1,https://www.army.mil/cio,"US federal government work: not protected by copyright in the US (17 U.S.C. 105). Contractor- or grantee-written parts and third-party photos or text inside it can still be copyrighted, and the US may claim copyright in other countries, which matters when choosing sales territories."
2026-09-27,yes,AR 25-30: Army Publishing Program,,pdf,Army Department,federal,,army.mil,https://armypubs.army.mil/epubs/DR_pubs/DR_a/ARN38436-AR_25-30-002-WEB-5.pdf,likely_public_domain,not checked,,,https://www.amazon.com/s?k=AR+25-30&i=stripbooks,1,https://www.army.mil/cio,"US federal government work: not protected by copyright in the US (17 U.S.C. 105). Contractor- or grantee-written parts and third-party photos or text inside it can still be copyrighted, and the US may claim copyright in other countries, which matters when choosing sales territories."
2026-09-27,yes,AR 25-22: The Army Privacy and Civil Liberties Program,,pdf,Army Department,federal,,army.mil,https://armypubs.army.mil/epubs/DR_pubs/DR_a/ARN38442-AR_25-22-001-WEB-2.pdf,likely_public_domain,not checked,,,https://www.amazon.com/s?k=AR+25-22&i=stripbooks,1,https://www.army.mil/cio,"US federal government work: not protected by copyright in the US (17 U.S.C. 105). Contractor- or grantee-written parts and third-party photos or text inside it can still be copyrighted, and the US may claim copyright in other countries, which matters when choosing sales territories."
2026-09-27,yes,AR 25-13: Army Telecommunications and Unified Capabilities,,pdf,Army Department,federal,,army.mil,https://armypubs.army.mil/epubs/DR_pubs/DR_a/ARN37509-AR_25-13-001-WEB-2.pdf,likely_public_domain,not checked,,,https://www.amazon.com/s?k=AR+25-13&i=stripbooks,1,https://www.army.mil/cio,"US federal government work: not protected by copyright in the US (17 U.S.C. 105). Contractor- or grantee-written parts and third-party photos or text inside it can still be copyrighted, and the US may claim copyright in other countries, which matters when choosing sales territories."
2026-09-27,yes,AR 25-12: Communications Security Equipment Maintenance and Maintenance Training,,pdf,Army Department,federal,,army.mil,https://armypubs.army.mil/epubs/DR_pubs/DR_b/ARN37508-AR_25-12-001-WEB-2.pdf,likely_public_domain,not checked,,,https://www.amazon.com/s?k=AR+25-12&i=stripbooks,1,https://www.army.mil/cio,"US federal government work: not protected by copyright in the US (17 U.S.C. 105). Contractor- or grantee-written parts and third-party photos or text inside it can still be copyrighted, and the US may claim copyright in other countries, which matters when choosing sales territories."
2026-09-27,yes,AR 25-6: Military Auxiliary Radio System and Amateur Radio Program,,pdf,Army Department,federal,,army.mil,https://armypubs.army.mil/epubs/DR_pubs/DR_a/ARN37507-AR_25-6-001-WEB-3.pdf,likely_public_domain,not checked,,,https://www.amazon.com/s?k=AR+25-6&i=stripbooks,1,https://www.army.mil/cio,"US federal government work: not protected by copyright in the US (17 U.S.C. 105). Contractor- or grantee-written parts and third-party photos or text inside it can still be copyrighted, and the US may claim copyright in other countries, which matters when choosing sales territories."
2026-09-27,yes,AR 25-1: Army Information Technology,,pdf,Army Department,federal,,army.mil,https://armypubs.army.mil/epubs/DR_pubs/DR_a/ARN37510-AR_25-1-001-WEB-3.pdf,likely_public_domain,not checked,,,https://www.amazon.com/s?k=AR+25-1&i=stripbooks,1,https://www.army.mil/cio,"US federal government work: not protected by copyright in the US (17 U.S.C. 105). Contractor- or grantee-written parts and third-party photos or text inside it can still be copyrighted, and the US may claim copyright in other countries, which matters when choosing sales territories."
2026-09-27,yes,AR 5-12: Army Use of the Electromagnetic Spectrum,,pdf,Army Department,federal,,army.mil,https://armypubs.army.mil/epubs/DR_pubs/DR_a/ARN37511-AR_5-12-001-WEB-3.pdf,likely_public_domain,not checked,,,https://www.amazon.com/s?k=AR+5-12&i=stripbooks,1,https://www.army.mil/cio,"US federal government work: not protected by copyright in the US (17 U.S.C. 105). Contractor- or grantee-written parts and third-party photos or text inside it can still be copyrighted, and the US may claim copyright in other countries, which matters when choosing sales territories."
2026-09-27,yes,"Department of the Army General Order 2020-20, ""Establishment Of The Offices Of The Chief Information Officer And The Deputy Chief Of Staff, Chief Of Staff, G-6""",,pdf,Army Department,federal,,army.mil,https://armypubs.army.mil/epubs/DR_pubs/DR_a/ARN30727-AGO_2020-20-000-WEB-1.pdf,likely_public_domain,not checked,,,https://www.amazon.com/s?k=Department+of+the+Army+General+Order+2020-20%2C+%22Establishment+Of+The+Offices+Of&i=stripbooks,1,https://www.army.mil/cio,"US federal government work: not protected by copyright in the US (17 U.S.C. 105). Contractor- or grantee-written parts and third-party photos or text inside it can still be copyrighted, and the US may claim copyright in other countries, which matters when choosing sales territories."
2026-09-27,yes,COL Paul AFCEA Belvoir luncheon presentation 29 JAN 2025,,pdf,Army Department,federal,,army.mil,https://api.army.mil/e2/c/downloads/2025/07/15/56ea2726/col-paul-afcea-belvoir-luncheon-presentation-29-jan-2025.pdf,likely_public_domain,not checked,,,https://www.amazon.com/s?k=COL+Paul+AFCEA+Belvoir+luncheon+presentation+29+JAN+2025&i=stripbooks,1,https://www.army.mil/enterprise,"US federal government work: not protected by copyright in the US (17 U.S.C. 105). Contractor- or grantee-written parts and third-party photos or text inside it can still be copyrighted, and the US may claim copyright in other countries, which matters when choosing sales territories."
2026-09-27,yes,PEO Keynote - 20 May 2025,,pdf,Army Department,federal,,army.mil,https://api.army.mil/e2/c/downloads/2025/08/21/a562b450/peo-keynote-20-may-2025.pdf,likely_public_domain,not checked,,,https://www.amazon.com/s?k=PEO+Keynote+-+20+May+2025&i=stripbooks,1,https://www.army.mil/enterprise,"US federal government work: not protected by copyright in the US (17 U.S.C. 105). Contractor- or grantee-written parts and third-party photos or text inside it can still be copyrighted, and the US may claim copyright in other countries, which matters when choosing sales territories."
2026-09-27,yes,MAHC-III Industry Day 5 JUN 2025,,pdf,Army Department,federal,,army.mil,https://api.army.mil/e2/c/downloads/2025/08/25/7f66e29c/mahc-iii-industry-day-5-jun-2025.pdf,likely_public_domain,not checked,,,https://www.amazon.com/s?k=MAHC-III+Industry+Day+5+JUN+2025&i=stripbooks,1,https://www.army.mil/enterprise,"US federal government work: not protected by copyright in the US (17 U.S.C. 105). Contractor- or grantee-written parts and third-party photos or text inside it can still be copyrighted, and the US may claim copyright in other countries, which matters when choosing sales territories."
2026-09-27,yes,GFIM Industry Day FAQs FINAL 30 JUL 2025,,pdf,Army Department,federal,,army.mil,https://api.army.mil/e2/c/downloads/2025/08/22/c102ddad/gfim-industry-day-faqs-final-30-jul-2025.pdf,likely_public_domain,not checked,,,https://www.amazon.com/s?k=GFIM+Industry+Day+FAQs+FINAL+30+JUL+2025&i=stripbooks,1,https://www.army.mil/enterprise,"US federal government work: not protected by copyright in the US (17 U.S.C. 105). Contractor- or grantee-written parts and third-party photos or text inside it can still be copyrighted, and the US may claim copyright in other countries, which matters when choosing sales territories."
2026-09-27,yes,GFIM Industry Day slide deck FINAL 30 JUL 2025_0 (1),,pdf,Army Department,federal,,army.mil,https://api.army.mil/e2/c/downloads/2025/08/22/f446c410/gfim-industry-day-slide-deck-final-30-jul-2025-0-1.pdf,likely_public_domain,not checked,,,https://www.amazon.com/s?k=GFIM+Industry+Day+slide+deck+FINAL+30+JUL+2025_0+%281%29&i=stripbooks,1,https://www.army.mil/enterprise,"US federal government work: not protected by copyright in the US (17 U.S.C. 105). Contractor- or grantee-written parts and third-party photos or text inside it can still be copyrighted, and the US may claim copyright in other countries, which matters when choosing sales territories."
2026-09-27,yes,ABID_O6 PM Panel _ FINAL,,pdf,Army Department,federal,,army.mil,https://api.army.mil/e2/c/downloads/2026/05/12/2eacffbe/abid-o6-pm-panel-final.pdf,likely_public_domain,not checked,,,https://www.amazon.com/s?k=ABID_O6+PM+Panel+_+FINAL&i=stripbooks,1,https://www.army.mil/enterprise,"US federal government work: not protected by copyright in the US (17 U.S.C. 105). Contractor- or grantee-written parts and third-party photos or text inside it can still be copyrighted, and the US may claim copyright in other countries, which matters when choosing sales territories."
2026-09-27,yes,Accelerating the Path to Award_FINAL,,pdf,Army Department,federal,,army.mil,https://api.army.mil/e2/c/downloads/2026/05/12/fcc40129/accelerating-the-path-to-award-final.pdf,likely_public_domain,not checked,,,https://www.amazon.com/s?k=Accelerating+the+Path+to+Award_FINAL&i=stripbooks,1,https://www.army.mil/enterprise,"US federal government work: not protected by copyright in the US (17 U.S.C. 105). Contractor- or grantee-written parts and third-party photos or text inside it can still be copyrighted, and the US may claim copyright in other countries, which matters when choosing sales territories."
2026-09-27,yes,CPE ACC Fireside Chat_FINAL,,pdf,Army Department,federal,,army.mil,https://api.army.mil/e2/c/downloads/2026/05/06/49ba056c/cpe-acc-fireside-chat-final.pdf,likely_public_domain,not checked,,,https://www.amazon.com/s?k=CPE+ACC+Fireside+Chat_FINAL&i=stripbooks,1,https://www.army.mil/enterprise,"US federal government work: not protected by copyright in the US (17 U.S.C. 105). Contractor- or grantee-written parts and third-party photos or text inside it can still be copyrighted, and the US may claim copyright in other countries, which matters when choosing sales territories."
2026-09-27,yes,CERP Fact Sheet 2026_v2_Final,,pdf,Army Department,federal,,army.mil,https://api.army.mil/e2/c/downloads/2026/05/04/611a9d65/cerp-fact-sheet-2026-v2-final.pdf,likely_public_domain,not checked,,,https://www.amazon.com/s?k=CERP+Fact+Sheet+2026_v2_Final&i=stripbooks,1,https://www.army.mil/enterprise,"US federal government work: not protected by copyright in the US (17 U.S.C. 105). Contractor- or grantee-written parts and third-party photos or text inside it can still be copyrighted, and the US may claim copyright in other countries, which matters when choosing sales territories."
2026-09-27,yes,Fact Sheet ABID LOG-FIN v5,,pdf,Army Department,federal,,army.mil,https://api.army.mil/e2/c/downloads/2026/08/24/1ac2b55d/fact-sheet-abid-log-fin-v5.pdf,likely_public_domain,not checked,,,https://www.amazon.com/s?k=Fact+Sheet+ABID+LOG-FIN+v5&i=stripbooks,1,https://www.army.mil/enterprise,"US federal government work: not protected by copyright in the US (17 U.S.C. 105). Contractor- or grantee-written parts and third-party photos or text inside it can still be copyrighted, and the US may claim copyright in other countries, which matters when choosing sales territories."
2026-09-27,yes,BTS Fact Sheet 2026_FINAL,,pdf,Army Department,federal,,army.mil,https://api.army.mil/e2/c/downloads/2026/05/04/5ec3406a/bts-fact-sheet-2026-final.pdf,likely_public_domain,not checked,,,https://www.amazon.com/s?k=BTS+Fact+Sheet+2026_FINAL&i=stripbooks,1,https://www.army.mil/enterprise,"US federal government work: not protected by copyright in the US (17 U.S.C. 105). Contractor- or grantee-written parts and third-party photos or text inside it can still be copyrighted, and the US may claim copyright in other countries, which matters when choosing sales territories."
2026-09-27,yes,HR-FM Fact Sheet 2026_ABID,,pdf,Army Department,federal,,army.mil,https://api.army.mil/e2/c/downloads/2026/08/18/f12736ca/hr-fm-fact-sheet-2026-abid.pdf,likely_public_domain,not checked,,,https://www.amazon.com/s?k=HR-FM+Fact+Sheet+2026_ABID&i=stripbooks,1,https://www.army.mil/enterprise,"US federal government work: not protected by copyright in the US (17 U.S.C. 105). Contractor- or grantee-written parts and third-party photos or text inside it can still be copyrighted, and the US may claim copyright in other countries, which matters when choosing sales territories."
2026-09-27,yes,Digital Market Fact Sheet 2026,,pdf,Army Department,federal,,army.mil,https://api.army.mil/e2/c/downloads/2026/08/25/89d25c15/digital-market-fact-sheet-2026.pdf,likely_public_domain,not checked,,,https://www.amazon.com/s?k=Digital+Market+Fact+Sheet+2026&i=stripbooks,1,https://www.army.mil/enterprise,"US federal government work: not protected by copyright in the US (17 U.S.C. 105). Contractor- or grantee-written parts and third-party photos or text inside it can still be copyrighted, and the US may claim copyright in other countries, which matters when choosing sales territories."
2026-09-27,yes,ATIS Fact Sheet 2026_UPDATED_JUL2026,,pdf,Army Department,federal,,army.mil,https://api.army.mil/e2/c/downloads/2026/08/18/df0b2952/atis-fact-sheet-2026-updated-jul2026.pdf,likely_public_domain,not checked,,,https://www.amazon.com/s?k=ATIS+Fact+Sheet+2026_UPDATED_JUL2026&i=stripbooks,1,https://www.army.mil/enterprise,"US federal government work: not protected by copyright in the US (17 U.S.C. 105). Contractor- or grantee-written parts and third-party photos or text inside it can still be copyrighted, and the US may claim copyright in other countries, which matters when choosing sales territories."
2026-09-27,yes,FMS-ACES Fact Sheet 2026_UPDATED_JUL2026,,pdf,Army Department,federal,,army.mil,https://api.army.mil/e2/c/downloads/2026/08/18/26ef2bcb/fms-aces-fact-sheet-2026-updated-jul2026.pdf,likely_public_domain,not checked,,,https://www.amazon.com/s?k=FMS-ACES+Fact+Sheet+2026_UPDATED_JUL2026&i=stripbooks,1,https://www.army.mil/enterprise,"US federal government work: not protected by copyright in the US (17 U.S.C. 105). Contractor- or grantee-written parts and third-party photos or text inside it can still be copyrighted, and the US may claim copyright in other countries, which matters when choosing sales territories."
2026-09-27,yes,ACWS Fact Sheet 2026_FINAL,,pdf,Army Department,federal,,army.mil,https://api.army.mil/e2/c/downloads/2026/08/25/06612843/acws-fact-sheet-2026-final.pdf,likely_public_domain,not checked,,,https://www.amazon.com/s?k=ACWS+Fact+Sheet+2026_FINAL&i=stripbooks,1,https://www.army.mil/enterprise,"US federal government work: not protected by copyright in the US (17 U.S.C. 105). Contractor- or grantee-written parts and third-party photos or text inside it can still be copyrighted, and the US may claim copyright in other countries, which matters when choosing sales territories."
2026-09-27,yes,org_chart_2026_cpe_24SEP,,pdf,Army Department,federal,,army.mil,https://api.army.mil/e2/c/downloads/2026/09/25/e272509a/org-chart-2026-cpe-24sep.pdf,likely_public_domain,not checked,,,https://www.amazon.com/s?k=org_chart_2026_cpe_24SEP&i=stripbooks,1,https://www.army.mil/enterprise,"US federal government work: not protected by copyright in the US (17 U.S.C. 105). Contractor- or grantee-written parts and third-party photos or text inside it can still be copyrighted, and the US may claim copyright in other countries, which matters when choosing sales territories."
2026-09-27,yes,Fort Hood Commercial Site Screening Map 20251119,,pdf,Army Department,federal,,army.mil,https://api.army.mil/e2/c/downloads/2025/11/19/1a791713/fort-hood-commercial-site-screening-map-20251119.pdf,likely_public_domain,not checked,,,https://www.amazon.com/s?k=Fort+Hood+Commercial+Site+Screening+Map+20251119&i=stripbooks,1,https://www.army.mil/asaiee,"US federal government work: not protected by copyright in the US (17 U.S.C. 105). Contractor- or grantee-written parts and third-party photos or text inside it can still be copyrighted, and the US may claim copyright in other countries, which matters when choosing sales territories."
2026-09-27,yes,Fort Bragg Commercial Site Screening Map 20251119,,pdf,Army Department,federal,,army.mil,https://api.army.mil/e2/c/downloads/2025/11/19/508bcf23/fort-bragg-commercial-site-screening-map-20251119.pdf,likely_public_domain,not checked,,,https://www.amazon.com/s?k=Fort+Bragg+Commercial+Site+Screening+Map+20251119&i=stripbooks,1,https://www.army.mil/asaiee,"US federal government work: not protected by copyright in the US (17 U.S.C. 105). Contractor- or grantee-written parts and third-party photos or text inside it can still be copyrighted, and the US may claim copyright in other countries, which matters when choosing sales territories."
2026-09-27,yes,Fort Bliss Commercial Site Screening Map 20251119,,pdf,Army Department,federal,,army.mil,https://api.army.mil/e2/c/downloads/2025/11/19/68f19111/fort-bliss-commercial-site-screening-map-20251119.pdf,likely_public_domain,not checked,,,https://www.amazon.com/s?k=Fort+Bliss+Commercial+Site+Screening+Map+20251119&i=stripbooks,1,https://www.army.mil/asaiee,"US federal government work: not protected by copyright in the US (17 U.S.C. 105). Contractor- or grantee-written parts and third-party photos or text inside it can still be copyrighted, and the US may claim copyright in other countries, which matters when choosing sales territories."
2026-09-27,yes,Dugway PG Commercial Site Screening Map 20251119,,pdf,Army Department,federal,,army.mil,https://api.army.mil/e2/c/downloads/2025/11/19/5fc1d906/dugway-pg-commercial-site-screening-map-20251119.pdf,likely_public_domain,not checked,,,https://www.amazon.com/s?k=Dugway+PG+Commercial+Site+Screening+Map+20251119&i=stripbooks,1,https://www.army.mil/asaiee,"US federal government work: not protected by copyright in the US (17 U.S.C. 105). Contractor- or grantee-written parts and third-party photos or text inside it can still be copyrighted, and the US may claim copyright in other countries, which matters when choosing sales territories."
2026-09-27,yes,Army_Data_Center_Targets_of_Opportunity_V10-20251117_RFI,,pdf,Army Department,federal,,army.mil,https://api.army.mil/e2/c/downloads/2025/11/19/f3a7bfcd/army-data-center-targets-of-opportunity-v10-20251117-rfi.pdf,likely_public_domain,not checked,,,https://www.amazon.com/s?k=Army_Data_Center_Targets_of_Opportunity_V10-20251117_RFI&i=stripbooks,1,https://www.army.mil/asaiee,"US federal government work: not protected by copyright in the US (17 U.S.C. 105). Contractor- or grantee-written parts and third-party photos or text inside it can still be copyrighted, and the US may claim copyright in other countries, which matters when choosing sales territories."
2026-09-27,yes,OASA_IEE_Fact_Sheet_30 JULY 2026,,pdf,Army Department,federal,,army.mil,https://api.army.mil/e2/c/downloads/2026/08/10/85fc8930/oasa-iee-fact-sheet-30-july-2026.pdf,likely_public_domain,not checked,,,https://www.amazon.com/s?k=OASA_IEE_Fact_Sheet_30+JULY+2026&i=stripbooks,1,https://www.army.mil/asaiee,"US federal government work: not protected by copyright in the US (17 U.S.C. 105). Contractor- or grantee-written parts and third-party photos or text inside it can still be copyrighted, and the US may claim copyright in other countries, which matters when choosing sales territories."
2026-09-27,yes,JSIL Tool Catalog Webpage Content - Web,,pdf,Army Department,federal,,army.mil,https://api.army.mil/e2/c/downloads/2026/08/27/2cd0d0af/jsil-tool-catalog-webpage-content-web.pdf,likely_public_domain,not checked,,,https://www.amazon.com/s?k=JSIL+Tool+Catalog+Webpage+Content+-+Web&i=stripbooks,1,https://www.army.mil/article/293792/jsil_uas_interoperability_test_tool_catalog,"US federal government work: not protected by copyright in the US (17 U.S.C. 105). Contractor- or grantee-written parts and third-party photos or text inside it can still be copyrighted, and the US may claim copyright in other countries, which matters when choosing sales territories."
2026-09-27,yes,U.S. Army Portfolio 2024,,pdf,Army Department,federal,,army.mil,https://api.army.mil/e2/c/downloads/2024/07/19/ab2038a9/u-s-army-portfolio-2024.pdf,likely_public_domain,not checked,,,https://www.amazon.com/s?k=U.S.+Army+Portfolio+2024&i=stripbooks,1,https://www.army.mil/asaalt,"US federal government work: not protected by copyright in the US (17 U.S.C. 105). Contractor- or grantee-written parts and third-party photos or text inside it can still be copyrighted, and the US may claim copyright in other countries, which matters when choosing sales territories."
2026-09-27,yes,2023-u-s-army-acquisition-portfolio,,pdf,Army Department,federal,,army.mil,https://api.army.mil/e2/c/downloads/2024/03/08/b33ff3e4/2023-u-s-army-acquisition-portfolio.pdf,likely_public_domain,not checked,,,https://www.amazon.com/s?k=2023-u-s-army-acquisition-portfolio&i=stripbooks,1,https://www.army.mil/asaalt,"US federal government work: not protected by copyright in the US (17 U.S.C. 105). Contractor- or grantee-written parts and third-party photos or text inside it can still be copyrighted, and the US may claim copyright in other countries, which matters when choosing sales territories."
2026-09-27,yes,2026-NATIONAL-DEFENSE-STRATEGY,,pdf,Army Department,federal,,army.mil,https://api.army.mil/e2/c/downloads/2026/02/09/cc5d2a8b/2026-national-defense-strategy.pdf,likely_public_domain,not checked,,,https://www.amazon.com/s?k=2026-NATIONAL-DEFENSE-STRATEGY&i=stripbooks,1,https://www.army.mil/asaalt,"US federal government work: not protected by copyright in the US (17 U.S.C. 105). Contractor- or grantee-written parts and third-party photos or text inside it can still be copyrighted, and the US may claim copyright in other countries, which matters when choosing sales territories."
2026-09-27,yes,2025-National-Security-Strategy,,pdf,Army Department,federal,,army.mil,https://api.army.mil/e2/c/downloads/2026/02/09/0395cd9b/2025-national-security-strategy.pdf,likely_public_domain,not checked,,,https://www.amazon.com/s?k=2025-National-Security-Strategy&i=stripbooks,1,https://www.army.mil/asaalt,"US federal government work: not protected by copyright in the US (17 U.S.C. 105). Contractor- or grantee-written parts and third-party photos or text inside it can still be copyrighted, and the US may claim copyright in other countries, which matters when choosing sales territories."
2026-09-27,yes,2023 U.S. Army Acquisition Portfolio,,pdf,Army Department,federal,,army.mil,https://api.army.mil/e2/c/downloads/2023/11/20/0f0da2ca/2023-u-s-army-acquisition-portfolio.pdf,likely_public_domain,not checked,,,https://www.amazon.com/s?k=2023+U.S.+Army+Acquisition+Portfolio&i=stripbooks,1,https://www.army.mil/asaalt,"US federal government work: not protected by copyright in the US (17 U.S.C. 105). Contractor- or grantee-written parts and third-party photos or text inside it can still be copyrighted, and the US may claim copyright in other countries, which matters when choosing sales territories."
2026-09-27,yes,Tab A(S) NGB VT Fire Alarm System Waiver_ZH7T. NGB VT Fire Alarm System Waiver_ZH7T,,pdf,Army Department,federal,,army.mil,https://api.army.mil/e2/c/downloads/2026/03/12/c5451003/tab-a-s-ngb-vt-fire-alarm-system-waiver-zh7t.pdf,likely_public_domain,not checked,,,https://www.amazon.com/s?k=Tab+A%28S%29+NGB+VT+Fire+Alarm+System+Waiver_ZH7T.+NGB+VT+Fire+Alarm&i=stripbooks,1,https://www.army.mil/asaalt,"US federal government work: not protected by copyright in the US (17 U.S.C. 105). Contractor- or grantee-written parts and third-party photos or text inside it can still be copyrighted, and the US may claim copyright in other countries, which matters when choosing sales territories."
2026-09-27,yes,TAB A(S) Army BABA Waiver_Signed GGTM. Army BABA Waiver_Signed GGTM,,pdf,Army Department,federal,,army.mil,https://api.army.mil/e2/c/downloads/2024/03/29/6f5efa76/tab-a-s-army-baba-waiver-signed-ggtm.pdf,likely_public_domain,not checked,,,https://www.amazon.com/s?k=TAB+A%28S%29+Army+BABA+Waiver_Signed+GGTM.+Army+BABA+Waiver_Signed+GGTM&i=stripbooks,1,https://www.army.mil/asaalt,"US federal government work: not protected by copyright in the US (17 U.S.C. 105). Contractor- or grantee-written parts and third-party photos or text inside it can still be copyrighted, and the US may claim copyright in other countries, which matters when choosing sales territories."
2026-09-27,yes,20260925 ASAALT Org Chart PAE PME,,pdf,Army Department,federal,,army.mil,https://api.army.mil/e2/c/downloads/2026/09/25/7bb813fe/20260925-asaalt-org-chart-pae-pme.pdf,likely_public_domain,not checked,,,https://www.amazon.com/s?k=20260925+ASAALT+Org+Chart+PAE+PME&i=stripbooks,1,https://www.army.mil/asaalt,"US federal government work: not protected by copyright in the US (17 U.S.C. 105). Contractor- or grantee-written parts and third-party photos or text inside it can still be copyrighted, and the US may claim copyright in other countries, which matters when choosing sales territories."
2026-09-27,yes,Trademark Licensing Qualification Standards 200926,,pdf,Army Department,federal,,army.mil,https://api.army.mil/e2/c/downloads/2025/09/26/981fcfd5/trademark-licensing-qualification-standards-200926.pdf,likely_public_domain,not checked,,,https://www.amazon.com/s?k=Trademark+Licensing+Qualification+Standards+200926&i=stripbooks,1,https://www.army.mil/atlp,"US federal government work: not protected by copyright in the US (17 U.S.C. 105). Contractor- or grantee-written parts and third-party photos or text inside it can still be copyrighted, and the US may claim copyright in other countries, which matters when choosing sales territories."
2026-09-27,yes,QTI-P Bottom Tier Counseling,,pdf,Army Department,federal,,army.mil,https://api.army.mil/e2/c/downloads/2026/03/05/18568373/qti-p-bottom-tier-counseling.pdf,likely_public_domain,not checked,,,https://www.amazon.com/s?k=QTI-P+Bottom+Tier+Counseling&i=stripbooks,1,https://www.army.mil/retention,"US federal government work: not protected by copyright in the US (17 U.S.C. 105). Contractor- or grantee-written parts and third-party photos or text inside it can still be copyrighted, and the US may claim copyright in other countries, which matters when choosing sales territories."
2026-09-27,yes,QTI-P Identification Counseling,,pdf,Army Department,federal,,army.mil,https://api.army.mil/e2/c/downloads/2026/03/05/eb2f0e8f/qti-p-identification-counseling.pdf,likely_public_domain,not checked,,,https://www.amazon.com/s?k=QTI-P+Identification+Counseling&i=stripbooks,1,https://www.army.mil/retention,"US federal government work: not protected by copyright in the US (17 U.S.C. 105). Contractor- or grantee-written parts and third-party photos or text inside it can still be copyrighted, and the US may claim copyright in other countries, which matters when choosing sales territories."
2026-09-27,yes,HQDA EXORD 117-26 Annex B - Quality Tiered Incentive Point Worksheet (Final),,pdf,Army Department,federal,,army.mil,https://api.army.mil/e2/c/downloads/2026/02/10/30d35368/hqda-exord-117-26-annex-b-quality-tiered-incentive-point-worksheet-final.pdf,likely_public_domain,not checked,,,https://www.amazon.com/s?k=HQDA+EXORD+117-26+Annex+B+-+Quality+Tiered+Incentive+Point+Worksheet+%28Final%29&i=stripbooks,1,https://www.army.mil/retention,"US federal government work: not protected by copyright in the US (17 U.S.C. 105). Contractor- or grantee-written parts and third-party photos or text inside it can still be copyrighted, and the US may claim copyright in other countries, which matters when choosing sales territories."
2026-09-27,yes,HQDA EXORD 117-26 Annex A - Quality Tiered Incentive Program Guidance (Final),,pdf,Army Department,federal,,army.mil,https://api.army.mil/e2/c/downloads/2026/02/10/513907cc/hqda-exord-117-26-annex-a-quality-tiered-incentive-program-guidance-final.pdf,likely_public_domain,not checked,,,https://www.amazon.com/s?k=HQDA+EXORD+117-26+Annex+A+-+Quality+Tiered+Incentive+Program+Guidance+%28Final%29&i=stripbooks,1,https://www.army.mil/retention,"US federal government work: not protected by copyright in the US (17 U.S.C. 105). Contractor- or grantee-written parts and third-party photos or text inside it can still be copyrighted, and the US may claim copyright in other countries, which matters when choosing sales territories."
2026-09-27,yes,HQDA EXORD 117-26 Army Retention Program - Quality Tiered Incentive (QTI) Program (Final). Program (Final),,pdf,Army Department,federal,,army.mil,https://api.army.mil/e2/c/downloads/2026/02/10/a9390141/hqda-exord-117-26-army-retention-program-quality-tiered-incentive-qti-program-final.pdf,likely_public_domain,not checked,,,https://www.amazon.com/s?k=HQDA+EXORD+117-26+Army+Retention+Program+-+Quality+Tiered+Incentive+%28QTI%29+Program&i=stripbooks,1,https://www.army.mil/retention,"US federal government work: not protected by copyright in the US (17 U.S.C. 105). Contractor- or grantee-written parts and third-party photos or text inside it can still be copyrighted, and the US may claim copyright in other countries, which matters when choosing sales territories."
2026-09-27,yes,https://api.army.mil/e2/c/downloads/2024/11/20/bf11d2d2/chapter-10c-enlisted-mos,,pdf,Army Department,federal,,army.mil,https://api.army.mil/e2/c/downloads/2024/11/20/bf11d2d2/chapter-10c-enlisted-mos-specifications.pdf,likely_public_domain,not checked,,,https://www.amazon.com/s?k=https%3A%2F%2Fapi.army.mil%2Fe2%2Fc%2Fdownloads%2F2024%2F11%2F20%2Fbf11d2d2%2Fchapter-10c-enlisted-mos&i=stripbooks,1,https://www.army.mil/retention,"US federal government work: not protected by copyright in the US (17 U.S.C. 105). Contractor- or grantee-written parts and third-party photos or text inside it can still be copyrighted, and the US may claim copyright in other countries, which matters when choosing sales territories."
2026-09-27,yes,smartbook-da-pam-601-280-effective-1-oct-2025,,pdf,Army Department,federal,,army.mil,https://api.army.mil/e2/c/downloads/2025/12/17/e58320c3/smartbook-da-pam-601-280-effective-1-oct-2025.pdf,likely_public_domain,not checked,,,https://www.amazon.com/s?k=smartbook-da-pam-601-280-effective-1-oct-2025&i=stripbooks,1,https://www.army.mil/retention,"US federal government work: not protected by copyright in the US (17 U.S.C. 105). Contractor- or grantee-written parts and third-party photos or text inside it can still be copyrighted, and the US may claim copyright in other countries, which matters when choosing sales territories."
2026-09-27,yes,CFT Testing Guidance,,pdf,Army Department,federal,,army.mil,https://api.army.mil/e2/c/downloads/2026/04/27/fb883005/cft-testing-guidance.pdf,likely_public_domain,not checked,,,https://www.amazon.com/s?k=CFT+Testing+Guidance&i=stripbooks,1,https://www.army.mil/retention,"US federal government work: not protected by copyright in the US (17 U.S.C. 105). Contractor- or grantee-written parts and third-party photos or text inside it can still be copyrighted, and the US may claim copyright in other countries, which matters when choosing sales territories."
2026-09-27,yes,CFT Implementation Guidance,,pdf,Army Department,federal,,army.mil,https://api.army.mil/e2/c/downloads/2026/04/27/dc10af08/cft-implementation-guidance.pdf,likely_public_domain,not checked,,,https://www.amazon.com/s?k=CFT+Implementation+Guidance&i=stripbooks,1,https://www.army.mil/retention,"US federal government work: not protected by copyright in the US (17 U.S.C. 105). Contractor- or grantee-written parts and third-party photos or text inside it can still be copyrighted, and the US may claim copyright in other countries, which matters when choosing sales territories."
2026-09-27,yes,CFT Standard Achievement,,pdf,Army Department,federal,,army.mil,https://api.army.mil/e2/c/downloads/2026/04/27/2c115f89/cft-standard-achievement.pdf,likely_public_domain,not checked,,,https://www.amazon.com/s?k=CFT+Standard+Achievement&i=stripbooks,1,https://www.army.mil/retention,"US federal government work: not protected by copyright in the US (17 U.S.C. 105). Contractor- or grantee-written parts and third-party photos or text inside it can still be copyrighted, and the US may claim copyright in other countries, which matters when choosing sales territories."
2026-09-27,yes,Mandatory Reclassification WO1 thru WO5_MAJ thru COL,,pdf,Army Department,federal,,army.mil,https://api.army.mil/e2/c/downloads/2026/04/27/a11e78dc/mandatory-reclassification-wo1-thru-wo5-maj-thru-col.pdf,likely_public_domain,not checked,,,https://www.amazon.com/s?k=Mandatory+Reclassification+WO1+thru+WO5_MAJ+thru+COL&i=stripbooks,1,https://www.army.mil/retention,"US federal government work: not protected by copyright in the US (17 U.S.C. 105). Contractor- or grantee-written parts and third-party photos or text inside it can still be copyrighted, and the US may claim copyright in other countries, which matters when choosing sales territories."
2026-09-27,yes,Mandatory Reclassification 2LT thru CPT,,pdf,Army Department,federal,,army.mil,https://api.army.mil/e2/c/downloads/2026/04/27/b9b1ee07/mandatory-reclassification-2lt-thru-cpt.pdf,likely_public_domain,not checked,,,https://www.amazon.com/s?k=Mandatory+Reclassification+2LT+thru+CPT&i=stripbooks,1,https://www.army.mil/retention,"US federal government work: not protected by copyright in the US (17 U.S.C. 105). Contractor- or grantee-written parts and third-party photos or text inside it can still be copyrighted, and the US may claim copyright in other countries, which matters when choosing sales territories."
2026-09-27,yes,Mandatory Reclassification Enlisted,,pdf,Army Department,federal,,army.mil,https://api.army.mil/e2/c/downloads/2026/04/27/3804951f/mandatory-reclassification-enlisted.pdf,likely_public_domain,not checked,,,https://www.amazon.com/s?k=Mandatory+Reclassification+Enlisted&i=stripbooks,1,https://www.army.mil/retention,"US federal government work: not protected by copyright in the US (17 U.S.C. 105). Contractor- or grantee-written parts and third-party photos or text inside it can still be copyrighted, and the US may claim copyright in other countries, which matters when choosing sales territories."
2026-09-27,yes,CFT Initial Idenitification,,pdf,Army Department,federal,,army.mil,https://api.army.mil/e2/c/downloads/2026/04/27/9ae62754/cft-initial-idenitification.pdf,likely_public_domain,not checked,,,https://www.amazon.com/s?k=CFT+Initial+Idenitification&i=stripbooks,1,https://www.army.mil/retention,"US federal government work: not protected by copyright in the US (17 U.S.C. 105). Contractor- or grantee-written parts and third-party photos or text inside it can still be copyrighted, and the US may claim copyright in other countries, which matters when choosing sales territories."
2026-09-27,yes,CFT Army Directive,,pdf,Army Department,federal,,army.mil,https://api.army.mil/e2/c/downloads/2026/04/29/858da01e/cft-army-directive.pdf,likely_public_domain,not checked,,,https://www.amazon.com/s?k=CFT+Army+Directive&i=stripbooks,1,https://www.army.mil/retention,"US federal government work: not protected by copyright in the US (17 U.S.C. 105). Contractor- or grantee-written parts and third-party photos or text inside it can still be copyrighted, and the US may claim copyright in other countries, which matters when choosing sales territories."
2026-09-27,yes,HQDA EXORD 218-25 (FRAGO 1),,pdf,Army Department,federal,,army.mil,https://api.army.mil/e2/c/downloads/2026/01/13/2887cffc/hqda-exord-218-25-frago-1-annex-a-implementation-plan-guidance-30-may-2025-final.pdf,likely_public_domain,not checked,,,https://www.amazon.com/s?k=HQDA+EXORD+218-25+%28FRAGO+1%29&i=stripbooks,1,https://www.army.mil/retention,"US federal government work: not protected by copyright in the US (17 U.S.C. 105). Contractor- or grantee-written parts and third-party photos or text inside it can still be copyrighted, and the US may claim copyright in other countries, which matters when choosing sales territories."
2026-09-27,yes,HQDA EXORD 218-25 (FRAGO 1) Army Fitness Test (AFT) (Final),,pdf,Army Department,federal,,army.mil,https://api.army.mil/e2/c/downloads/2026/04/27/cddbfd68/hqda-exord-218-25-frago-1-army-fitness-test-aft-final.pdf,likely_public_domain,not checked,,,https://www.amazon.com/s?k=HQDA+EXORD+218-25+%28FRAGO+1%29+Army+Fitness+Test+%28AFT%29+%28Final%29&i=stripbooks,1,https://www.army.mil/retention,"US federal government work: not protected by copyright in the US (17 U.S.C. 105). Contractor- or grantee-written parts and third-party photos or text inside it can still be copyrighted, and the US may claim copyright in other countries, which matters when choosing sales territories."
2026-09-27,yes,Army Military Compensation Brochure,,pdf,Army Department,federal,,army.mil,https://api.army.mil/e2/c/downloads/2025/11/20/c9a834a6/army-military-compensation-brochure.pdf,likely_public_domain,not checked,,,https://www.amazon.com/s?k=Army+Military+Compensation+Brochure&i=stripbooks,1,https://www.army.mil/retention,"US federal government work: not protected by copyright in the US (17 U.S.C. 105). Contractor- or grantee-written parts and third-party photos or text inside it can still be copyrighted, and the US may claim copyright in other countries, which matters when choosing sales territories."
2026-09-27,yes,MILPER 26-068 Warrant Officer Retention Bonus,,pdf,Army Department,federal,,army.mil,https://api.army.mil/e2/c/downloads/2026/02/24/dec2da32/milper-26-068-warrant-officer-retention-bonus.pdf,likely_public_domain,not checked,,,https://www.amazon.com/s?k=MILPER+26-068+Warrant+Officer+Retention+Bonus&i=stripbooks,1,https://www.army.mil/retention,"US federal government work: not protected by copyright in the US (17 U.S.C. 105). Contractor- or grantee-written parts and third-party photos or text inside it can still be copyrighted, and the US may claim copyright in other countries, which matters when choosing sales territories."
2026-09-27,yes,MILPER 25-252 Home of Record Designation Request,,pdf,Army Department,federal,,army.mil,https://api.army.mil/e2/c/downloads/2025/06/25/f6968e8b/milper-25-252-home-of-record-designation-request.pdf,likely_public_domain,not checked,,,https://www.amazon.com/s?k=MILPER+25-252+Home+of+Record+Designation+Request&i=stripbooks,1,https://www.army.mil/retention,"US federal government work: not protected by copyright in the US (17 U.S.C. 105). Contractor- or grantee-written parts and third-party photos or text inside it can still be copyrighted, and the US may claim copyright in other countries, which matters when choosing sales territories."
2026-09-27,yes,MILPER 25-445 Written Bonus Agreement (WBA),,pdf,Army Department,federal,,army.mil,https://api.army.mil/e2/c/downloads/2025/11/20/2f93c026/milper-25-445-written-bonus-agreement-wba.pdf,likely_public_domain,not checked,,,https://www.amazon.com/s?k=MILPER+25-445+Written+Bonus+Agreement+%28WBA%29&i=stripbooks,1,https://www.army.mil/retention,"US federal government work: not protected by copyright in the US (17 U.S.C. 105). Contractor- or grantee-written parts and third-party photos or text inside it can still be copyrighted, and the US may claim copyright in other countries, which matters when choosing sales territories."
2026-09-27,yes,MILPER 24-305 Conversion Bonus,,pdf,Army Department,federal,,army.mil,https://api.army.mil/e2/c/downloads/2025/06/25/ed3ffc6d/milper-24-305-conversion-bonus.pdf,likely_public_domain,not checked,,,https://www.amazon.com/s?k=MILPER+24-305+Conversion+Bonus&i=stripbooks,1,https://www.army.mil/retention,"US federal government work: not protected by copyright in the US (17 U.S.C. 105). Contractor- or grantee-written parts and third-party photos or text inside it can still be copyrighted, and the US may claim copyright in other countries, which matters when choosing sales territories."
2026-09-27,yes,MILPER 26-240_ Precision Retention,,pdf,Army Department,federal,,army.mil,https://api.army.mil/e2/c/downloads/2026/07/01/290e2d68/milper-26-240-precision-retention.pdf,likely_public_domain,not checked,,,https://www.amazon.com/s?k=MILPER+26-240_+Precision+Retention&i=stripbooks,1,https://www.army.mil/retention,"US federal government work: not protected by copyright in the US (17 U.S.C. 105). Contractor- or grantee-written parts and third-party photos or text inside it can still be copyrighted, and the US may claim copyright in other countries, which matters when choosing sales territories."
2026-09-27,yes,MILPER 26-316_SRB,,pdf,Army Department,federal,,army.mil,https://api.army.mil/e2/c/downloads/2026/09/01/e2df58cc/milper-26-316-srb.pdf,likely_public_domain,not checked,,,https://www.amazon.com/s?k=MILPER+26-316_SRB&i=stripbooks,1,https://www.army.mil/retention,"US federal government work: not protected by copyright in the US (17 U.S.C. 105). Contractor- or grantee-written parts and third-party photos or text inside it can still be copyrighted, and the US may claim copyright in other countries, which matters when choosing sales territories."
2026-09-27,yes,MILPER 26-241_SRB,,pdf,Army Department,federal,,army.mil,https://api.army.mil/e2/c/downloads/2026/07/01/3ab18991/milper-26-241-srb.pdf,likely_public_domain,not checked,,,https://www.amazon.com/s?k=MILPER+26-241_SRB&i=stripbooks,1,https://www.army.mil/retention,"US federal government work: not protected by copyright in the US (17 U.S.C. 105). Contractor- or grantee-written parts and third-party photos or text inside it can still be copyrighted, and the US may claim copyright in other countries, which matters when choosing sales territories."
2026-09-27,yes,MILPER 26-242 In_Out Calls,,pdf,Army Department,federal,,army.mil,https://api.army.mil/e2/c/downloads/2026/07/01/d9562458/milper-26-242-in-out-calls.pdf,likely_public_domain,not checked,,,https://www.amazon.com/s?k=MILPER+26-242+In_Out+Calls&i=stripbooks,1,https://www.army.mil/retention,"US federal government work: not protected by copyright in the US (17 U.S.C. 105). Contractor- or grantee-written parts and third-party photos or text inside it can still be copyrighted, and the US may claim copyright in other countries, which matters when choosing sales territories."
2026-09-27,yes,Small-Business-Awards-Ceremony-photos rv1,,pdf,Army Department,federal,,army.mil,https://api.army.mil/e2/c/downloads/2025/07/16/7c9953b3/small-business-awards-ceremony-photos-rv1.pdf,likely_public_domain,not checked,,,https://www.amazon.com/s?k=Small-Business-Awards-Ceremony-photos+rv1&i=stripbooks,1,https://www.army.mil/osbp/,"US federal government work: not protected by copyright in the US (17 U.S.C. 105). Contractor- or grantee-written parts and third-party photos or text inside it can still be copyrighted, and the US may claim copyright in other countries, which matters when choosing sales territories."
2026-09-27,yes,2025 Virtual Fall TRIAD Final,,pdf,Army Department,federal,,army.mil,https://api.army.mil/e2/c/downloads/2025/09/23/91fbcbfa/2025-virtual-fall-triad-final.pdf,likely_public_domain,not checked,,,https://www.amazon.com/s?k=2025+Virtual+Fall+TRIAD+Final&i=stripbooks,1,https://www.army.mil/osbp/,"US federal government work: not protected by copyright in the US (17 U.S.C. 105). Contractor- or grantee-written parts and third-party photos or text inside it can still be copyrighted, and the US may claim copyright in other countries, which matters when choosing sales territories."
2026-09-27,yes,Mentor-Protege-Brochure,,pdf,Army Department,federal,,army.mil,https://api.army.mil/e2/c/downloads/2026/08/14/9e013927/mentor-protege-brochure.pdf,likely_public_domain,not checked,,,https://www.amazon.com/s?k=Mentor-Protege-Brochure&i=stripbooks,1,https://www.army.mil/osbp/,"US federal government work: not protected by copyright in the US (17 U.S.C. 105). Contractor- or grantee-written parts and third-party photos or text inside it can still be copyrighted, and the US may claim copyright in other countries, which matters when choosing sales territories."
2026-09-27,yes,How to Do Business with the Army Brochure,,pdf,Army Department,federal,,army.mil,https://api.army.mil/e2/c/downloads/2026/08/14/b5919a23/how-to-do-business-with-the-army-brochure.pdf,likely_public_domain,not checked,,,https://www.amazon.com/s?k=How+to+Do+Business+with+the+Army+Brochure&i=stripbooks,1,https://www.army.mil/osbp/,"US federal government work: not protected by copyright in the US (17 U.S.C. 105). Contractor- or grantee-written parts and third-party photos or text inside it can still be copyrighted, and the US may claim copyright in other countries, which matters when choosing sales territories."
2026-09-27,yes,Army Small Business Offices By State,,pdf,Army Department,federal,,army.mil,https://api.army.mil/e2/c/downloads/2026/07/23/9827ee0c/army-small-business-offices-by-state.pdf,likely_public_domain,not checked,,,https://www.amazon.com/s?k=Army+Small+Business+Offices+By+State&i=stripbooks,1,https://www.army.mil/osbp/,"US federal government work: not protected by copyright in the US (17 U.S.C. 105). Contractor- or grantee-written parts and third-party photos or text inside it can still be copyrighted, and the US may claim copyright in other countries, which matters when choosing sales territories."
2026-09-27,yes,FY25 TOP 5 SMALL BUSINESS NAICS,,pdf,Army Department,federal,,army.mil,https://api.army.mil/e2/c/downloads/2025/09/23/7b932574/fy25-top-5-small-business-naics.pdf,likely_public_domain,not checked,,,https://www.amazon.com/s?k=FY25+TOP+5+SMALL+BUSINESS+NAICS&i=stripbooks,1,https://www.army.mil/osbp/,"US federal government work: not protected by copyright in the US (17 U.S.C. 105). Contractor- or grantee-written parts and third-party photos or text inside it can still be copyrighted, and the US may claim copyright in other countries, which matters when choosing sales territories."
2026-09-27,yes,Army Contracting Achievement 2025 Top FIve NAICS,,pdf,Army Department,federal,,army.mil,https://api.army.mil/e2/c/downloads/2025/09/23/21eb6d44/army-contracting-achievement-2025-top-five-naics.pdf,likely_public_domain,not checked,,,https://www.amazon.com/s?k=Army+Contracting+Achievement+2025+Top+FIve+NAICS&i=stripbooks,1,https://www.army.mil/osbp/,"US federal government work: not protected by copyright in the US (17 U.S.C. 105). Contractor- or grantee-written parts and third-party photos or text inside it can still be copyrighted, and the US may claim copyright in other countries, which matters when choosing sales territories."
2026-09-27,yes,NGB-NAICS-2024,,pdf,Army Department,federal,,army.mil,https://api.army.mil/e2/c/downloads/2025/07/08/3ccea890/ngb-naics-2024.pdf,likely_public_domain,not checked,,,https://www.amazon.com/s?k=NGB-NAICS-2024&i=stripbooks,1,https://www.army.mil/osbp/,"US federal government work: not protected by copyright in the US (17 U.S.C. 105). Contractor- or grantee-written parts and third-party photos or text inside it can still be copyrighted, and the US may claim copyright in other countries, which matters when choosing sales territories."
2026-09-27,yes,MEDCOM-NAICS-2024,,pdf,Army Department,federal,,army.mil,https://api.army.mil/e2/c/downloads/2025/07/08/781ceb04/medcom-naics-2024.pdf,likely_public_domain,not checked,,,https://www.amazon.com/s?k=MEDCOM-NAICS-2024&i=stripbooks,1,https://www.army.mil/osbp/,"US federal government work: not protected by copyright in the US (17 U.S.C. 105). Contractor- or grantee-written parts and third-party photos or text inside it can still be copyrighted, and the US may claim copyright in other countries, which matters when choosing sales territories."
2026-09-27,yes,USACE-NAICS-2024,,pdf,Army Department,federal,,army.mil,https://api.army.mil/e2/c/downloads/2025/07/08/ea513831/usace-naics-2024.pdf,likely_public_domain,not checked,,,https://www.amazon.com/s?k=USACE-NAICS-2024&i=stripbooks,1,https://www.army.mil/osbp/,"US federal government work: not protected by copyright in the US (17 U.S.C. 105). Contractor- or grantee-written parts and third-party photos or text inside it can still be copyrighted, and the US may claim copyright in other countries, which matters when choosing sales territories."
2026-09-27,yes,AMC-NAICS-2024,,pdf,Army Department,federal,,army.mil,https://api.army.mil/e2/c/downloads/2025/07/08/dd0fbe64/amc-naics-2024.pdf,likely_public_domain,not checked,,,https://www.amazon.com/s?k=AMC-NAICS-2024&i=stripbooks,1,https://www.army.mil/osbp/,"US federal government work: not protected by copyright in the US (17 U.S.C. 105). Contractor- or grantee-written parts and third-party photos or text inside it can still be copyrighted, and the US may claim copyright in other countries, which matters when choosing sales territories."
2026-09-27,yes,How to Do Business with the Army,,pdf,Army Department,federal,,army.mil,https://api.army.mil/e2/c/downloads/2026/08/24/54fc48df/how-to-do-business-with-the-army.pdf,likely_public_domain,not checked,,,https://www.amazon.com/s?k=How+to+Do+Business+with+the+Army&i=stripbooks,1,https://www.army.mil/osbp/,"US federal government work: not protected by copyright in the US (17 U.S.C. 105). Contractor- or grantee-written parts and third-party photos or text inside it can still be copyrighted, and the US may claim copyright in other countries, which matters when choosing sales territories."
2026-09-27,yes,AUSA-Save-the-Date-2026,,pdf,Army Department,federal,,army.mil,https://api.army.mil/e2/c/downloads/2026/08/06/f594eea6/ausa-save-the-date-2026.pdf,likely_public_domain,not checked,,,https://www.amazon.com/s?k=AUSA-Save-the-Date-2026&i=stripbooks,1,https://www.army.mil/osbp/,"US federal government work: not protected by copyright in the US (17 U.S.C. 105). Contractor- or grantee-written parts and third-party photos or text inside it can still be copyrighted, and the US may claim copyright in other countries, which matters when choosing sales territories."
2026-09-27,yes,matchmaking-training-2026-1,,pdf,Army Department,federal,,army.mil,https://api.army.mil/e2/c/downloads/2026/09/05/6111c8ab/matchmaking-training-2026-1.pdf,likely_public_domain,not checked,,,https://www.amazon.com/s?k=matchmaking-training-2026-1&i=stripbooks,1,https://www.army.mil/osbp/,"US federal government work: not protected by copyright in the US (17 U.S.C. 105). Contractor- or grantee-written parts and third-party photos or text inside it can still be copyrighted, and the US may claim copyright in other countries, which matters when choosing sales territories."
2026-09-27,yes,413th OSBP brochure,,pdf,Army Department,federal,,army.mil,https://api.army.mil/e2/c/downloads/2026/04/16/575b372d/413th-osbp-brochure.pdf,likely_public_domain,not checked,,,https://www.amazon.com/s?k=413th+OSBP+brochure&i=stripbooks,1,https://www.army.mil/acc/,"US federal government work: not protected by copyright in the US (17 U.S.C. 105). Contractor- or grantee-written parts and third-party photos or text inside it can still be copyrighted, and the US may claim copyright in other countries, which matters when choosing sales territories."
2026-09-27,yes,ACC-RI Fact Sheet,,pdf,Army Department,federal,,army.mil,https://acc.army.mil/files/ACC%20RI%20Fact%20Sheet_FINAL%202021.pdf,likely_public_domain,not checked,,,https://www.amazon.com/s?k=ACC-RI+Fact+Sheet&i=stripbooks,1,https://www.army.mil/acc/,"US federal government work: not protected by copyright in the US (17 U.S.C. 105). Contractor- or grantee-written parts and third-party photos or text inside it can still be copyrighted, and the US may claim copyright in other countries, which matters when choosing sales territories."
2026-09-27,yes,ACC-RSA Fact Sheet,,pdf,Army Department,federal,,army.mil,https://acc.army.mil/contractingcenters/acc-rsa/files/ACC-RSA%20Fact%20Sheet%20MAY%202024.pdf,likely_public_domain,not checked,,,https://www.amazon.com/s?k=ACC-RSA+Fact+Sheet&i=stripbooks,1,https://www.army.mil/acc/,"US federal government work: not protected by copyright in the US (17 U.S.C. 105). Contractor- or grantee-written parts and third-party photos or text inside it can still be copyrighted, and the US may claim copyright in other countries, which matters when choosing sales territories."
2026-09-27,yes,ACC-DTA Fact Sheet,,pdf,Army Department,federal,,army.mil,https://acc.army.mil/contractingcenters/acc-dta/files/ACC-DTA-Factsheet2022.pdf,likely_public_domain,not checked,,,https://www.amazon.com/s?k=ACC-DTA+Fact+Sheet&i=stripbooks,1,https://www.army.mil/acc/,"US federal government work: not protected by copyright in the US (17 U.S.C. 105). Contractor- or grantee-written parts and third-party photos or text inside it can still be copyrighted, and the US may claim copyright in other countries, which matters when choosing sales territories."
2026-09-27,yes,ACC-APG Fact Sheet,,pdf,Army Department,federal,,army.mil,https://acc.army.mil/contractingcenters/acc-apg/files/ACC_APG_FY25FactSheet.pdf,likely_public_domain,not checked,,,https://www.amazon.com/s?k=ACC-APG+Fact+Sheet&i=stripbooks,1,https://www.army.mil/acc/,"US federal government work: not protected by copyright in the US (17 U.S.C. 105). Contractor- or grantee-written parts and third-party photos or text inside it can still be copyrighted, and the US may claim copyright in other countries, which matters when choosing sales territories."
2026-09-27,yes,MICC Fact Sheet,,pdf,Army Department,federal,,army.mil,https://api.army.mil/e2/c/downloads/2026/06/30/29e528c0/final-micc-fact-sheet-1-july-2026.pdf,likely_public_domain,not checked,,,https://www.amazon.com/s?k=MICC+Fact+Sheet&i=stripbooks,1,https://www.army.mil/acc/,"US federal government work: not protected by copyright in the US (17 U.S.C. 105). Contractor- or grantee-written parts and third-party photos or text inside it can still be copyrighted, and the US may claim copyright in other countries, which matters when choosing sales territories."
2026-09-27,yes,ACC Fact Sheet,,pdf,Army Department,federal,,army.mil,https://acc.army.mil/files/ACC_FactSheet_2025_Combined_v04C_min.pdf,likely_public_domain,not checked,,,https://www.amazon.com/s?k=ACC+Fact+Sheet&i=stripbooks,1,https://www.army.mil/acc/,"US federal government work: not protected by copyright in the US (17 U.S.C. 105). Contractor- or grantee-written parts and third-party photos or text inside it can still be copyrighted, and the US may claim copyright in other countries, which matters when choosing sales territories."
2026-09-27,yes,ADVISORY -101st Airborne Division in Market Garden 80,,pdf,Army Department,federal,,army.mil,https://api.army.mil/e2/c/downloads/2024/09/11/9ca61451/advisory-101st-airborne-division-in-market-garden-80.pdf,likely_public_domain,not checked,,,https://www.amazon.com/s?k=ADVISORY+-101st+Airborne+Division+in+Market+Garden+80&i=stripbooks,1,https://www.army.mil/101stairborne/,"US federal government work: not protected by copyright in the US (17 U.S.C. 105). Contractor- or grantee-written parts and third-party photos or text inside it can still be copyrighted, and the US may claim copyright in other countries, which matters when choosing sales territories."
2026-09-27,yes,25-02 Hurricane Helene Response (101 ABN),,pdf,Army Department,federal,,army.mil,https://api.army.mil/e2/c/downloads/2024/10/10/cd39c6e1/25-02-hurricane-helene-response-101-abn.pdf,likely_public_domain,not checked,,,https://www.amazon.com/s?k=25-02+Hurricane+Helene+Response+%28101+ABN%29&i=stripbooks,1,https://www.army.mil/101stairborne/,"US federal government work: not protected by copyright in the US (17 U.S.C. 105). Contractor- or grantee-written parts and third-party photos or text inside it can still be copyrighted, and the US may claim copyright in other countries, which matters when choosing sales territories."
2026-09-27,yes,25-03 Gander Memorial Ceremony,,pdf,Army Department,federal,,army.mil,https://api.army.mil/e2/c/downloads/2025/04/07/99c04b4e/25-03-gander-memorial-ceremony.pdf,likely_public_domain,not checked,,,https://www.amazon.com/s?k=25-03+Gander+Memorial+Ceremony&i=stripbooks,1,https://www.army.mil/101stairborne/,"US federal government work: not protected by copyright in the US (17 U.S.C. 105). Contractor- or grantee-written parts and third-party photos or text inside it can still be copyrighted, and the US may claim copyright in other countries, which matters when choosing sales territories."
2026-09-27,yes,25-04 ADVISORY -101st Airborne Division in Bastogne 80,,pdf,Army Department,federal,,army.mil,https://api.army.mil/e2/c/downloads/2025/04/07/072b5036/25-04-advisory-101st-airborne-division-in-bastogne-80.pdf,likely_public_domain,not checked,,,https://www.amazon.com/s?k=25-04+ADVISORY+-101st+Airborne+Division+in+Bastogne+80&i=stripbooks,1,https://www.army.mil/101stairborne/,"US federal government work: not protected by copyright in the US (17 U.S.C. 105). Contractor- or grantee-written parts and third-party photos or text inside it can still be copyrighted, and the US may claim copyright in other countries, which matters when choosing sales territories."
2026-09-27,yes,25-06 Southern Border Mission,,pdf,Army Department,federal,,army.mil,https://api.army.mil/e2/c/downloads/2025/04/07/a92fc150/25-06-southern-border-mission.pdf,likely_public_domain,not checked,,,https://www.amazon.com/s?k=25-06+Southern+Border+Mission&i=stripbooks,1,https://www.army.mil/101stairborne/,"US federal government work: not protected by copyright in the US (17 U.S.C. 105). Contractor- or grantee-written parts and third-party photos or text inside it can still be copyrighted, and the US may claim copyright in other countries, which matters when choosing sales territories."
2026-09-27,yes,25-07 101 Airborne Div. Exercise and Innovation Media Day 26 Feb,,pdf,Army Department,federal,,army.mil,https://api.army.mil/e2/c/downloads/2025/04/07/13ce8e12/25-07-101-airborne-div-exercise-and-innovation-media-day-26-feb.pdf,likely_public_domain,not checked,,,https://www.amazon.com/s?k=25-07+101+Airborne+Div.+Exercise+and+Innovation+Media+Day+26+Feb&i=stripbooks,1,https://www.army.mil/101stairborne/,"US federal government work: not protected by copyright in the US (17 U.S.C. 105). Contractor- or grantee-written parts and third-party photos or text inside it can still be copyrighted, and the US may claim copyright in other countries, which matters when choosing sales territories."
2026-09-27,yes,25-08 Local Leaders Risk Reduction Workshop,,pdf,Army Department,federal,,army.mil,https://api.army.mil/e2/c/downloads/2025/04/07/97db9870/25-08-local-leaders-risk-reduction-workshop.pdf,likely_public_domain,not checked,,,https://www.amazon.com/s?k=25-08+Local+Leaders+Risk+Reduction+Workshop&i=stripbooks,1,https://www.army.mil/101stairborne/,"US federal government work: not protected by copyright in the US (17 U.S.C. 105). Contractor- or grantee-written parts and third-party photos or text inside it can still be copyrighted, and the US may claim copyright in other countries, which matters when choosing sales territories."
2026-09-27,yes,25-09 Southern Border Mission,,pdf,Army Department,federal,,army.mil,https://api.army.mil/e2/c/downloads/2025/04/07/d0626826/25-09-southern-border-mission.pdf,likely_public_domain,not checked,,,https://www.amazon.com/s?k=25-09+Southern+Border+Mission&i=stripbooks,1,https://www.army.mil/101stairborne/,"US federal government work: not protected by copyright in the US (17 U.S.C. 105). Contractor- or grantee-written parts and third-party photos or text inside it can still be copyrighted, and the US may claim copyright in other countries, which matters when choosing sales territories."
2026-09-27,yes,25-11 3MBDE Change of Command_mm,,pdf,Army Department,federal,,army.mil,https://api.army.mil/e2/c/downloads/2025/04/07/0961a039/25-11-3mbde-change-of-command-mm.pdf,likely_public_domain,not checked,,,https://www.amazon.com/s?k=25-11+3MBDE+Change+of+Command_mm&i=stripbooks,1,https://www.army.mil/101stairborne/,"US federal government work: not protected by copyright in the US (17 U.S.C. 105). Contractor- or grantee-written parts and third-party photos or text inside it can still be copyrighted, and the US may claim copyright in other countries, which matters when choosing sales territories."
2026-09-27,yes,25-12 101st Airborne Div. Community Notification for Military Traffic,,pdf,Army Department,federal,,army.mil,https://api.army.mil/e2/c/downloads/2025/06/12/0eedd09a/25-12-101st-airborne-div-community-notification-for-military-traffic.pdf,likely_public_domain,not checked,,,https://www.amazon.com/s?k=25-12+101st+Airborne+Div.+Community+Notification+for+Military+Traffic&i=stripbooks,1,https://www.army.mil/101stairborne/,"US federal government work: not protected by copyright in the US (17 U.S.C. 105). Contractor- or grantee-written parts and third-party photos or text inside it can still be copyrighted, and the US may claim copyright in other countries, which matters when choosing sales territories."
2026-09-27,yes,25-13-1 101st Airborne Division (Air Assault) Media Advisory. Media Advisory,,pdf,Army Department,federal,,army.mil,https://api.army.mil/e2/c/downloads/2025/06/12/7fdd071c/25-13-1-101st-airborne-division-air-assault-media-advisory.pdf,likely_public_domain,not checked,,,https://www.amazon.com/s?k=25-13-1+101st+Airborne+Division+%28Air+Assault%29+Media+Advisory.+Media+Advisory&i=stripbooks,1,https://www.army.mil/101stairborne/,"US federal government work: not protected by copyright in the US (17 U.S.C. 105). Contractor- or grantee-written parts and third-party photos or text inside it can still be copyrighted, and the US may claim copyright in other countries, which matters when choosing sales territories."
2026-09-27,yes,25-15 Advisory - 101st Airborne Change of Command,,pdf,Army Department,federal,,army.mil,https://api.army.mil/e2/c/downloads/2025/06/12/ef2b71a8/25-15-advisory-101st-airborne-change-of-command.pdf,likely_public_domain,not checked,,,https://www.amazon.com/s?k=25-15+Advisory+-+101st+Airborne+Change+of+Command&i=stripbooks,1,https://www.army.mil/101stairborne/,"US federal government work: not protected by copyright in the US (17 U.S.C. 105). Contractor- or grantee-written parts and third-party photos or text inside it can still be copyrighted, and the US may claim copyright in other countries, which matters when choosing sales territories."
2026-09-27,yes,25-17 Army Birthday and Week of the Eagles,,pdf,Army Department,federal,,army.mil,https://api.army.mil/e2/c/downloads/2025/06/12/b2a22ca3/25-17-army-birthday-and-week-of-the-eagles.pdf,likely_public_domain,not checked,,,https://www.amazon.com/s?k=25-17+Army+Birthday+and+Week+of+the+Eagles&i=stripbooks,1,https://www.army.mil/101stairborne/,"US federal government work: not protected by copyright in the US (17 U.S.C. 105). Contractor- or grantee-written parts and third-party photos or text inside it can still be copyrighted, and the US may claim copyright in other countries, which matters when choosing sales territories."
2026-09-27,yes,25-18 Soldier Death in Hungary,,pdf,Army Department,federal,,army.mil,https://api.army.mil/e2/c/downloads/2025/06/12/2099dea1/25-18-soldier-death-in-hungary.pdf,likely_public_domain,not checked,,,https://www.amazon.com/s?k=25-18+Soldier+Death+in+Hungary&i=stripbooks,1,https://www.army.mil/101stairborne/,"US federal government work: not protected by copyright in the US (17 U.S.C. 105). Contractor- or grantee-written parts and third-party photos or text inside it can still be copyrighted, and the US may claim copyright in other countries, which matters when choosing sales territories."
2026-09-27,yes,25-19 Fort Campbell Supports Army Birthday Parade,,pdf,Army Department,federal,,army.mil,https://api.army.mil/e2/c/downloads/2025/06/12/a208b7f2/25-19-fort-campbell-supports-army-birthday-parade.pdf,likely_public_domain,not checked,,,https://www.amazon.com/s?k=25-19+Fort+Campbell+Supports+Army+Birthday+Parade&i=stripbooks,1,https://www.army.mil/101stairborne/,"US federal government work: not protected by copyright in the US (17 U.S.C. 105). Contractor- or grantee-written parts and third-party photos or text inside it can still be copyrighted, and the US may claim copyright in other countries, which matters when choosing sales territories."
2026-09-27,yes,25-20 Helicopter Training Incident,,pdf,Army Department,federal,,army.mil,https://api.army.mil/e2/c/downloads/2025/06/12/2d17717e/25-20-helicopter-training-incident.pdf,likely_public_domain,not checked,,,https://www.amazon.com/s?k=25-20+Helicopter+Training+Incident&i=stripbooks,1,https://www.army.mil/101stairborne/,"US federal government work: not protected by copyright in the US (17 U.S.C. 105). Contractor- or grantee-written parts and third-party photos or text inside it can still be copyrighted, and the US may claim copyright in other countries, which matters when choosing sales territories."
2026-09-27,yes,25-21 Helicopter Training Incident - Follow-up,,pdf,Army Department,federal,,army.mil,https://api.army.mil/e2/c/downloads/2025/06/13/2b8e5949/25-21-helicopter-training-incident-follow-up.pdf,likely_public_domain,not checked,,,https://www.amazon.com/s?k=25-21+Helicopter+Training+Incident+-+Follow-up&i=stripbooks,1,https://www.army.mil/101stairborne/,"US federal government work: not protected by copyright in the US (17 U.S.C. 105). Contractor- or grantee-written parts and third-party photos or text inside it can still be copyrighted, and the US may claim copyright in other countries, which matters when choosing sales territories."
2026-09-27,yes,26-01 RAID_ABE_Announcement,,pdf,Army Department,federal,,army.mil,https://api.army.mil/e2/c/downloads/2026/03/12/8ec1cc98/26-01-raid-abe-announcement.pdf,likely_public_domain,not checked,,,https://www.amazon.com/s?k=26-01+RAID_ABE_Announcement&i=stripbooks,1,https://www.army.mil/101stairborne/,"US federal government work: not protected by copyright in the US (17 U.S.C. 105). Contractor- or grantee-written parts and third-party photos or text inside it can still be copyrighted, and the US may claim copyright in other countries, which matters when choosing sales territories."
2026-09-27,yes,26-02 2MBCT Soldier death at JMRC,,pdf,Army Department,federal,,army.mil,https://api.army.mil/e2/c/downloads/2026/03/12/6366c5e4/26-02-2mbct-soldier-death-at-jmrc.pdf,likely_public_domain,not checked,,,https://www.amazon.com/s?k=26-02+2MBCT+Soldier+death+at+JMRC&i=stripbooks,1,https://www.army.mil/101stairborne/,"US federal government work: not protected by copyright in the US (17 U.S.C. 105). Contractor- or grantee-written parts and third-party photos or text inside it can still be copyrighted, and the US may claim copyright in other countries, which matters when choosing sales territories."
2026-09-27,yes,26-03 Operation Lethal Eagle 26.1,,pdf,Army Department,federal,,army.mil,https://api.army.mil/e2/c/downloads/2026/03/12/a303a7e0/26-03-operation-lethal-eagle-26-1.pdf,likely_public_domain,not checked,,,https://www.amazon.com/s?k=26-03+Operation+Lethal+Eagle+26.1&i=stripbooks,1,https://www.army.mil/101stairborne/,"US federal government work: not protected by copyright in the US (17 U.S.C. 105). Contractor- or grantee-written parts and third-party photos or text inside it can still be copyrighted, and the US may claim copyright in other countries, which matters when choosing sales territories."
2026-09-27,yes,26-04 Tennessee Wings of Liberty Museum Opening and Week of the Eagles,,pdf,Army Department,federal,,army.mil,https://api.army.mil/e2/c/downloads/2026/03/12/98911bfa/26-04-tennessee-wings-of-liberty-museum-opening-and-week-of-the-eagles.pdf,likely_public_domain,not checked,,,https://www.amazon.com/s?k=26-04+Tennessee+Wings+of+Liberty+Museum+Opening+and+Week+of+the+Eagles&i=stripbooks,1,https://www.army.mil/101stairborne/,"US federal government work: not protected by copyright in the US (17 U.S.C. 105). Contractor- or grantee-written parts and third-party photos or text inside it can still be copyrighted, and the US may claim copyright in other countries, which matters when choosing sales territories."
2026-09-27,yes,26-05 Div. Change of Responsibility,,pdf,Army Department,federal,,army.mil,https://api.army.mil/e2/c/downloads/2026/03/12/95c38001/26-05-div-change-of-responsibility.pdf,likely_public_domain,not checked,,,https://www.amazon.com/s?k=26-05+Div.+Change+of+Responsibility&i=stripbooks,1,https://www.army.mil/101stairborne/,"US federal government work: not protected by copyright in the US (17 U.S.C. 105). Contractor- or grantee-written parts and third-party photos or text inside it can still be copyrighted, and the US may claim copyright in other countries, which matters when choosing sales territories."
2026-09-27,yes,26-06 Div. Fort Campbell Drone Theft,,pdf,Army Department,federal,,army.mil,https://api.army.mil/e2/c/downloads/2026/03/12/d764b1c7/26-06-div-fort-campbell-drone-theft.pdf,likely_public_domain,not checked,,,https://www.amazon.com/s?k=26-06+Div.+Fort+Campbell+Drone+Theft&i=stripbooks,1,https://www.army.mil/101stairborne/,"US federal government work: not protected by copyright in the US (17 U.S.C. 105). Contractor- or grantee-written parts and third-party photos or text inside it can still be copyrighted, and the US may claim copyright in other countries, which matters when choosing sales territories."
2026-09-27,yes,26-07 Fort Campbell Distinguished Visitor Flight,,pdf,Army Department,federal,,army.mil,https://api.army.mil/e2/c/downloads/2026/05/21/41748662/26-07-fort-campbell-distinguished-visitor-flight.pdf,likely_public_domain,not checked,,,https://www.amazon.com/s?k=26-07+Fort+Campbell+Distinguished+Visitor+Flight&i=stripbooks,1,https://www.army.mil/101stairborne/,"US federal government work: not protected by copyright in the US (17 U.S.C. 105). Contractor- or grantee-written parts and third-party photos or text inside it can still be copyrighted, and the US may claim copyright in other countries, which matters when choosing sales territories."
2026-09-27,yes,26-08 Fort Campbell Reenlistment and Purple Heart Ceremony,,pdf,Army Department,federal,,army.mil,https://api.army.mil/e2/c/downloads/2026/05/21/e563526f/26-08-fort-campbell-reenlistment-and-purple-heart-ceremony.pdf,likely_public_domain,not checked,,,https://www.amazon.com/s?k=26-08+Fort+Campbell+Reenlistment+and+Purple+Heart+Ceremony&i=stripbooks,1,https://www.army.mil/101stairborne/,"US federal government work: not protected by copyright in the US (17 U.S.C. 105). Contractor- or grantee-written parts and third-party photos or text inside it can still be copyrighted, and the US may claim copyright in other countries, which matters when choosing sales territories."
2026-09-27,yes,26-09 101st Airborne Division Partners with BattleLab 26.2 Technology Experimentation Event,,pdf,Army Department,federal,,army.mil,https://api.army.mil/e2/c/downloads/2026/05/21/7850416d/26-09-101st-airborne-division-partners-with-battlelab-26-2-technology-experimentation-event.pdf,likely_public_domain,not checked,,,https://www.amazon.com/s?k=26-09+101st+Airborne+Division+Partners+with+BattleLab+26.2+Technology+Experimentation+Event&i=stripbooks,1,https://www.army.mil/101stairborne/,"US federal government work: not protected by copyright in the US (17 U.S.C. 105). Contractor- or grantee-written parts and third-party photos or text inside it can still be copyrighted, and the US may claim copyright in other countries, which matters when choosing sales territories."
2026-09-27,yes,26-10 U.S. Army Announces Upcoming Rotation of Forces to the Southern Border,,pdf,Army Department,federal,,army.mil,https://api.army.mil/e2/c/downloads/2026/06/02/caddae3a/26-10-u-s-army-announces-upcoming-rotation-of-forces-to-the-southern-border.pdf,likely_public_domain,not checked,,,https://www.amazon.com/s?k=26-10+U.S.+Army+Announces+Upcoming+Rotation+of+Forces+to+the+Southern+Border&i=stripbooks,1,https://www.army.mil/101stairborne/,"US federal government work: not protected by copyright in the US (17 U.S.C. 105). Contractor- or grantee-written parts and third-party photos or text inside it can still be copyrighted, and the US may claim copyright in other countries, which matters when choosing sales territories."
2026-09-27,yes,26-11_101st Combat Aviation Brigade to Hold Change of Command Ceremony,,pdf,Army Department,federal,,army.mil,https://api.army.mil/e2/c/downloads/2026/07/02/3168e3c8/26-11-101st-combat-aviation-brigade-to-hold-change-of-command-ceremony.pdf,likely_public_domain,not checked,,,https://www.amazon.com/s?k=26-11_101st+Combat+Aviation+Brigade+to+Hold+Change+of+Command+Ceremony&i=stripbooks,1,https://www.army.mil/101stairborne/,"US federal government work: not protected by copyright in the US (17 U.S.C. 105). Contractor- or grantee-written parts and third-party photos or text inside it can still be copyrighted, and the US may claim copyright in other countries, which matters when choosing sales territories."
2026-09-27,yes,26-12 101st Airborne Division Soldiers to Receive Purple Hearts for 2003 Kuwait Attack,,pdf,Army Department,federal,,army.mil,https://api.army.mil/e2/c/downloads/2026/07/14/a74dbb2e/26-12-101st-airborne-division-soldiers-to-receive-purple-hearts-for-2003-kuwait-attack.pdf,likely_public_domain,not checked,,,https://www.amazon.com/s?k=26-12+101st+Airborne+Division+Soldiers+to+Receive+Purple+Hearts+for+2003+Kuwait&i=stripbooks,1,https://www.army.mil/101stairborne/,"US federal government work: not protected by copyright in the US (17 U.S.C. 105). Contractor- or grantee-written parts and third-party photos or text inside it can still be copyrighted, and the US may claim copyright in other countries, which matters when choosing sales territories."
2026-09-27,yes,https://www.army.mil/e2/downloads/rv7/socialmedia/user_terms_of_agreement,,pdf,Army Department,federal,,army.mil,https://www.army.mil/e2/downloads/rv7/socialmedia/user_terms_of_agreement.pdf,likely_public_domain,not checked,,,https://www.amazon.com/s?k=https%3A%2F%2Fwww.army.mil%2Fe2%2Fdownloads%2Frv7%2Fsocialmedia%2Fuser_terms_of_agreement&i=stripbooks,1,https://www.army.mil/38ADA,"US federal government work: not protected by copyright in the US (17 U.S.C. 105). Contractor- or grantee-written parts and third-party photos or text inside it can still be copyrighted, and the US may claim copyright in other countries, which matters when choosing sales territories."
2026-09-27,yes,ARMY REGULATION 600-20,,pdf,Army Department,federal,,army.mil,https://8tharmy.korea.army.mil/19esc/downloads/AR_600_20.pdf,likely_public_domain,not checked,,,https://www.amazon.com/s?k=ARMY+REGULATION+600-20&i=stripbooks,1,https://www.army.mil/19thESC,"US federal government work: not protected by copyright in the US (17 U.S.C. 105). Contractor- or grantee-written parts and third-party photos or text inside it can still be copyrighted, and the US may claim copyright in other countries, which matters when choosing sales territories."
2026-09-27,yes,TLA-Approved Hotels & TLA Rates,,pdf,Army Department,federal,,army.mil,https://home.army.mil/hawaii/5517/2979/7328/ARMY_TLA_APPROVED_HOTELS_LISTMAY2024.pdf,likely_public_domain,not checked,,,https://www.amazon.com/s?k=TLA-Approved+Hotels+%26+TLA+Rates&i=stripbooks,1,https://www.army.mil/8thtsc,"US federal government work: not protected by copyright in the US (17 U.S.C. 105). Contractor- or grantee-written parts and third-party photos or text inside it can still be copyrighted, and the US may claim copyright in other countries, which matters when choosing sales territories."
2026-09-27,yes,Map to the below key locations,,pdf,Army Department,federal,,army.mil,https://home.army.mil/hawaii/4116/6010/7946/InProcessing-CommonPlaces.pdf,likely_public_domain,not checked,,,https://www.amazon.com/s?k=Map+to+the+below+key+locations&i=stripbooks,1,https://www.army.mil/8thtsc,"US federal government work: not protected by copyright in the US (17 U.S.C. 105). Contractor- or grantee-written parts and third-party photos or text inside it can still be copyrighted, and the US may claim copyright in other countries, which matters when choosing sales territories."
2026-09-27,yes,bio csm richter dcsm,,pdf,Army Department,federal,,army.mil,https://api.army.mil/e2/c/downloads/2026/09/02/ed5eb2c7/bio-csm-richter-dcsm.pdf,likely_public_domain,not checked,,,https://www.amazon.com/s?k=bio+csm+richter+dcsm&i=stripbooks,1,https://www.army.mil/7thid/,"US federal government work: not protected by copyright in the US (17 U.S.C. 105). Contractor- or grantee-written parts and third-party photos or text inside it can still be copyrighted, and the US may claim copyright in other countries, which matters when choosing sales territories."
2026-09-27,yes,mg harrington mdc pac cg bio 2,,pdf,Army Department,federal,,army.mil,https://api.army.mil/e2/c/downloads/2026/03/11/f1ecabdf/mg-harrington-mdc-pac-cg-bio-2.pdf,likely_public_domain,not checked,,,https://www.amazon.com/s?k=mg+harrington+mdc+pac+cg+bio+2&i=stripbooks,1,https://www.army.mil/7thid/,"US federal government work: not protected by copyright in the US (17 U.S.C. 105). Contractor- or grantee-written parts and third-party photos or text inside it can still be copyrighted, and the US may claim copyright in other countries, which matters when choosing sales territories."
2026-09-27,yes,Army Cadet Song Download Poster,,pdf,Army Department,federal,,army.mil,https://www.army.mil/e2/downloads/rv7/values/posters/cadet.pdf,likely_public_domain,not checked,,,https://www.amazon.com/s?k=Army+Cadet+Song+Download+Poster&i=stripbooks,1,https://www.army.mil/values/cadet.html,"US federal government work: not protected by copyright in the US (17 U.S.C. 105). Contractor- or grantee-written parts and third-party photos or text inside it can still be copyrighted, and the US may claim copyright in other countries, which matters when choosing sales territories."
2026-09-27,yes,Oath of Enlistment Download Poster,,pdf,Army Department,federal,,army.mil,https://www.army.mil/e2/downloads/rv7/values/posters/enlistment.pdf,likely_public_domain,not checked,,,https://www.amazon.com/s?k=Oath+of+Enlistment+Download+Poster&i=stripbooks,1,https://www.army.mil/values/oath.html,"US federal government work: not protected by copyright in the US (17 U.S.C. 105). Contractor- or grantee-written parts and third-party photos or text inside it can still be copyrighted, and the US may claim copyright in other countries, which matters when choosing sales territories."
2026-09-27,yes,Army Song Download Lyric Poster,,pdf,Army Department,federal,,army.mil,https://www.army.mil/e2/downloads/rv7/values/posters/song.pdf,likely_public_domain,not checked,,,https://www.amazon.com/s?k=Army+Song+Download+Lyric+Poster&i=stripbooks,1,https://www.army.mil/values/song.html,"US federal government work: not protected by copyright in the US (17 U.S.C. 105). Contractor- or grantee-written parts and third-party photos or text inside it can still be copyrighted, and the US may claim copyright in other countries, which matters when choosing sales territories."
2026-09-27,yes,Ranger Creed Download Poster,,pdf,Army Department,federal,,army.mil,https://www.army.mil/e2/downloads/rv7/values/posters/ranger.pdf,likely_public_domain,not checked,,,https://www.amazon.com/s?k=Ranger+Creed+Download+Poster&i=stripbooks,1,https://www.army.mil/values/ranger.html,"US federal government work: not protected by copyright in the US (17 U.S.C. 105). Contractor- or grantee-written parts and third-party photos or text inside it can still be copyrighted, and the US may claim copyright in other countries, which matters when choosing sales territories."
2026-09-27,yes,NCO Creed Download Poster,,pdf,Army Department,federal,,army.mil,https://www.army.mil/e2/downloads/rv7/values/posters/nco.pdf,likely_public_domain,not checked,,,https://www.amazon.com/s?k=NCO+Creed+Download+Poster&i=stripbooks,1,https://www.army.mil/values/nco.html,"US federal government work: not protected by copyright in the US (17 U.S.C. 105). Contractor- or grantee-written parts and third-party photos or text inside it can still be copyrighted, and the US may claim copyright in other countries, which matters when choosing sales territories."
2026-09-27,yes,Soldier’s Creed Download Poster,,pdf,Army Department,federal,,army.mil,https://www.army.mil/e2/downloads/rv7/values/posters/creed.pdf,likely_public_domain,not checked,,,https://www.amazon.com/s?k=Soldier%E2%80%99s+Creed+Download+Poster&i=stripbooks,1,https://www.army.mil/values/soldiers.html,"US federal government work: not protected by copyright in the US (17 U.S.C. 105). Contractor- or grantee-written parts and third-party photos or text inside it can still be copyrighted, and the US may claim copyright in other countries, which matters when choosing sales territories."
2026-09-27,yes,Warrior Ethos Download Poster,,pdf,Army Department,federal,,army.mil,https://www.army.mil/e2/downloads/rv7/values/posters/warrior.pdf,likely_public_domain,not checked,,,https://www.amazon.com/s?k=Warrior+Ethos+Download+Poster&i=stripbooks,1,https://www.army.mil/values/warrior.html,"US federal government work: not protected by copyright in the US (17 U.S.C. 105). Contractor- or grantee-written parts and third-party photos or text inside it can still be copyrighted, and the US may claim copyright in other countries, which matters when choosing sales territories."
2026-09-27,yes,2026-27 Standard Operating Procedure,,pdf,Army Department,federal,,army.mil,https://www.army.mil/e2/downloads/rv7/klw/admin/2026-27_klw_sop.pdf,likely_public_domain,not checked,,,https://www.amazon.com/s?k=2026-27+Standard+Operating+Procedure&i=stripbooks,1,https://www.army.mil/klw/,"US federal government work: not protected by copyright in the US (17 U.S.C. 105). Contractor- or grantee-written parts and third-party photos or text inside it can still be copyrighted, and the US may claim copyright in other countries, which matters when choosing sales territories."
2026-09-27,yes,Hire a Soldier Magazine - Issue 4,,pdf,Army Department,federal,,army.mil,https://api.army.mil/e2/c/downloads/2022/07/22/0bc16012/hire-a-soldier-magazine-issue-4.pdf,likely_public_domain,not checked,,,https://www.amazon.com/s?k=Hire+a+Soldier+Magazine+-+Issue+4&i=stripbooks,1,https://www.army.mil/asamra,"US federal government work: not protected by copyright in the US (17 U.S.C. 105). Contractor- or grantee-written parts and third-party photos or text inside it can still be copyrighted, and the US may claim copyright in other countries, which matters when choosing sales territories."
2026-09-27,yes,Hire a Soldier Magazine - Issue 3,,pdf,Army Department,federal,,army.mil,https://core.us.army.mil/e2/c/downloads/2020/03/26/9dc56ea8/hire-a-soldier-magazine-issue-3.pdf,likely_public_domain,not checked,,,https://www.amazon.com/s?k=Hire+a+Soldier+Magazine+-+Issue+3&i=stripbooks,1,https://www.army.mil/asamra,"US federal government work: not protected by copyright in the US (17 U.S.C. 105). Contractor- or grantee-written parts and third-party photos or text inside it can still be copyrighted, and the US may claim copyright in other countries, which matters when choosing sales territories."
2026-09-27,yes,Hire a Soldier Magazine - Issue 2,,pdf,Army Department,federal,,army.mil,https://www.army.mil/e2/c/downloads/559688.pdf,likely_public_domain,not checked,,,https://www.amazon.com/s?k=Hire+a+Soldier+Magazine+-+Issue+2&i=stripbooks,1,https://www.army.mil/asamra,"US federal government work: not protected by copyright in the US (17 U.S.C. 105). Contractor- or grantee-written parts and third-party photos or text inside it can still be copyrighted, and the US may claim copyright in other countries, which matters when choosing sales territories."
2026-09-27,yes,AFAR Subpart 5107.5 - Inherently Governmental Functions,,pdf,Army Department,federal,,army.mil,https://api.army.mil/e2/c/downloads/2023/08/23/2065e63b/afars-subpart-5107-5-inherently-governmental-functions.pdf,likely_public_domain,not checked,,,https://www.amazon.com/s?k=AFAR+Subpart+5107.5+-+Inherently+Governmental+Functions&i=stripbooks,1,https://www.army.mil/asamra,"US federal government work: not protected by copyright in the US (17 U.S.C. 105). Contractor- or grantee-written parts and third-party photos or text inside it can still be copyrighted, and the US may claim copyright in other countries, which matters when choosing sales territories."
2026-09-27,yes,FAR Subpart 7.5(d) Examples of Functions Closely Related to Inherently Governmental Functions,,pdf,Army Department,federal,,army.mil,https://api.army.mil/e2/c/downloads/2023/08/23/46899905/far-7-5-d-examples-of-functions-closely-related-to-inherently-governmental-functions.pdf,likely_public_domain,not checked,,,https://www.amazon.com/s?k=FAR+Subpart+7.5%28d%29+Examples+of+Functions+Closely+Related+to+Inherently+Governmental+Functions&i=stripbooks,1,https://www.army.mil/asamra,"US federal government work: not protected by copyright in the US (17 U.S.C. 105). Contractor- or grantee-written parts and third-party photos or text inside it can still be copyrighted, and the US may claim copyright in other countries, which matters when choosing sales territories."
2026-09-27,yes,FAR Subpart 7.5(c) Examples of Inherently Governmental Functions,,pdf,Army Department,federal,,army.mil,https://api.army.mil/e2/c/downloads/2023/08/23/bc788abe/far-7-5-c-examples-of-inherently-governmental-functions.pdf,likely_public_domain,not checked,,,https://www.amazon.com/s?k=FAR+Subpart+7.5%28c%29+Examples+of+Inherently+Governmental+Functions&i=stripbooks,1,https://www.army.mil/asamra,"US federal government work: not protected by copyright in the US (17 U.S.C. 105). Contractor- or grantee-written parts and third-party photos or text inside it can still be copyrighted, and the US may claim copyright in other countries, which matters when choosing sales territories."
2026-09-27,yes,June 2025 RSCA,,pdf,Army Department,federal,,army.mil,https://api.army.mil/e2/c/downloads/2025/07/16/e0bc9394/june-2025-rsca-006-007-final.pdf,likely_public_domain,not checked,,,https://www.amazon.com/s?k=June+2025+RSCA&i=stripbooks,1,https://www.army.mil/asamra,"US federal government work: not protected by copyright in the US (17 U.S.C. 105). Contractor- or grantee-written parts and third-party photos or text inside it can still be copyrighted, and the US may claim copyright in other countries, which matters when choosing sales territories."
2026-09-27,yes,Prevention Resources - Information Sheet,,pdf,Army Department,federal,,army.mil,https://api.army.mil/e2/c/downloads/2024/03/18/212c548b/personal-resources-information-sheet-final.pdf,likely_public_domain,not checked,,,https://www.amazon.com/s?k=Prevention+Resources+-+Information+Sheet&i=stripbooks,1,https://www.army.mil/asamra,"US federal government work: not protected by copyright in the US (17 U.S.C. 105). Contractor- or grantee-written parts and third-party photos or text inside it can still be copyrighted, and the US may claim copyright in other countries, which matters when choosing sales territories."
2026-09-27,yes,ASA ORG CHARTv1. ORG CHART,,pdf,Army Department,federal,,army.mil,https://api.army.mil/e2/c/downloads/2026/06/24/e9fd6685/asa-org-chartv1.pdf,likely_public_domain,not checked,,,https://www.amazon.com/s?k=ASA+ORG+CHARTv1.+ORG+CHART&i=stripbooks,1,https://www.army.mil/asamra,"US federal government work: not protected by copyright in the US (17 U.S.C. 105). Contractor- or grantee-written parts and third-party photos or text inside it can still be copyrighted, and the US may claim copyright in other countries, which matters when choosing sales territories."
2026-09-27,yes,Issue 11 - In The Loop Spring 2021,,pdf,Army Department,federal,,army.mil,https://api.army.mil/e2/c/downloads/2021/07/12/f57a0491/issue-11-in-the-loop-spring-2021.pdf,likely_public_domain,not checked,,,https://www.amazon.com/s?k=Issue+11+-+In+The+Loop+Spring+2021&i=stripbooks,1,https://www.army.mil/article/248374/in_the_loop,"US federal government work: not protected by copyright in the US (17 U.S.C. 105). Contractor- or grantee-written parts and third-party photos or text inside it can still be copyrighted, and the US may claim copyright in other countries, which matters when choosing sales territories."
2026-09-27,yes,Issue 12 - In The Loop Summer 2021,,pdf,Army Department,federal,,army.mil,https://api.army.mil/e2/c/downloads/2021/09/27/27eb669a/issue-12-in-the-loop-summer-2021.pdf,likely_public_domain,not checked,,,https://www.amazon.com/s?k=Issue+12+-+In+The+Loop+Summer+2021&i=stripbooks,1,https://www.army.mil/article/248374/in_the_loop,"US federal government work: not protected by copyright in the US (17 U.S.C. 105). Contractor- or grantee-written parts and third-party photos or text inside it can still be copyrighted, and the US may claim copyright in other countries, which matters when choosing sales territories."
2026-09-27,yes,Issue 13 - In The Loop Fall 2021,,pdf,Army Department,federal,,army.mil,https://api.army.mil/e2/c/downloads/2022/04/06/be3e4921/issue-13-in-the-loop-fall-2021.pdf,likely_public_domain,not checked,,,https://www.amazon.com/s?k=Issue+13+-+In+The+Loop+Fall+2021&i=stripbooks,1,https://www.army.mil/article/248374/in_the_loop,"US federal government work: not protected by copyright in the US (17 U.S.C. 105). Contractor- or grantee-written parts and third-party photos or text inside it can still be copyrighted, and the US may claim copyright in other countries, which matters when choosing sales territories."
2026-09-27,yes,Issue 14 - In The Loop Winter 2022,,pdf,Army Department,federal,,army.mil,https://api.army.mil/e2/c/downloads/2022/04/06/37931000/issue-14-in-the-loop-winter-2022.pdf,likely_public_domain,not checked,,,https://www.amazon.com/s?k=Issue+14+-+In+The+Loop+Winter+2022&i=stripbooks,1,https://www.army.mil/article/248374/in_the_loop,"US federal government work: not protected by copyright in the US (17 U.S.C. 105). Contractor- or grantee-written parts and third-party photos or text inside it can still be copyrighted, and the US may claim copyright in other countries, which matters when choosing sales territories."
2026-09-27,yes,CWI Brief 22 Jan 2025,,pdf,Army Department,federal,,army.mil,https://api.army.mil/e2/c/downloads/2025/01/28/e851d94a/cwi-brief-22-jan-2025.pdf,likely_public_domain,not checked,,,https://www.amazon.com/s?k=CWI+Brief+22+Jan+2025&i=stripbooks,1,https://www.army.mil/article/282735/conversations_with_industry,"US federal government work: not protected by copyright in the US (17 U.S.C. 105). Contractor- or grantee-written parts and third-party photos or text inside it can still be copyrighted, and the US may claim copyright in other countries, which matters when choosing sales territories."
